
****** Vivado v2023.2 (64-bit)
  **** SW Build 4029153 on Fri Oct 13 20:13:54 MDT 2023
  **** IP Build 4028589 on Sat Oct 14 00:45:43 MDT 2023
  **** SharedData Build 4025554 on Tue Oct 10 17:18:54 MDT 2023
    ** Copyright 1986-2022 Xilinx, Inc. All Rights Reserved.
    ** Copyright 2022-2023 Advanced Micro Devices, Inc. All Rights Reserved.

source system_project.tcl
# source ../../../scripts/adi_env.tcl
## set ad_hdl_dir [file normalize [file join [file dirname [info script]] "../"]]
## if [info exists ::env(ADI_HDL_DIR)] {
##   set ad_hdl_dir [file normalize $::env(ADI_HDL_DIR)]
## }
## if [info exists ::env(ADI_GHDL_DIR)] {
##   set ad_ghdl_dir [file normalize $::env(ADI_GHDL_DIR)]
## }
## set required_vivado_version "2023.2"
## if {[info exists ::env(REQUIRED_VIVADO_VERSION)]} {
##   set required_vivado_version $::env(REQUIRED_VIVADO_VERSION)
## } elseif {[info exists REQUIRED_VIVADO_VERSION]} {
##   set required_vivado_version $REQUIRED_VIVADO_VERSION
## }
## if {[info exists ::env(ADI_IGNORE_VERSION_CHECK)]} {
##   set IGNORE_VERSION_CHECK 1
## } elseif {![info exists IGNORE_VERSION_CHECK]} {
##   set IGNORE_VERSION_CHECK 0
## }
## if {![info exists REQUIRED_QUARTUS_VERSION]} {
##   set REQUIRED_QUARTUS_VERSION "23.2.0"
## }
## set required_lattice_version "2023.2"
## if {[info exists ::env(REQUIRED_LATTICE_VERSION)]} {
##   set required_lattice_version $::env(REQUIRED_LATTICE_VERSION)
## } elseif {[info exists REQUIRED_LATTICE_VERSION]} {
##   set required_lattice_version $REQUIRED_LATTICE_VERSION
## }
## proc get_env_param {name default_value} {
##   if [info exists ::env($name)] {
##     puts "Getting from environment the parameter: $name=$::env($name) "
##     return $::env($name)
##   } else {
##     return $default_value
##   }
## }
# source $ad_hdl_dir/projects/scripts/adi_project_xilinx.tcl
## if {[info exists ::env(ADI_USE_OOC_SYNTHESIS)]} {
##   if {[string equal $::env(ADI_USE_OOC_SYNTHESIS) n]} {
##      set ADI_USE_OOC_SYNTHESIS 0
##   } else {
##      set ADI_USE_OOC_SYNTHESIS 1
##   }
## } elseif {![info exists ADI_USE_OOC_SYNTHESIS]} {
##    set ADI_USE_OOC_SYNTHESIS 1
## }
## if {![info exists ::env(ADI_MAX_OOC_JOBS)]} {
##   set ADI_MAX_OOC_JOBS 4
## } else {
##   set ADI_MAX_OOC_JOBS $::env(ADI_MAX_OOC_JOBS)
## }
## set ADI_USE_INCR_COMP 1
## set ADI_POWER_OPTIMIZATION 0
## set p_board "not-applicable"
## set p_device "none"
## set sys_zynq 1
## set p_prcfg_init ""
## set p_prcfg_list ""
## set p_prcfg_status ""
## proc adi_project {project_name {mode 0} {parameter_list {}} } {
## 
##   set device ""
##   set board ""
## 
##   # Determine the device based on the board name
##   if [regexp "_ac701" $project_name] {
##     set device "xc7a200tfbg676-2"
##     set board [lindex [lsearch -all -inline [get_board_parts] *ac701*] end]
##   }
##   if [regexp "_kc705" $project_name] {
##     set device "xc7k325tffg900-2"
##     set board [lindex [lsearch -all -inline [get_board_parts] *kc705*] end]
##   }
##   if [regexp "_vc707" $project_name] {
##     set device "xc7vx485tffg1761-2"
##     set board [lindex [lsearch -all -inline [get_board_parts] *vc707*] end]
##   }
##   if [regexp "_vcu118" $project_name] {
##     set device "xcvu9p-flga2104-2L-e"
##     set board [lindex [lsearch -all -inline [get_board_parts] *vcu118*] end]
##   }
##   if [regexp "_vcu128" $project_name] {
##     set device "xcvu37p-fsvh2892-2L-e"
##     set board [lindex [lsearch -all -inline [get_board_parts] *vcu128:part0*] end]
##   }
##   if [regexp "_kcu105" $project_name] {
##     set device "xcku040-ffva1156-2-e"
##     set board [lindex [lsearch -all -inline [get_board_parts] *kcu105*] end]
##   }
##   if [regexp "_zed" $project_name] {
##     set device "xc7z020clg484-1"
##     set board [lindex [lsearch -all -inline [get_board_parts] *zed*] end]
##   }
##   if [regexp "_coraz7s" $project_name] {
##     set device "xc7z007sclg400-1"
##     set board "not-applicable"
##   }
##   if [regexp "_microzed" $project_name] {
##     set device "xc7z010clg400-1"
##     set board "not-applicable"
##   }
##   if [regexp "_zc702" $project_name] {
##     set device "xc7z020clg484-1"
##     set board [lindex [lsearch -all -inline [get_board_parts] *zc702*] end]
##   }
##   if [regexp "_zc706" $project_name] {
##     set device "xc7z045ffg900-2"
##     set board [lindex [lsearch -all -inline [get_board_parts] *zc706*] end]
##   }
##   if [regexp "_mitx045" $project_name] {
##     set device "xc7z045ffg900-2"
##     set board "not-applicable"
##   }
##   if [regexp "_zcu102" $project_name] {
##     set device "xczu9eg-ffvb1156-2-e"
##     set board [lindex [lsearch -all -inline [get_board_parts] *zcu102*] end]
##   }
##   if [regexp "_vmk180_es1" $project_name] {
##     enable_beta_device xcvm*
##     xhub::refresh_catalog [xhub::get_xstores xilinx_board_store]
##     xhub::install [xhub::get_xitems xilinx.com:xilinx_board_store:vmk180_es:*] -quiet
##     set_param board.repoPaths [get_property LOCAL_ROOT_DIR [xhub::get_xstores xilinx_board_store]]
##     set device "xcvm1802-vsva2197-2MP-e-S-es1"
##     set board [lindex [lsearch -all -inline [get_board_parts] *vmk180_es*] end]
##   }
##   if [regexp "_vmk180" $project_name] {
##     set device "xcvm1802-vsva2197-2MP-e-S"
##     set board [lindex [lsearch -all -inline [get_board_parts] *vmk180*] end]
##   }
##   if [regexp "_vck190" $project_name] {
##     set device "xcvc1902-vsva2197-2MP-e-S"
##     set board [lindex [lsearch -all -inline [get_board_parts] *vck190*] end]
##   }
##   if [regexp "_vpk180" $project_name] {
##     set device "xcvp1802-lsvc4072-2MP-e-S"
##     set board [lindex [lsearch -all -inline [get_board_parts] *vpk180*] end]
##   }
##   if [regexp "_vc709" $project_name] {
##     set device "xc7vx690tffg1761-2"
##     set board [lindex [lsearch -all -inline [get_board_parts] *vc709*] end]
##   }
##   if [regexp "_kv260" $project_name] {
##     set device "xck26-sfvc784-2LV-c"
##     set board [lindex [lsearch -all -inline [get_board_parts] *kv260*] end]
##   }
## 
##   adi_project_create $project_name $mode $parameter_list $device $board
## }
## proc adi_project_create {project_name mode parameter_list device {board "not-applicable"}}  {
## 
##   global ad_hdl_dir
##   global ad_ghdl_dir
##   global ad_project_dir
##   global p_board
##   global p_device
##   global sys_zynq
##   global required_vivado_version
##   global IGNORE_VERSION_CHECK
##   global ADI_USE_OOC_SYNTHESIS
##   global ADI_USE_INCR_COMP
##   global use_smartconnect
## 
##   if {![info exists ::env(ADI_PROJECT_DIR)]} {
##     set actual_project_name $project_name
##   } else {
##     set actual_project_name "$::env(ADI_PROJECT_DIR)${project_name}"
##   }
## 
##   ## update the value of $p_device only if it was not already updated elsewhere
##   if {$p_device eq "none"} {
##     set p_device $device
##   }
##   set p_board $board
## 
##   set use_smartconnect 1
##   if [regexp "^xc7z" $p_device] {
##     # SmartConnect has higher resource utilization and worse timing closure on older families
##     set use_smartconnect 0
##   }
## 
##   if [regexp "^xc7z" $p_device] {
##     set sys_zynq 1
##   } elseif [regexp "^xck26" $p_device] {
##     set sys_zynq 2
##   } elseif [regexp "^xczu" $p_device]  {
##     set sys_zynq 2
##   } elseif [regexp "^xcv\[ecmph\]" $p_device]  {
##     set sys_zynq 3
##   } else {
##     set sys_zynq 0
##   }
## 
##   set VIVADO_VERSION [version -short]
##   if {$IGNORE_VERSION_CHECK} {
##     if {[string compare $VIVADO_VERSION $required_vivado_version] != 0} {
##       puts -nonewline "CRITICAL WARNING: vivado version mismatch; "
##       puts -nonewline "expected $required_vivado_version, "
##       puts -nonewline "got $VIVADO_VERSION.\n"
##     }
##   } else {
##     if {[string compare $VIVADO_VERSION $required_vivado_version] != 0} {
##       puts -nonewline "ERROR: vivado version mismatch; "
##       puts -nonewline "expected $required_vivado_version, "
##       puts -nonewline "got $VIVADO_VERSION.\n"
##       puts -nonewline "This ERROR message can be down-graded to CRITICAL WARNING by setting ADI_IGNORE_VERSION_CHECK environment variable to 1. Be aware that ADI will not support you, if you are using a different tool version.\n"
##       exit 2
##     }
##   }
## 
##    if {[info exists ::env(ADI_MATLAB)]} {
##     set ADI_MATLAB 1
##     set actual_project_name "$ad_hdl_dir/vivado_prj"
##     if {$mode != 0} {
##         puts -nonewline "MATLAB builds do not support mode 2"
##         exit 2
##     }
##   } else {
##     set ADI_MATLAB 0
##   }
## 
##   if {$mode == 0} {
##      set project_system_dir "${actual_project_name}.srcs/sources_1/bd/system"
##      if {$ADI_MATLAB == 0} {
##        create_project ${actual_project_name} . -part $p_device -force
##      }
##   } else {
##     set project_system_dir "${actual_project_name}.srcs/sources_1/bd/system"
##     create_project -in_memory -part $p_device
##   }
## 
##   if {$mode == 1} {
##     file mkdir ${actual_project_name}.data
##   }
## 
##   if {$p_board ne "not-applicable"} {
##     set_property board_part $p_board [current_project]
##   }
## 
##   if {$ADI_MATLAB == 0} {
##     set lib_dirs $ad_hdl_dir/library
##   } else {
##     set lib_dirs [get_property ip_repo_paths [current_fileset]]
##      lappend lib_dirs $ad_hdl_dir/library
##   }
##   if {[info exists ::env(ADI_GHDL_DIR)]} {
##     if {$ad_hdl_dir ne $ad_ghdl_dir} {
##       lappend lib_dirs $ad_ghdl_dir/library
##     }
##   }
## 
##   # Set a common IP cache for all projects
##   if {$ADI_USE_OOC_SYNTHESIS == 1} {
##     if {[file exists $ad_hdl_dir/ipcache] == 0} {
##       file mkdir $ad_hdl_dir/ipcache
##     }
##     config_ip_cache -import_from_project -use_cache_location $ad_hdl_dir/ipcache
##   }
## 
##   set_property ip_repo_paths $lib_dirs [current_fileset]
##   update_ip_catalog
## 
##   ## Load custom message severity definitions
## 
##   if {![info exists ::env(ADI_DISABLE_MESSAGE_SUPPRESION)]} {
##     source $ad_hdl_dir/projects/scripts/adi_xilinx_msg.tcl
##   }
## 
##   ## In Vivado there is a limit for the number of warnings and errors which are
##   ## displayed by the tool for a particular error or warning; the default value
##   ## of this limit is 100.
##   ## Overrides the default limit to 2000.
##   set_param messaging.defaultLimit 2000
## 
##   # Set parameters of the top level file
##   # Make the same parameters available to system_bd.tcl
##   set proj_params [get_property generic [current_fileset]]
##   foreach {param value} $parameter_list {
##     lappend proj_params $param=$value
##     set ad_project_params($param) $value
##   }
##   set_property generic $proj_params [current_fileset]
## 
##   create_bd_design "system"
##   source system_bd.tcl
## 
##   save_bd_design
##   validate_bd_design
## 
##   if {$ADI_USE_OOC_SYNTHESIS == 1} {
##     set_property synth_checkpoint_mode Hierarchical [get_files  $project_system_dir/system.bd]
##   } else {
##     set_property synth_checkpoint_mode None [get_files  $project_system_dir/system.bd]
##   }
##   generate_target {synthesis implementation} [get_files  $project_system_dir/system.bd]
##   if {$ADI_USE_OOC_SYNTHESIS == 1} {
##     export_ip_user_files -of_objects [get_files  $project_system_dir/system.bd] -no_script -sync -force -quiet
##     create_ip_run [get_files  $project_system_dir/system.bd]
##   }
##   make_wrapper -files [get_files $project_system_dir/system.bd] -top
## 
##   if {$mode == 0} {
##     import_files -force -norecurse -fileset sources_1 $project_system_dir/hdl/system_wrapper.v
##   } else {
##     write_hwdef -file "${actual_project_name}.data/$project_name.hwdef"
##   }
## 
##   if {$ADI_USE_INCR_COMP == 1} {
##     if {[file exists ./reference.dcp]} {
##       set_property incremental_checkpoint ./reference.dcp [get_runs impl_1]
##     }
##   }
## 
## }
## proc adi_project_files {project_name project_files} {
## 
##   foreach pfile $project_files {
##     if {[string range $pfile [expr 1 + [string last . $pfile]] end] == "xdc"} {
##       add_files -norecurse -fileset constrs_1 $pfile
##     } elseif [regexp "_constr.tcl" $pfile] {
##       add_files -norecurse -fileset sources_1 $pfile
##     } else {
##       add_files -norecurse -fileset sources_1 $pfile
##     }
##   }
## 
##   # NOTE: top file name is always system_top
##   set_property top system_top [current_fileset]
## }
## proc adi_project_run {project_name} {
## 
##   global ad_project_dir
##   global ADI_POWER_OPTIMIZATION
##   global ADI_USE_OOC_SYNTHESIS
##   global ADI_MAX_OOC_JOBS
## 
##   if {![info exists ::env(ADI_PROJECT_DIR)]} {
##     set actual_project_name $project_name
##     set ad_project_dir ""
##   } else {
##     set actual_project_name "$::env(ADI_PROJECT_DIR)${project_name}"
##     set ad_project_dir "$::env(ADI_PROJECT_DIR)"
##   }
##   if {[info exists ::env(ADI_SKIP_SYNTHESIS)]} {
##     puts "Skipping synthesis"
##     return
##   }
## 
##   if {$ADI_USE_OOC_SYNTHESIS == 1} {
##     launch_runs -jobs $ADI_MAX_OOC_JOBS system_*_synth_1 synth_1
##   } else {
##     launch_runs synth_1
##   }
##   wait_on_run synth_1
##   open_run synth_1
##   report_timing_summary -file ${ad_project_dir}timing_synth.log
## 
##   if {![info exists ::env(ADI_NO_BITSTREAM_COMPRESSION)] && ![info exists ADI_NO_BITSTREAM_COMPRESSION]} {
##     set_property BITSTREAM.GENERAL.COMPRESS TRUE [current_design]
##   }
## 
##   if {$ADI_POWER_OPTIMIZATION == 1} {
##   set_property STEPS.POWER_OPT_DESIGN.IS_ENABLED true [get_runs impl_1]
##   set_property STEPS.POST_PLACE_POWER_OPT_DESIGN.IS_ENABLED true [get_runs impl_1]
##   }
## 
##   set_param board.repoPaths [get_property LOCAL_ROOT_DIR [xhub::get_xstores xilinx_board_store]]
## 
##   launch_runs impl_1 -to_step write_bitstream
##   wait_on_run impl_1
##   open_run impl_1
##   report_timing_summary -warn_on_violation -file ${ad_project_dir}timing_impl.log
## 
##   if {[info exists ::env(ADI_GENERATE_UTILIZATION)]} {
##     set csv_file ${ad_project_dir}resource_utilization.csv
##     if {[ catch {
##       xilinx::designutils::report_failfast -csv -file $csv_file -transpose -no_header -ignore_pr -quiet
##       set MMCM [llength [get_cells -hierarchical -filter { PRIMITIVE_TYPE =~ *MMCM* }]]
##       set PLL [llength [get_cells -hierarchical -filter { PRIMITIVE_TYPE =~ *PLL* }]]
##       set worst_slack_setup [get_property SLACK [get_timing_paths -setup]]
##       set worst_slack_hold [get_property SLACK [get_timing_paths -hold]]
## 
##       set fileRead [open $csv_file r]
##       set lines [split [read $fileRead] "\n"]
##       set names_line [lindex $lines end-3]
##       set values_line [lindex $lines end-2]
##       close $fileRead
## 
##       set fileWrite [open $csv_file w]
##       puts $fileWrite "$names_line,MMCM*,PLL*,Worst_Setup_Slack,Worst_Hold_Slack"
##       puts $fileWrite "$values_line,$MMCM,$PLL,$worst_slack_setup,$worst_slack_hold"
##       close $fileWrite
##       } issue ] != 0 } {
##         puts "GENERATE_REPORTS: tclapp::xilinx::designutils not installed"
##       }
## 
##       # Define a list of IPs for which to generate report utilization
##       set IP_list {
##         ad_ip_jesd_204_tpl_adc
##         ad_ip_jesd_204_tpl_dac
##         axi_jesd204_rx
##         axi_jesd204_tx
##         jesd204_rx
##         jesd204_tx
##         axi_adxcvr
##         util_adxcvr
##         axi_dmac
##         util_cpack2
##         util_upack2
##       }
## 
##       foreach IP_name $IP_list {
## 	set output_file ${ad_project_dir}${IP_name}_resource_utilization.log
##         file delete $output_file
##         foreach IP_instance [ get_cells -quiet -hierarchical -filter " ORIG_REF_NAME =~ $IP_name || REF_NAME =~ $IP_name " ] {
##           report_utilization -hierarchical -hierarchical_depth 1 -cells $IP_instance -file $output_file -append -quiet
##           report_property $IP_instance -file $output_file -append -quiet
##           set report_file [ open $output_file a ]
##           puts $report_file "\n\n\n"
##           close $report_file
##         }
##       }
##     } else {
##     puts "GENERATE_REPORTS: Resource utilization files won't be generated because ADI_GENERATE_UTILIZATION env var is not set"
##   }
## 
##   ## Extract IP ports and their properties
## 
##   if {[info exists ::env(ADI_EXTRACT_PORTS)]} {
## 
##     set p_output_file ports_properties.txt
## 
##     # Define a list of IPs for which to generate the ports properties and nets report
##     set P_IP_list {
##       util_wfifo
##       util_rfifo
##       util_cpack2
##       util_upack2
##       ad_ip_jesd204_tpl_adc
##       ad_ip_jesd204_tpl_dac
##       rx_fir_decimator
##       tx_fir_interpolator
##       axi_ad9361
##       axi_adrv9009
##     }
## 
##     set fileWrite [open $p_output_file w]
## 
##     foreach P_IP_name $P_IP_list {
##       foreach P_IP_instance [ get_cells -quiet -hierarchical -filter " ORIG_REF_NAME =~ $P_IP_name || REF_NAME =~ $P_IP_name " ] {
##         set P_IP_instance_name [regsub -all {i_system_wrapper\/system_i\/} $P_IP_instance {}]
## 	if { [regexp {adc_tpl_core} $P_IP_instance_name] } {
##             set P_IP_INST  [regsub -all {\/adc_tpl_core/inst} $P_IP_instance_name {}]
##             puts "$P_IP_INST\n"
##         } elseif { [regexp {dac_tpl_core} $P_IP_instance_name] } {
##             set P_IP_INST  [regsub -all {\/dac_tpl_core/inst} $P_IP_instance_name {}]
##             puts "$P_IP_INST\n"
##         } else {
##             set P_IP_INST  [regsub -all {\/inst} $P_IP_instance_name {}]
##             puts "$P_IP_INST\n"
##         }
##         puts $fileWrite "\n$P_IP_INST properties: \n"
##         set list_of_IP_ports [ get_bd_pins -of_objects [get_bd_cells $P_IP_INST]]
##         foreach IP_port $list_of_IP_ports {
##           set pin_direction [get_property DIR [get_bd_pins $IP_port]]
##           set pin_path [get_property PATH [get_bd_pins $IP_port]]
##           set pin_path_name  [regsub {\/} $pin_path {}]
##           set left [get_property LEFT [get_bd_pins $IP_port]]
##           set right [get_property RIGHT [get_bd_pins $IP_port]]
##           puts $fileWrite "direction $pin_direction \nMSB $left \nLSB $right \nname $pin_path_name"
##           set net_info [get_bd_nets -of_objects [get_bd_pins $IP_port]]
##           set net_name  [regsub -all {\/} $net_info {}]
##           puts $fileWrite "net $net_name\n"
##         }
##       }
##     }
##     close $fileWrite
## 
##   } else {
##   puts "GENERATE_PORTS_REPORTS: IP ports properties and nets report files won't be generated because ADI_EXTRACT_PORTS env var is not set"
##   }
## 
##   if {[info exists ::env(ADI_GENERATE_XPA)]} {
##     set csv_file ${ad_project_dir}power_analysis.csv
##     set Layers "8to11"
##     set CapLoad "20"
##     set ToggleRate "15.00000"
##     set StatProb "0.500000"
## 
##     set_load $CapLoad [all_outputs]
##     set_operating_conditions -board_layers $Layers
##     set_switching_activity -default_toggle_rate $ToggleRate
##     set_switching_activity -default_static_probability $StatProb
##     set_switching_activity -type lut -toggle_rate $ToggleRate -static_probability $StatProb -all
##     set_switching_activity -type register -toggle_rate $ToggleRate -static_probability $StatProb -all
##     set_switching_activity -type shift_register -toggle_rate $ToggleRate -static_probability $StatProb -all
##     set_switching_activity -type lut_ram -toggle_rate $ToggleRate -static_probability $StatProb -all
##     set_switching_activity -type bram -toggle_rate $ToggleRate -static_probability $StatProb -all
##     set_switching_activity -type dsp -toggle_rate $ToggleRate -static_probability $StatProb -all
##     set_switching_activity -type gt_rxdata -toggle_rate $ToggleRate -static_probability $StatProb -all
##     set_switching_activity -type gt_txdata -toggle_rate $ToggleRate -static_probability $StatProb -all
##     set_switching_activity -type io_output -toggle_rate $ToggleRate -static_probability $StatProb -all
##     set_switching_activity -type bram_enable -toggle_rate $ToggleRate -static_probability $StatProb -all
##     set_switching_activity -type bram_wr_enable -toggle_rate $ToggleRate -static_probability $StatProb -all
##     set_switching_activity -type io_bidir_enable -toggle_rate $ToggleRate -static_probability $StatProb -all
##     report_power -file $csv_file
## 
##     set fileRead [open $csv_file r]
##     set filecontent [read $fileRead]
##     set input_list [split $filecontent "\n"]
## 
##     set TextList [lsearch -all -inline $input_list "*Total On-Chip Power (W)*"]
##     set on_chip_pwr "[lindex [lindex $TextList 0] 6] W"
##     set TextList [lsearch -all -inline $input_list "*Junction Temperature (C)*"]
##     set junction_temp "[lindex [lindex $TextList 0] 5] *C"
##     close $fileRead
## 
##     set fileWrite [open $csv_file w]
##     puts $fileWrite "On-chip_power,Junction_temp"
##     puts $fileWrite "$on_chip_pwr,$junction_temp"
##     close $fileWrite
##   } else {
##     puts "GENERATE_REPORTS: Power analysis files won't be generated because ADI_GENERATE_XPA env var is not set"
##   }
## 
##   # Look for undefined clocks which do not show up in the timing summary
##   set timing_check [check_timing -override_defaults no_clock -no_header -return_string]
##   if {[regexp { (\d+) register} $timing_check -> num_regs]} {
## 
##     if {[info exist num_regs]} {
##       if {$num_regs > 0} {
##         puts "CRITICAL WARNING: There are $num_regs registers with no clocks !!! See no_clock.log for details."
##         check_timing -override_defaults no_clock -verbose -file ${ad_project_dir}no_clock.log
##       }
##     }
## 
##   } else {
##     puts "CRITICAL WARNING: The search for undefined clocks failed !!!"
##   }
## 
##   file mkdir ${actual_project_name}.sdk
## 
##   set timing_string $[report_timing_summary -return_string]
##   if { [string match "*VIOLATED*" $timing_string] == 1 ||
##        [string match "*Timing constraints are not met*" $timing_string] == 1} {
##     write_hw_platform -fixed -force  -include_bit -file ${actual_project_name}.sdk/system_top_bad_timing.xsa
##     return -code error [format "ERROR: Timing Constraints NOT met!"]
##   } else {
##     write_hw_platform -fixed -force  -include_bit -file ${actual_project_name}.sdk/system_top.xsa
##   }
## }
## proc adi_project_synth {project_name prcfg_name hdl_files {xdc_files ""}} {
## 
##   global p_device
##   global ad_project_dir
## 
##   if {![info exists ::env(ADI_PROJECT_DIR)]} {
##     set actual_project_name $project_name
##   } else {
##     set actual_project_name "$::env(ADI_PROJECT_DIR)${project_name}"
##   }
## 
##   set p_prefix "${actual_project_name}.data/$project_name"
## 
##   if {$prcfg_name eq ""} {
## 
##     read_verilog .srcs/sources_1/bd/system/hdl/system_wrapper.v
##     read_verilog $hdl_files
##     read_xdc $xdc_files
## 
##     synth_design -mode default -top system_top -part $p_device > $p_prefix.synth.rds
##     write_checkpoint -force $p_prefix.synth.dcp
##     close_project
## 
##   } else {
## 
##     create_project -in_memory -part $p_device
##     read_verilog $hdl_files
##     synth_design -mode out_of_context -top "prcfg" -part $p_device > $p_prefix.${prcfg_name}_synth.rds
##     write_checkpoint -force $p_prefix.${prcfg_name}_synth.dcp
##     close_project
##   }
## }
## proc adi_project_impl {project_name prcfg_name {xdc_files ""}} {
## 
##   global p_device
##   global p_prcfg_init
##   global p_prcfg_list
##   global p_prcfg_status
##   global ad_project_dir
## 
##   if {![info exists ::env(ADI_PROJECT_DIR)]} {
##     set actual_project_name $project_name
##   } else {
##     set actual_project_name "$::env(ADI_PROJECT_DIR)${project_name}"
##   }
## 
##   set p_prefix "${actual_project_name}.data/$project_name"
## 
##   if {$prcfg_name eq "default"} {
##     set p_prcfg_status 0
##     set p_prcfg_list ""
##     set p_prcfg_init "$p_prefix.${prcfg_name}_impl.dcp"
##     file mkdir $project_name.sdk
##   }
## 
##   if {$prcfg_name eq "default"} {
## 
##     open_checkpoint $p_prefix.synth.dcp -part $p_device
##     read_xdc $xdc_files
##     read_checkpoint -cell i_prcfg $p_prefix.${prcfg_name}_synth.dcp
##     set_property HD.RECONFIGURABLE 1 [get_cells i_prcfg]
##     opt_design > $p_prefix.${prcfg_name}_opt.rds
##     write_debug_probes -force $p_prefix.${prcfg_name}_debug_nets.ltx
##     place_design > $p_prefix.${prcfg_name}_place.rds
##     route_design > $p_prefix.${prcfg_name}_route.rds
## 
##   } else {
## 
##     open_checkpoint $p_prefix.default_impl_bb.dcp -part $p_device
##     lock_design -level routing
##     read_checkpoint -cell i_prcfg $p_prefix.${prcfg_name}_synth.dcp
##     read_xdc $xdc_files
##     opt_design > $p_prefix.${prcfg_name}_opt.rds
##     place_design > $p_prefix.${prcfg_name}_place.rds
##     route_design > $p_prefix.${prcfg_name}_route.rds
##   }
## 
##   write_checkpoint -force $p_prefix.${prcfg_name}_impl.dcp
##   report_utilization -pblocks pb_prcfg -file $p_prefix.${prcfg_name}_utilization.rpt
##   report_timing_summary -file $p_prefix.${prcfg_name}_timing_summary.rpt
## 
##   if [expr [get_property SLACK [get_timing_paths]] < 0] {
##     set p_prcfg_status 1
##     puts "CRITICAL WARNING: Timing Constraints NOT met ($prcfg_name)!"
##   }
## 
##   write_checkpoint -force -cell i_prcfg $p_prefix.${prcfg_name}_prcfg_impl.dcp
##   update_design -cell i_prcfg -black_box
##   write_checkpoint -force $p_prefix.${prcfg_name}_impl_bb.dcp
##   open_checkpoint $p_prefix.${prcfg_name}_impl.dcp -part $p_device
##   write_bitstream -force -bin_file -file $p_prefix.${prcfg_name}.bit
##   write_sysdef -hwdef $p_prefix.hwdef -bitfile $p_prefix.${prcfg_name}.bit -file $p_prefix.${prcfg_name}.hdf
##   file copy -force $p_prefix.${prcfg_name}.hdf $project_name.sdk/system_top.${prcfg_name}.hdf
## 
##   if {$prcfg_name ne "default"} {
##     lappend p_prcfg_list "$p_prefix.${prcfg_name}_impl.dcp"
##   }
## 
##   if {$prcfg_name eq "default"} {
##     file copy -force $p_prefix.${prcfg_name}.hdf $project_name.sdk/system_top.hdf
##   }
## }
## proc adi_project_verify {project_name} {
## 
##   # checkpoint for the default design
##   global p_prcfg_init
##   # list of checkpoints with all the PRs integrated into the default design
##   global p_prcfg_list
##   global p_prcfg_status
## 
##   set p_prefix "${actual_project_name}.data/$project_name"
## 
##   pr_verify -full_check -initial $p_prcfg_init \
##     -additional $p_prcfg_list \
##     -file $p_prefix.prcfg_verify.log
## 
##   if {$p_prcfg_status == 1} {
##     return -code error [format "ERROR: Timing Constraints NOT met!"]
##   }
## }
# source $ad_hdl_dir/projects/scripts/adi_board.tcl
## package require math
## set sys_cpu_interconnect_index 0
## set sys_hpc0_interconnect_index -1
## set sys_hpc1_interconnect_index -1
## set sys_hp0_interconnect_index -1
## set sys_hp1_interconnect_index -1
## set sys_hp2_interconnect_index -1
## set sys_hp3_interconnect_index -1
## set sys_mem_interconnect_index -1
## set sys_mem_clk_index 0
## set xcvr_index -1
## set xcvr_tx_index 0
## set xcvr_rx_index 0
## set xcvr_instance NONE
## set use_smartconnect 1
## proc ad_ip_instance {i_ip i_name {i_params {}}} {
## 
##   set cell [create_bd_cell -type ip -vlnv [get_ipdefs -all -filter "VLNV =~ *:${i_ip}:* && \
##     design_tool_contexts =~ *IPI* && UPGRADE_VERSIONS == \"\""] ${i_name}]
##   if {$i_params != {}} {
##     set config {}
##     # Add CONFIG. prefix to all config options
##     foreach {k v} $i_params {
##       lappend config "CONFIG.$k" $v
##     }
##     set_property -dict $config $cell
##   }
## }
## proc ad_ip_parameter {i_name i_param i_value} {
## 
##   set_property ${i_param} ${i_value} [get_bd_cells ${i_name}]
## }
## proc ad_connect_type {p_name} {
## 
##   set m_name ""
## 
##   if {$m_name eq ""} {set m_name [get_bd_intf_pins  -quiet $p_name]}
##   if {$m_name eq ""} {set m_name [get_bd_pins       -quiet $p_name]}
##   if {$m_name eq ""} {set m_name [get_bd_intf_ports -quiet $p_name]}
##   if {$m_name eq ""} {set m_name [get_bd_ports      -quiet $p_name]}
##   if {$m_name eq ""} {set m_name [get_bd_intf_nets  -quiet $p_name]}
##   if {$m_name eq ""} {set m_name [get_bd_nets       -quiet $p_name]}
## 
##   return $m_name
## }
## proc ad_connect_int_class {p_name} {
## 
##   set m_name ""
## 
##   if {$m_name eq ""} {set m_name [get_bd_intf_pins  -quiet $p_name]}
##   if {$m_name eq ""} {set m_name [get_bd_pins       -quiet $p_name]}
##   # All ports can be handled as pins
##   # if {$m_name eq ""} {set m_name [get_bd_intf_ports -quiet $p_name]}
##   # if {$m_name eq ""} {set m_name [get_bd_ports      -quiet $p_name]}
##   if {$m_name eq ""} {set m_name [get_bd_intf_nets  -quiet $p_name]}
##   if {$m_name eq ""} {set m_name [get_bd_nets       -quiet $p_name]}
## 
##   if {!($m_name eq "")} {
##     return [get_property CLASS $m_name]
##   }
## 
##   if {$p_name eq "GND" || $p_name eq "VCC"} {
##     return "const"
##   }
## 
##   return "newnet"
## }
## proc ad_connect_int_get_const {name width} {
##   switch $name {
##     GND {
##       set value 0
##     }
##     VCC {
##       set value [expr (1 << $width) - 1]
##     }
##     default {
##       error "ERROR: ad_connect_int_get_const: Unhandled constant name $name"
##     }
##   }
## 
##   set cell_name "$name\_$width"
## 
##   set cell [get_bd_cells -quiet $cell_name]
##   if {$cell eq ""} {
##     # Create new constant source
##     ad_ip_instance xlconstant $cell_name
##     set cell [get_bd_cells -quiet $cell_name]
##     set_property CONFIG.CONST_WIDTH $width $cell
##     set_property CONFIG.CONST_VAL $value $cell
##   }
## 
##   return $cell
## }
## proc ad_connect_int_width {obj} {
##   if {$obj eq ""} {
##     error "ERROR: ad_connect_int_width: No object provided."
##   }
## 
##   set classname [get_property -quiet CLASS $obj]
##   if {$classname eq ""} {
##     error "ERROR: ad_connect_int_width: Cannot determine width of class-less object: $obj"
##   }
##   if {[string first intf $classname] != -1} {
##     error "ERROR: ad_connect_int_width: Cannot determine width of interface object: $obj ($classname)"
##   }
## 
##   if {([get_property -quiet LEFT $obj] eq "") || ([get_property -quiet RIGHT $obj] eq "")} {
##     return 1
##   }
## 
##   set left [get_property LEFT $obj]
##   set right [get_property RIGHT $obj]
## 
##   set high [::math::max $left $right]
##   set low [::math::min $left $right]
## 
##   return [expr {1 + $high - $low}]
## }
## proc ad_connect {name_a name_b} {
##   set type_a [ad_connect_int_class $name_a]
##   set type_b [ad_connect_int_class $name_b]
## 
##   set obj_a [ad_connect_type $name_a]
##   set obj_b [ad_connect_type $name_b]
## 
##   if {!([string first intf $type_a]+1) != !([string first intf $type_b]+1)} {
##     error "ERROR: ad_connect: Cannot connect non-interface to interface: $name_a ($type_a) <-/-> $name_b ($type_b)"
##   }
## 
##   switch $type_a,$type_b {
##     newnet,newnet {
##       error "ERROR: ad_connect: Cannot create connection between two new nets: $name_a <-/-> $name_b"
##     }
##     const,const {
##       error "ERROR: ad_connect: Cannot connect constant to constant: $name_a <-/-> $name_b"
##     }
##     bd_net,bd_net -
##     bd_intf_net,bd_intf_net {
##       error "ERROR: ad_connect: Cannot connect (intf) net to (intf) net: $name_a ($type_a) <-/-> $name_b ($type_b)"
##     }
##     bd_net,newnet -
##     newnet,bd_net {
##       error "ERROR: ad_connect: Cannot connect existing net to new net: $name_a ($type_a) <-/-> $name_b ($type_b)"
##     }
##     const,newnet -
##     newnet,const {
##       error "ERROR: ad_connect: Cannot connect new network to constant, instead you should connect to the constant directly: $name_a ($type_a) <-/-> $name_b ($type_b)"
##     }
## 
##     bd_pin,bd_pin {
##       connect_bd_net $obj_a $obj_b
##       puts "connect_bd_net $obj_a $obj_b"
##       return
##     }
##     bd_net,bd_pin {
##       connect_bd_net -net $obj_a $obj_b
##       puts "connect_bd_net -net $obj_a $obj_b"
##       return
##     }
##     bd_pin,bd_net {
##       connect_bd_net -net $obj_b $obj_a
##       puts "connect_bd_net -net $obj_b $obj_a"
##       return
##     }
##     bd_pin,newnet {
##       connect_bd_net -net $name_b $obj_a
##       puts "connect_bd_net -net $name_b $obj_a"
##       return
##     }
##     newnet,bd_pin {
##       connect_bd_net -net $name_a $obj_b
##       puts "connect_bd_net -net $name_a $obj_b"
##       return
##     }
##     bd_intf_pin,bd_intf_pin {
##       connect_bd_intf_net $obj_a $obj_b
##       puts "connect_bd_intf_net $obj_a $obj_b"
##       return
##     }
##     const,bd_pin -
##     const,bd_net {
##       # Handled after the switch statement
##     }
##     bd_net,const -
##     bd_pin,const {
##       # Swap vars
##       set tmp $obj_a
##       set obj_a $obj_b
##       set obj_b $tmp
##       set tmp $name_a
##       set name_a $name_b
##       set name_b $tmp
##       # Handled after the switch statement
##     }
##     default {
##       error "ERROR: ad_connect: Cannot connect, case unhandled: $name_a ($type_a) <-/-> $name_b ($type_b)"
##     }
##   }
## 
##   # Continue working on nets that connect to constant. obj_b is the net/pin
##   set width [ad_connect_int_width $obj_b]
##   set cell [ad_connect_int_get_const $name_a $width]
##   connect_bd_net [get_bd_pin $cell/dout] $obj_b
##   puts "connect_bd_net [get_bd_pin $cell/dout] $obj_b"
## }
## proc ad_disconnect {p_name_1 p_name_2} {
## 
##   set m_name_1 [ad_connect_type $p_name_1]
##   set m_name_2 [ad_connect_type $p_name_2]
## 
##   if {[get_property CLASS $m_name_1] eq "bd_net"} {
##     disconnect_bd_net $m_name_1 $m_name_2
##     return
##   }
## 
##   if {[get_property CLASS $m_name_1] eq "bd_port"} {
##     delete_bd_objs -quiet [get_bd_nets -quiet -of_objects \
##       [find_bd_objs -relation connected_to $m_name_1]]
##     delete_bd_objs -quiet $m_name_1
##     return
##   }
## 
##   if {[get_property CLASS $m_name_1] eq "bd_pin"} {
##     delete_bd_objs -quiet [get_bd_nets -quiet -of_objects \
##       [find_bd_objs -relation connected_to $m_name_1]]
##     delete_bd_objs -quiet $m_name_1
##     return
##   }
## }
## proc ad_xcvrcon {u_xcvr a_xcvr a_jesd {lane_map {}} {link_clk {}} {device_clk {}} {num_of_max_lanes -1} {partial_lane_map {}} {connect_empty_lanes 1}} {
## 
##   global xcvr_index
##   global xcvr_tx_index
##   global xcvr_rx_index
##   global xcvr_instance
## 
##   set qpll_enable [get_property CONFIG.QPLL_ENABLE [get_bd_cells $a_xcvr]]
##   set tx_or_rx_n [get_property CONFIG.TX_OR_RX_N [get_bd_cells $a_xcvr]]
## 
##   set xcvr_type [get_property CONFIG.XCVR_TYPE [get_bd_cells $u_xcvr]]
## 
##   set link_mode_u [get_property CONFIG.LINK_MODE [get_bd_cells $u_xcvr]]
##   set link_mode_a [get_property CONFIG.LINK_MODE [get_bd_cells $a_xcvr]]
## 
##   if {$link_mode_u != $link_mode_a} {
##      puts "CRITICAL WARNING: LINK_MODE parameter mismatch between $u_xcvr ($link_mode_u) and $a_xcvr ($link_mode_a)"
##   }
##   set link_mode $link_mode_u
## 
##   set jesd204_bd_type [get_property TYPE [get_bd_cells $a_jesd]]
## 
##   if {$jesd204_bd_type == "hier"} {
##     set jesd204_type 0
##   } else {
##     set jesd204_type 1
##   }
## 
##   if {$xcvr_instance ne $u_xcvr} {
##     set xcvr_index [expr ($xcvr_index + 1)]
##     set xcvr_tx_index 0
##     set xcvr_rx_index 0
##     set xcvr_instance $u_xcvr
##   }
## 
##   set txrx "rx"
##   set data_dir "I"
##   set ctrl_dir "O"
##   set index $xcvr_rx_index
## 
##   if {$tx_or_rx_n == 1} {
## 
##     set txrx "tx"
##     set data_dir "O"
##     set ctrl_dir "I"
##     set index $xcvr_tx_index
##   }
## 
##   set m_sysref ${txrx}_sysref_${index}
##   set m_sync ${txrx}_sync_${index}
##   set m_data ${txrx}_data
## 
##   if {$xcvr_index >= 1} {
## 
##     set m_sysref ${txrx}_sysref_${xcvr_index}_${index}
##     set m_sync ${txrx}_sync_${xcvr_index}_${index}
##     set m_data ${txrx}_data_${xcvr_index}
##   }
## 
##   if {$jesd204_type == 0} {
##     set num_of_links [get_property CONFIG.NUM_LINKS [get_bd_cells $a_jesd/$txrx]]
##   } else {
##     set num_of_links 1
##   }
## 
##   set no_of_lanes [get_property CONFIG.NUM_LANES [get_bd_cells $a_jesd/$txrx]]
##   set max_no_of_lanes $no_of_lanes
## 
##   if {$num_of_max_lanes != -1} {
##     set max_no_of_lanes $num_of_max_lanes
##   }
##   create_bd_port -dir I $m_sysref
##   create_bd_port -from [expr $num_of_links - 1] -to 0 -dir ${ctrl_dir} $m_sync
## 
##   set use_2x_clk 0
##   if {$link_clk == {}} {
##     # For 204C modes on GTH a 2x clock is required to drive the PCS
##     # In such case set the xcvr out clock to be the double of the lane rate/66(40)
##     # and use the secondary div2 clock output for the link clock
##     if {$link_mode == 2 && ($xcvr_type == 5 || $xcvr_type == 8)} {
##       set link_clk ${u_xcvr}/${txrx}_out_clk_div2_${index}
##       set link_clk_2x ${u_xcvr}/${txrx}_out_clk_${index}
##       set use_2x_clk 1
##     } else {
##       if {$partial_lane_map != {}} {
##         set cur_index [lindex $partial_lane_map $index]
##         set link_clk ${u_xcvr}/${txrx}_out_clk_${cur_index}
##       } else {
##         set link_clk ${u_xcvr}/${txrx}_out_clk_${index}
##       }
##     }
##     set rst_gen [regsub -all "/" ${a_jesd}_rstgen "_"]
##     set create_rst_gen 1
##   } else {
##     set rst_gen ${link_clk}_rstgen
##     # Only create one reset gen per clock
##     set create_rst_gen [expr {[get_bd_cells -quiet ${rst_gen}] == {}}]
##   }
## 
##   if {$device_clk == {}} {
##     set device_clk $link_clk
##   } else {
##     set rst_gen ${device_clk}_rstgen
##     # Only create one reset gen per clock
##     set create_rst_gen [expr {[get_bd_cells -quiet ${rst_gen}] == {}}]
##   }
## 
##   if {${create_rst_gen}} {
##     ad_ip_instance proc_sys_reset ${rst_gen}
##     ad_connect ${device_clk} ${rst_gen}/slowest_sync_clk
##     ad_connect sys_cpu_resetn ${rst_gen}/ext_reset_in
##   }
## 
##   if {$partial_lane_map != {}} {
##     for {set n 0} {$n < $no_of_lanes} {incr n} {
## 
##       set phys_lane [lindex $partial_lane_map $n]
## 
##       if {$phys_lane != {}} {
##         if {$jesd204_type == 0} {
##           ad_connect  ${u_xcvr}/${txrx}_${phys_lane} ${a_jesd}/${txrx}_phy${n}
##         } else {
##           ad_connect  ${u_xcvr}/${txrx}_${phys_lane} ${a_jesd}/gt${n}_${txrx}
##         }
##       }
## 
##       if {$tx_or_rx_n == 0} {
##         if {$jesd204_type == 0} {
##           if {$link_mode == 1} {
##             ad_connect  ${a_jesd}/phy_en_char_align ${u_xcvr}/${txrx}_calign_${phys_lane}
##           }
##         } else {
##           ad_connect  ${a_jesd}/rxencommaalign_out ${u_xcvr}/${txrx}_calign_${phys_lane}
##         }
##       }
##     }
##     if {$connect_empty_lanes == 1} {
##       for {set n 0} {$n < $max_no_of_lanes} {incr n} {
## 
##         set m [expr ($n + $index)]
## 
##         if {$lane_map != {}} {
##           set phys_lane [lindex $lane_map $n]
##         } else {
##           set phys_lane $m
##         }
## 
##         if {$tx_or_rx_n == 0} {
##           ad_connect  ${a_xcvr}/up_es_${n} ${u_xcvr}/up_es_${phys_lane}
##         }
## 
##         if {(($n%4) == 0) && ($qpll_enable == 1)} {
##           ad_connect  ${a_xcvr}/up_cm_${n} ${u_xcvr}/up_cm_${m}
##         }
##         ad_connect  ${a_xcvr}/up_ch_${n} ${u_xcvr}/up_${txrx}_${phys_lane}
##         ad_connect  ${link_clk} ${u_xcvr}/${txrx}_clk_${phys_lane}
##         if {$use_2x_clk == 1} {
##           ad_connect  ${link_clk_2x} ${u_xcvr}/${txrx}_clk_2x_${phys_lane}
##         }
## 
##         create_bd_port -dir ${data_dir} ${m_data}_${m}_p
##         create_bd_port -dir ${data_dir} ${m_data}_${m}_n
##         ad_connect  ${u_xcvr}/${txrx}_${m}_p ${m_data}_${m}_p
##         ad_connect  ${u_xcvr}/${txrx}_${m}_n ${m_data}_${m}_n
##       }
##     } else {
##       ## Do nothing, the connections will be done manually
##     }
## 
##   } else {
##     for {set n 0} {$n < $no_of_lanes} {incr n} {
## 
##       set m [expr ($n + $index)]
##       if {$lane_map != {}} {
##         set phys_lane [lindex $lane_map $n]
##       } else {
##         set phys_lane $m
##       }
## 
##       if {$tx_or_rx_n == 0} {
##         ad_connect  ${a_xcvr}/up_es_${n} ${u_xcvr}/up_es_${phys_lane}
##         if {$jesd204_type == 0} {
##           if {$link_mode == 1} {
##             ad_connect  ${a_jesd}/phy_en_char_align ${u_xcvr}/${txrx}_calign_${phys_lane}
##           }
##         } else {
##           ad_connect  ${a_jesd}/rxencommaalign_out ${u_xcvr}/${txrx}_calign_${phys_lane}
##         }
##       }
## 
##       if {(($n%4) == 0) && ($qpll_enable == 1)} {
##         ad_connect  ${a_xcvr}/up_cm_${n} ${u_xcvr}/up_cm_${m}
##       }
##       ad_connect  ${a_xcvr}/up_ch_${n} ${u_xcvr}/up_${txrx}_${phys_lane}
##       ad_connect  ${link_clk} ${u_xcvr}/${txrx}_clk_${phys_lane}
##       if {$use_2x_clk == 1} {
##         ad_connect  ${link_clk_2x} ${u_xcvr}/${txrx}_clk_2x_${phys_lane}
##       }
##       if {$phys_lane != {}} {
##         if {$jesd204_type == 0} {
##           ad_connect  ${u_xcvr}/${txrx}_${phys_lane} ${a_jesd}/${txrx}_phy${n}
##         } else {
##           ad_connect  ${u_xcvr}/${txrx}_${phys_lane} ${a_jesd}/gt${n}_${txrx}
##         }
##       }
## 
##       create_bd_port -dir ${data_dir} ${m_data}_${m}_p
##       create_bd_port -dir ${data_dir} ${m_data}_${m}_n
##       ad_connect  ${u_xcvr}/${txrx}_${m}_p ${m_data}_${m}_p
##       ad_connect  ${u_xcvr}/${txrx}_${m}_n ${m_data}_${m}_n
##     }
## 
##     for {set n $no_of_lanes} {$n < $max_no_of_lanes} {incr n} {
## 
##       set m [expr ($n + $index)]
## 
##       if {$lane_map != {}} {
##         set phys_lane [lindex $lane_map $n]
##       } else {
##         set phys_lane $m
##       }
## 
##       create_bd_port -dir ${data_dir} ${m_data}_${m}_p
##       create_bd_port -dir ${data_dir} ${m_data}_${m}_n
##       ad_connect  ${u_xcvr}/${txrx}_${m}_p ${m_data}_${m}_p
##       ad_connect  ${u_xcvr}/${txrx}_${m}_n ${m_data}_${m}_n
##       ad_connect  ${link_clk} ${u_xcvr}/${txrx}_clk_${phys_lane}
## 
##       if {$tx_or_rx_n == 0} {
##         if {$jesd204_type == 0} {
##           if {$link_mode == 1} {
## 	    ad_connect  ${a_jesd}/phy_en_char_align ${u_xcvr}/${txrx}_calign_${phys_lane}
##           }
## 	}
##       }
##     }
##   }
## 
##   if {$jesd204_type == 0} {
##     ad_connect  ${a_jesd}/sysref $m_sysref
##     if {$link_mode == 1} {
##       ad_connect  ${a_jesd}/sync $m_sync
##     }
##     ad_connect  ${device_clk} ${a_jesd}/device_clk
##     ad_connect  ${link_clk} ${a_jesd}/link_clk
##   } else {
##     ad_connect  ${a_jesd}/${txrx}_sysref $m_sysref
##     ad_connect  ${a_jesd}/${txrx}_sync $m_sync
##     ad_connect  ${device_clk} ${a_jesd}/${txrx}_core_clk
##     ad_connect  ${a_xcvr}/up_status ${a_jesd}/${txrx}_reset_done
##     ad_connect  ${rst_gen}/peripheral_reset ${a_jesd}/${txrx}_reset
##   }
## 
##   if {$tx_or_rx_n == 0} {
##     set xcvr_rx_index [expr ($xcvr_rx_index + $max_no_of_lanes)]
##   }
## 
##   if {$tx_or_rx_n == 1} {
##     set xcvr_tx_index [expr ($xcvr_tx_index + $max_no_of_lanes)]
##   }
## }
## proc ad_xcvrpll {m_src m_dst} {
## 
##   foreach p_dst [get_bd_pins -quiet $m_dst] {
##     connect_bd_net [ad_connect_type $m_src] $p_dst
##   }
## }
## proc ad_mem_hpc0_interconnect {p_clk p_name} {
## 
##   global sys_zynq
## 
##   if {$sys_zynq == 2} {ad_mem_hpx_interconnect "HPC0" $p_clk $p_name}
## }
## proc ad_mem_hpc1_interconnect {p_clk p_name} {
## 
##   global sys_zynq
## 
##   if {$sys_zynq == 2} {ad_mem_hpx_interconnect "HPC1" $p_clk $p_name}
## }
## proc ad_mem_hp0_interconnect {p_clk p_name} {
## 
##   global sys_zynq
## 
##   if {($sys_zynq != 1 && $sys_zynq != 2) && ($p_name eq "sys_ps7/S_AXI_HP0")} {return}
##   if {$sys_zynq == -1} {ad_mem_hpx_interconnect "SIM" $p_clk $p_name}
##   if {$sys_zynq == 0} {ad_mem_hpx_interconnect "MEM" $p_clk $p_name}
##   if {$sys_zynq == 1} {ad_mem_hpx_interconnect "HP0" $p_clk $p_name}
##   if {$sys_zynq == 2} {ad_mem_hpx_interconnect "HP0" $p_clk $p_name}
##   if {$sys_zynq == 3} {ad_mem_hpx_interconnect "NOC" $p_clk $p_name}
## }
## proc ad_mem_hp1_interconnect {p_clk p_name} {
## 
##   global sys_zynq
## 
##   if {($sys_zynq != 1 && $sys_zynq != 2) && ($p_name eq "sys_ps7/S_AXI_HP1")} {return}
##   if {$sys_zynq == -1} {ad_mem_hpx_interconnect "SIM" $p_clk $p_name}
##   if {$sys_zynq == 0} {ad_mem_hpx_interconnect "MEM" $p_clk $p_name}
##   if {$sys_zynq == 1} {ad_mem_hpx_interconnect "HP1" $p_clk $p_name}
##   if {$sys_zynq == 2} {ad_mem_hpx_interconnect "HP1" $p_clk $p_name}
##   if {$sys_zynq == 3} {ad_mem_hpx_interconnect "NOC" $p_clk $p_name}
## }
## proc ad_mem_hp2_interconnect {p_clk p_name} {
## 
##   global sys_zynq
## 
##   if {($sys_zynq != 1 && $sys_zynq != 2) && ($p_name eq "sys_ps7/S_AXI_HP2")} {return}
##   if {$sys_zynq == -1} {ad_mem_hpx_interconnect "SIM" $p_clk $p_name}
##   if {$sys_zynq == 0} {ad_mem_hpx_interconnect "MEM" $p_clk $p_name}
##   if {$sys_zynq == 1} {ad_mem_hpx_interconnect "HP2" $p_clk $p_name}
##   if {$sys_zynq == 2} {ad_mem_hpx_interconnect "HP2" $p_clk $p_name}
##   if {$sys_zynq == 3} {ad_mem_hpx_interconnect "NOC" $p_clk $p_name}
## }
## proc ad_mem_hp3_interconnect {p_clk p_name} {
## 
##   global sys_zynq
## 
##   if {($sys_zynq != 1 && $sys_zynq != 2) && ($p_name eq "sys_ps7/S_AXI_HP3")} {return}
##   if {$sys_zynq == -1} {ad_mem_hpx_interconnect "SIM" $p_clk $p_name}
##   if {$sys_zynq == 0} {ad_mem_hpx_interconnect "MEM" $p_clk $p_name}
##   if {$sys_zynq == 1} {ad_mem_hpx_interconnect "HP3" $p_clk $p_name}
##   if {$sys_zynq == 2} {ad_mem_hpx_interconnect "HP3" $p_clk $p_name}
##   if {$sys_zynq == 3} {ad_mem_hpx_interconnect "NOC" $p_clk $p_name}
## }
## proc ad_mem_hpx_interconnect {p_sel p_clk p_name} {
## 
##   global sys_zynq
##   global sys_ddr_addr_seg
##   global sys_hpc0_interconnect_index
##   global sys_hpc1_interconnect_index
##   global sys_hp0_interconnect_index
##   global sys_hp1_interconnect_index
##   global sys_hp2_interconnect_index
##   global sys_hp3_interconnect_index
##   global sys_mem_interconnect_index
##   global sys_mem_clk_index
##   global use_smartconnect
## 
##   set p_name_int $p_name
##   set p_clk_source [get_bd_pins -filter {DIR == O} -of_objects [get_bd_nets $p_clk]]
## 
##   set connect_type "smartconnect"
##   if {$use_smartconnect == 0} {
##     set connect_type "axi_interconnect"
##   }
## 
##   if {$p_sel eq "SIM"} {
##     if {$sys_mem_interconnect_index < 0} {
##       ad_ip_instance $connect_type axi_mem_interconnect
##     }
##     set m_interconnect_index $sys_mem_interconnect_index
##     set m_interconnect_cell [get_bd_cells axi_mem_interconnect]
##     set m_addr_seg [get_bd_addr_segs -of_objects [get_bd_cells ddr_axi_vip]]
##   }
## 
##   if {$p_sel eq "MEM"} {
##     if {$sys_mem_interconnect_index < 0} {
##       ad_ip_instance $connect_type axi_mem_interconnect
##     }
##     set m_interconnect_index $sys_mem_interconnect_index
##     set m_interconnect_cell [get_bd_cells axi_mem_interconnect]
##     set m_addr_seg [get_bd_addr_segs -of_objects [get_bd_cells axi_ddr_cntrl] -filter "USAGE == memory"]
##   }
## 
##   if {($p_sel eq "HP0") && ($sys_zynq == 1)} {
##     if {$sys_hp0_interconnect_index < 0} {
##       set p_name_int sys_ps7/S_AXI_HP0
##       set_property CONFIG.PCW_USE_S_AXI_HP0 {1} [get_bd_cells sys_ps7]
##       ad_ip_instance $connect_type axi_hp0_interconnect
##     }
##     set m_interconnect_index $sys_hp0_interconnect_index
##     set m_interconnect_cell [get_bd_cells axi_hp0_interconnect]
##     set m_addr_seg [get_bd_addr_segs sys_ps7/S_AXI_HP0/HP0_DDR_LOWOCM]
##   }
## 
##   if {($p_sel eq "HP1") && ($sys_zynq == 1)} {
##     if {$sys_hp1_interconnect_index < 0} {
##       set p_name_int sys_ps7/S_AXI_HP1
##       set_property CONFIG.PCW_USE_S_AXI_HP1 {1} [get_bd_cells sys_ps7]
##       ad_ip_instance $connect_type axi_hp1_interconnect
##     }
##     set m_interconnect_index $sys_hp1_interconnect_index
##     set m_interconnect_cell [get_bd_cells axi_hp1_interconnect]
##     set m_addr_seg [get_bd_addr_segs sys_ps7/S_AXI_HP1/HP1_DDR_LOWOCM]
##   }
## 
##   if {($p_sel eq "HP2") && ($sys_zynq == 1)} {
##     if {$sys_hp2_interconnect_index < 0} {
##       set p_name_int sys_ps7/S_AXI_HP2
##       set_property CONFIG.PCW_USE_S_AXI_HP2 {1} [get_bd_cells sys_ps7]
##       ad_ip_instance $connect_type axi_hp2_interconnect
##     }
##     set m_interconnect_index $sys_hp2_interconnect_index
##     set m_interconnect_cell [get_bd_cells axi_hp2_interconnect]
##     set m_addr_seg [get_bd_addr_segs sys_ps7/S_AXI_HP2/HP2_DDR_LOWOCM]
##   }
## 
##   if {($p_sel eq "HP3") && ($sys_zynq == 1)} {
##     if {$sys_hp3_interconnect_index < 0} {
##       set p_name_int sys_ps7/S_AXI_HP3
##       set_property CONFIG.PCW_USE_S_AXI_HP3 {1} [get_bd_cells sys_ps7]
##       ad_ip_instance $connect_type axi_hp3_interconnect
##     }
##     set m_interconnect_index $sys_hp3_interconnect_index
##     set m_interconnect_cell [get_bd_cells axi_hp3_interconnect]
##     set m_addr_seg [get_bd_addr_segs sys_ps7/S_AXI_HP3/HP3_DDR_LOWOCM]
##   }
## 
##   if {($p_sel eq "HPC0") && ($sys_zynq == 2)} {
##     if {$sys_hpc0_interconnect_index < 0} {
##       set p_name_int sys_ps8/S_AXI_HPC0_FPD
##       set_property CONFIG.PSU__USE__S_AXI_GP0 {1} [get_bd_cells sys_ps8]
##       set_property CONFIG.PSU__AFI0_COHERENCY {1} [get_bd_cells sys_ps8]
##       ad_ip_instance $connect_type axi_hpc0_interconnect
##     }
##     set m_interconnect_index $sys_hpc0_interconnect_index
##     set m_interconnect_cell [get_bd_cells axi_hpc0_interconnect]
##     set m_addr_seg [get_bd_addr_segs sys_ps8/SAXIGP0/HPC0_DDR_*]
##   }
## 
##   if {($p_sel eq "HPC1") && ($sys_zynq == 2)} {
##     if {$sys_hpc1_interconnect_index < 0} {
##       set p_name_int sys_ps8/S_AXI_HPC1_FPD
##       set_property CONFIG.PSU__USE__S_AXI_GP1 {1} [get_bd_cells sys_ps8]
##       set_property CONFIG.PSU__AFI1_COHERENCY {1} [get_bd_cells sys_ps8]
##       ad_ip_instance $connect_type axi_hpc1_interconnect
##     }
##     set m_interconnect_index $sys_hpc1_interconnect_index
##     set m_interconnect_cell [get_bd_cells axi_hpc1_interconnect]
##     set m_addr_seg [get_bd_addr_segs sys_ps8/SAXIGP1/HPC1_DDR_*]
##   }
## 
##   if {($p_sel eq "HP0") && ($sys_zynq == 2)} {
##     if {$sys_hp0_interconnect_index < 0} {
##       set p_name_int sys_ps8/S_AXI_HP0_FPD
##       set_property CONFIG.PSU__USE__S_AXI_GP2 {1} [get_bd_cells sys_ps8]
##       ad_ip_instance $connect_type axi_hp0_interconnect
##     }
##     set m_interconnect_index $sys_hp0_interconnect_index
##     set m_interconnect_cell [get_bd_cells axi_hp0_interconnect]
##     set m_addr_seg [get_bd_addr_segs sys_ps8/SAXIGP2/HP0_DDR_*]
##   }
## 
##   if {($p_sel eq "HP1") && ($sys_zynq == 2)} {
##     if {$sys_hp1_interconnect_index < 0} {
##       set p_name_int sys_ps8/S_AXI_HP1_FPD
##       set_property CONFIG.PSU__USE__S_AXI_GP3 {1} [get_bd_cells sys_ps8]
##       ad_ip_instance $connect_type axi_hp1_interconnect
##     }
##     set m_interconnect_index $sys_hp1_interconnect_index
##     set m_interconnect_cell [get_bd_cells axi_hp1_interconnect]
##     set m_addr_seg [get_bd_addr_segs sys_ps8/SAXIGP3/HP1_DDR_*]
##   }
## 
##   if {($p_sel eq "HP2") && ($sys_zynq == 2)} {
##     if {$sys_hp2_interconnect_index < 0} {
##       set p_name_int sys_ps8/S_AXI_HP2_FPD
##       set_property CONFIG.PSU__USE__S_AXI_GP4 {1} [get_bd_cells sys_ps8]
##       ad_ip_instance $connect_type axi_hp2_interconnect
##     }
##     set m_interconnect_index $sys_hp2_interconnect_index
##     set m_interconnect_cell [get_bd_cells axi_hp2_interconnect]
##     set m_addr_seg [get_bd_addr_segs sys_ps8/SAXIGP4/HP2_DDR_*]
##   }
## 
##   if {($p_sel eq "HP3") && ($sys_zynq == 2)} {
##     if {$sys_hp3_interconnect_index < 0} {
##       set p_name_int sys_ps8/S_AXI_HP3_FPD
##       set_property CONFIG.PSU__USE__S_AXI_GP5 {1} [get_bd_cells sys_ps8]
##       ad_ip_instance $connect_type axi_hp3_interconnect
##     }
##     set m_interconnect_index $sys_hp3_interconnect_index
##     set m_interconnect_cell [get_bd_cells axi_hp3_interconnect]
##     set m_addr_seg [get_bd_addr_segs sys_ps8/SAXIGP5/HP3_DDR_*]
##   }
## 
##   if {$p_sel eq "NOC"} {
##     set m_interconnect_index [get_property CONFIG.NUM_SI [get_bd_cells axi_noc_0]]
##     set m_interconnect_cell [get_bd_cells axi_noc_0]
##     set m_addr_seg [get_bd_addr_segs  axi_noc_0/S[format "%02s" [expr $m_interconnect_index +1]]_AXI/C0_DDR_LOW0]
##     set sys_mem_clk_index [expr [get_property CONFIG.NUM_CLKS [get_bd_cells axi_noc_0]]-1]
##   }
## 
##   set i_str "S$m_interconnect_index"
##   if {$m_interconnect_index < 10} {
##     set i_str "S0$m_interconnect_index"
##   }
## 
##   set m_interconnect_index [expr $m_interconnect_index + 1]
## 
##   set p_intf_name [lrange [split $p_name_int "/"] end end]
##   set p_cell_name [lrange [split $p_name_int "/"] 0 0]
##   set p_intf_clock [get_bd_pins -filter "TYPE == clk && (CONFIG.ASSOCIATED_BUSIF == ${p_intf_name} || \
##     CONFIG.ASSOCIATED_BUSIF =~ ${p_intf_name}:* || CONFIG.ASSOCIATED_BUSIF =~ *:${p_intf_name} || \
##     CONFIG.ASSOCIATED_BUSIF =~ *:${p_intf_name}:*)" -quiet -of_objects [get_bd_cells $p_cell_name]]
##   if {[find_bd_objs -quiet -relation connected_to $p_intf_clock] ne "" ||
##       $p_intf_clock eq $p_clk_source} {
##     set p_intf_clock ""
##   }
## 
##   regsub clk $p_clk resetn p_rst
##   if {[get_bd_nets -quiet $p_rst] eq ""} {
##     set p_rst sys_cpu_resetn
##   }
## 
##   if {$m_interconnect_index == 0} {
##     set_property CONFIG.NUM_MI 1 $m_interconnect_cell
##     set_property CONFIG.NUM_SI 1 $m_interconnect_cell
##     ad_connect $p_rst $m_interconnect_cell/ARESETN
##     ad_connect $p_clk $m_interconnect_cell/ACLK
##     ad_connect $m_interconnect_cell/M00_AXI $p_name_int
##     if {$use_smartconnect == 0} {
##       ad_connect $p_rst $m_interconnect_cell/M00_ARESETN
##       ad_connect $p_clk $m_interconnect_cell/M00_ACLK
##     }
##     if {$p_intf_clock ne ""} {
##       ad_connect $p_clk $p_intf_clock
##     }
##   } else {
## 
##     set_property CONFIG.NUM_SI $m_interconnect_index $m_interconnect_cell
##     if {$use_smartconnect == 1} {
##       set clk_index [lsearch [get_bd_nets -of_object [get_bd_pins $m_interconnect_cell/ACLK*]] [get_bd_nets $p_clk]]
##       if { $clk_index == -1 } {
##           incr sys_mem_clk_index
##           set_property CONFIG.NUM_CLKS [expr $sys_mem_clk_index +1] $m_interconnect_cell
##           ad_connect $p_clk $m_interconnect_cell/ACLK$sys_mem_clk_index
##           set asocc_clk_pin  $m_interconnect_cell/ACLK$sys_mem_clk_index
##       } else {
##         set asocc_clk_pin [lindex [get_bd_pins $m_interconnect_cell/ACLK*] $clk_index]
##       }
##     } else {
##       ad_connect $p_rst $m_interconnect_cell/${i_str}_ARESETN
##       ad_connect $p_clk $m_interconnect_cell/${i_str}_ACLK
##     }
##     ad_connect $m_interconnect_cell/${i_str}_AXI $p_name_int
##     if {$p_intf_clock ne ""} {
##       ad_connect $p_clk $p_intf_clock
##     }
## 
##     if {$p_sel eq "NOC"} {
##       set_property -dict [list CONFIG.CONNECTIONS {MC_0 { read_bw {1720} write_bw {1720} read_avg_burst {4} write_avg_burst {4}} }] [get_bd_intf_pins /axi_noc_0/${i_str}_AXI]
##       # Add the new bus as associated to the clock pin, append new if other exists
##       set clk_asoc_port [get_property CONFIG.ASSOCIATED_BUSIF [get_bd_pins $asocc_clk_pin]]
##       if {$clk_asoc_port != {}} {
##        set clk_asoc_port ${clk_asoc_port}:
##       }
##       set_property -dict [list CONFIG.ASSOCIATED_BUSIF ${clk_asoc_port}${i_str}_AXI] [get_bd_pins $asocc_clk_pin]
##     }
## 
##     set mem_mapped ""
##     if {$p_sel eq "MEM"} {
##       # Search a DDR segment that is at least 16MB
##       set mem_mapped [get_bd_addr_segs -of [get_bd_addr_spaces -of  [get_bd_intf_pins -filter {NAME=~ *DLMB*} -of [get_bd_cells /sys_mb]]] -regexp -filter {NAME=~ ".*ddr.*" && RANGE=~".*0{6}$"}]
##     }
##     if {$p_sel eq "SIM"} {
##       set mem_mapped [get_bd_addr_segs -of [get_bd_addr_spaces -of  [get_bd_intf_pins -filter {NAME=~ *M_AXI*} -of [get_bd_cells /mng_axi_vip]]] -filter {NAME=~ *DDR* || NAME=~ *ddr*}]
##     }
## 
##     if {$mem_mapped eq ""} {
##       assign_bd_address $m_addr_seg
##     } else {
##       assign_bd_address -offset [get_property OFFSET $mem_mapped] \
##                         -range  [get_property RANGE $mem_mapped] $m_addr_seg
##     }
##   }
## 
##   if {($use_smartconnect == 0) && ($m_interconnect_index > 1)} {
##     set_property CONFIG.STRATEGY {2} $m_interconnect_cell
##   }
## 
##   if {$p_sel eq "SIM"} {set sys_mem_interconnect_index $m_interconnect_index}
##   if {$p_sel eq "MEM"} {set sys_mem_interconnect_index $m_interconnect_index}
##   if {$p_sel eq "HPC0"} {set sys_hpc0_interconnect_index $m_interconnect_index}
##   if {$p_sel eq "HPC1"} {set sys_hpc1_interconnect_index $m_interconnect_index}
##   if {$p_sel eq "HP0"} {set sys_hp0_interconnect_index $m_interconnect_index}
##   if {$p_sel eq "HP1"} {set sys_hp1_interconnect_index $m_interconnect_index}
##   if {$p_sel eq "HP2"} {set sys_hp2_interconnect_index $m_interconnect_index}
##   if {$p_sel eq "HP3"} {set sys_hp3_interconnect_index $m_interconnect_index}
## 
## }
## proc ad_cpu_interconnect {p_address p_name {p_intf_name {}}} {
## 
##   global sys_zynq
##   global sys_cpu_interconnect_index
##   global use_smartconnect
## 
##   set i_str "M$sys_cpu_interconnect_index"
##   if {$sys_cpu_interconnect_index < 10} {
##     set i_str "M0$sys_cpu_interconnect_index"
##   }
## 
##   if {$sys_cpu_interconnect_index == 0} {
## 
##     if {$use_smartconnect == 1} {
##       ad_ip_instance smartconnect axi_cpu_interconnect [ list \
##         NUM_MI 1 \
##         NUM_SI 1 \
##       ]
##       ad_connect sys_cpu_clk axi_cpu_interconnect/aclk
##       ad_connect sys_cpu_resetn axi_cpu_interconnect/aresetn
##     } else {
##       ad_ip_instance axi_interconnect axi_cpu_interconnect
##       ad_connect sys_cpu_clk axi_cpu_interconnect/ACLK
##       ad_connect sys_cpu_clk axi_cpu_interconnect/S00_ACLK
##       ad_connect sys_cpu_resetn axi_cpu_interconnect/ARESETN
##       ad_connect sys_cpu_resetn axi_cpu_interconnect/S00_ARESETN
##     }
## 
##     if {$sys_zynq == 3} {
##       ad_connect sys_cpu_clk sys_cips/m_axi_fpd_aclk
##       ad_connect axi_cpu_interconnect/S00_AXI sys_cips/M_AXI_FPD
##     }
##     if {$sys_zynq == 2} {
##       ad_connect sys_cpu_clk sys_ps8/maxihpm0_lpd_aclk
##       ad_connect axi_cpu_interconnect/S00_AXI sys_ps8/M_AXI_HPM0_LPD
##     }
##     if {$sys_zynq == 1} {
##       ad_connect sys_cpu_clk sys_ps7/M_AXI_GP0_ACLK
##       ad_connect axi_cpu_interconnect/S00_AXI sys_ps7/M_AXI_GP0
##     }
##     if {$sys_zynq == 0} {
##       ad_connect axi_cpu_interconnect/S00_AXI sys_mb/M_AXI_DP
##     }
##     if {$sys_zynq == -1} {
##       ad_connect axi_cpu_interconnect/S00_AXI mng_axi_vip/M_AXI
##     }
##   }
## 
##   if {$sys_zynq == 3} {
##     set sys_addr_cntrl_space [get_bd_addr_spaces /sys_cips/M_AXI_FPD]
##   }
##   if {$sys_zynq == 2} {
##     set sys_addr_cntrl_space [get_bd_addr_spaces sys_ps8/Data]
##   }
##   if {$sys_zynq == 1} {
##     set sys_addr_cntrl_space [get_bd_addr_spaces sys_ps7/Data]
##   }
##   if {$sys_zynq == 0} {
##     set sys_addr_cntrl_space [get_bd_addr_spaces sys_mb/Data]
##   }
##   if {$sys_zynq == -1} {
##     set sys_addr_cntrl_space [get_bd_addr_spaces mng_axi_vip/Master_AXI]
##   }
## 
##   set sys_cpu_interconnect_index [expr $sys_cpu_interconnect_index + 1]
## 
## 
##   set p_cell [get_bd_cells $p_name]
##   set p_intf [get_bd_intf_pins -filter \
##     "MODE == Slave && VLNV == xilinx.com:interface:aximm_rtl:1.0 && NAME =~ *$p_intf_name*"\
##     -of_objects $p_cell]
## 
##   set p_hier_cell $p_cell
##   set p_hier_intf $p_intf
## 
##   while {$p_hier_intf != "" && [get_property TYPE $p_hier_cell] == "hier"} {
##     set p_hier_intf [find_bd_objs -boundary_type lower \
##       -relation connected_to $p_hier_intf]
##     if {$p_hier_intf != {}} {
##       set p_hier_cell [get_bd_cells -of_objects $p_hier_intf]
##     } else {
##       set p_hier_cell {}
##     }
##   }
## 
##   set p_intf_clock ""
##   set p_intf_reset ""
## 
##   if {$p_hier_cell != {}} {
##     set p_intf_name [lrange [split $p_hier_intf "/"] end end]
## 
##     set p_intf_clock [get_bd_pins -filter "TYPE == clk && \
##       (CONFIG.ASSOCIATED_BUSIF == ${p_intf_name} || \
##       CONFIG.ASSOCIATED_BUSIF =~ ${p_intf_name}:* || \
##       CONFIG.ASSOCIATED_BUSIF =~ *:${p_intf_name} || \
##       CONFIG.ASSOCIATED_BUSIF =~ *:${p_intf_name}:*)" \
##       -quiet -of_objects $p_hier_cell]
##     set p_intf_reset [get_bd_pins -filter "TYPE == rst && \
##       (CONFIG.ASSOCIATED_BUSIF == ${p_intf_name} || \
##        CONFIG.ASSOCIATED_BUSIF =~ ${p_intf_name}:* ||
##        CONFIG.ASSOCIATED_BUSIF =~ *:${p_intf_name} || \
##        CONFIG.ASSOCIATED_BUSIF =~ *:${p_intf_name}:*)" \
##        -quiet -of_objects $p_hier_cell]
## 
##     if {($p_intf_clock ne "") && ($p_intf_reset eq "")} {
##       set p_intf_reset [get_property CONFIG.ASSOCIATED_RESET [get_bd_pins ${p_intf_clock}]]
##       if {$p_intf_reset ne ""} {
##         set p_intf_reset [get_bd_pins -filter "NAME == $p_intf_reset" -of_objects $p_hier_cell]
##       }
##     }
## 
##     # Trace back up
##     set p_hier_cell2 $p_hier_cell
## 
##     while {$p_intf_clock != {} && $p_hier_cell2 != $p_cell && $p_hier_cell2 != {}} {
##       puts $p_intf_clock
##       puts $p_hier_cell2
##       set p_intf_clock [find_bd_objs -boundary_type upper \
##         -relation connected_to $p_intf_clock]
##       if {$p_intf_clock != {}} {
##         set p_intf_clock [get_bd_pins [get_property PATH $p_intf_clock]]
##         set p_hier_cell2 [get_bd_cells -of_objects $p_intf_clock]
##       }
##     }
## 
##     set p_hier_cell2 $p_hier_cell
## 
##     while {$p_intf_reset != {} && $p_hier_cell2 != $p_cell && $p_hier_cell2 != {}} {
##       set p_intf_reset [find_bd_objs -boundary_type upper \
##         -relation connected_to $p_intf_reset]
##       if {$p_intf_reset != {}} {
##         set p_intf_reset [get_bd_pins [get_property PATH $p_intf_reset]]
##         set p_hier_cell2 [get_bd_cells -of_objects $p_intf_reset]
##       }
##     }
##   }
## 
## 
##   if {[find_bd_objs -quiet -relation connected_to $p_intf_clock] ne ""} {
##     set p_intf_clock ""
##   }
##   if {$p_intf_reset ne ""} {
##     if {[find_bd_objs -quiet -relation connected_to $p_intf_reset] ne ""} {
##       set p_intf_reset ""
##     }
##   }
## 
##   set_property CONFIG.NUM_MI $sys_cpu_interconnect_index [get_bd_cells axi_cpu_interconnect]
## 
##   if {$use_smartconnect == 0} {
##     ad_connect sys_cpu_clk axi_cpu_interconnect/${i_str}_ACLK
##     ad_connect sys_cpu_resetn axi_cpu_interconnect/${i_str}_ARESETN
##   }
##   if {$p_intf_clock ne ""} {
##     ad_connect sys_cpu_clk ${p_intf_clock}
##   }
##   if {$p_intf_reset ne ""} {
##     ad_connect sys_cpu_resetn ${p_intf_reset}
##   }
##   ad_connect axi_cpu_interconnect/${i_str}_AXI ${p_intf}
## 
##   set p_seg [get_bd_addr_segs -of [get_bd_addr_spaces -of [get_bd_intf_pins -filter "NAME=~ *${p_intf_name}*" -of $p_hier_cell]]]
##   set p_index 0
##   foreach p_seg_name $p_seg {
##     if {$p_index == 0} {
##       set p_seg_range [get_property range $p_seg_name]
##       if {$p_seg_range < 0x1000} {
##         set p_seg_range 0x1000
##       }
##       if {$sys_zynq == 3} {
##         if {($p_address >= 0x44000000) && ($p_address <= 0x4fffffff)} {
##           # place axi peripherics in A400_0000-AFFF_FFFF range
##           set p_address [expr ($p_address + 0x60000000)]
##         } elseif {($p_address >= 0x70000000) && ($p_address <= 0x7fffffff)} {
##           # place axi peripherics in B000_0000-BFFF_FFFF range
##           set p_address [expr ($p_address + 0x40000000)]
##         } else {
##           error "ERROR: ad_cpu_interconnect : Cannot map ($p_address) to aperture, \
##                 Addess out of range 0x4400_0000 - 0X4FFF_FFFF; 0x7000_0000 - 0X7FFF_FFFF !"
##         }
##       }
##       if {$sys_zynq == 2} {
##         if {($p_address >= 0x40000000) && ($p_address <= 0x4fffffff)} {
##           set p_address [expr ($p_address + 0x40000000)]
##         }
##         if {($p_address >= 0x70000000) && ($p_address <= 0x7fffffff)} {
##           set p_address [expr ($p_address + 0x20000000)]
##         }
##       }
##       create_bd_addr_seg -range $p_seg_range \
##         -offset $p_address $sys_addr_cntrl_space \
##         $p_seg_name "SEG_data_${p_name}"
##     } else {
##       assign_bd_address $p_seg_name
##     }
##     incr p_index
##   }
## }
## proc ad_cpu_interrupt {p_ps_index p_mb_index p_name} {
## 
##   global sys_zynq
## 
##   if {$sys_zynq <= 0} {set p_index_int $p_mb_index}
##   if {$sys_zynq >= 1} {set p_index_int $p_ps_index}
## 
##   set p_index [regsub -all {[^0-9]} $p_index_int ""]
##   set m_index [expr ($p_index - 8)]
## 
##   if {$sys_zynq == 3} {
##    if {$p_index < 0 || $p_index > 15} {
##       error "ERROR: ad_cpu_interrupt : Interrupt index ($p_index) out of range 0-15 "
##     }
##     ad_connect $p_name sys_cips/pl_ps_irq$p_index
##   }
## 
##   if {($sys_zynq == 2) && ($p_index <= 7)} {
##     set p_net [get_bd_nets -of_objects [get_bd_pins sys_concat_intc_0/In$p_index]]
##     set p_pin [get_bd_pins sys_concat_intc_0/In$p_index]
## 
##     puts "disconnect_bd_net $p_net $p_pin"
##     disconnect_bd_net $p_net $p_pin
##     ad_connect sys_concat_intc_0/In$p_index $p_name
##   }
## 
##   if {($sys_zynq == 2) && ($p_index >= 8)} {
##     set p_net [get_bd_nets -of_objects [get_bd_pins sys_concat_intc_1/In$m_index]]
##     set p_pin [get_bd_pins sys_concat_intc_1/In$m_index]
## 
##     puts "disconnect_bd_net $p_net $p_pin"
##     disconnect_bd_net $p_net $p_pin
##     ad_connect sys_concat_intc_1/In$m_index $p_name
##   }
## 
##   if {$sys_zynq <= 1} {
## 
##     set p_net [get_bd_nets -of_objects [get_bd_pins sys_concat_intc/In$p_index]]
##     set p_pin [get_bd_pins sys_concat_intc/In$p_index]
## 
##     puts "disconnect_bd_net $p_net $p_pin"
##     disconnect_bd_net $p_net $p_pin
##     ad_connect sys_concat_intc/In$p_index $p_name
##   }
## }
# adi_project_create adrv9364z7020_ccbob_lvds 0 {} "xc7z020clg400-1"
INFO: [IP_Flow 19-234] Refreshing IP repositories
INFO: [IP_Flow 19-1700] Loaded user IP repository '/home/luukieboy/Documents/thesis/hdl/library'.
INFO: [IP_Flow 19-2313] Loaded Vivado IP repository '/tools/Xilinx/Vivado/2023.2/data/ip'.
## set_msg_config -id {Vivado 12-1790} -string "Evaluation features should NOT be used in production systems." -new_severity WARNING
## set_msg_config -id {BD 41-1343} -new_severity WARNING
## set_msg_config -id {BD 41-1306} -new_severity WARNING
## set_msg_config -severity {CRITICAL WARNING} -quiet -id {BD 41-1276} -new_severity ERROR
## set_msg_config -id {IP_Flow 19-3656} -new_severity INFO
## set_msg_config -id {IP_Flow 19-4623} -new_severity INFO
## set_msg_config -id {IP_Flow 19-459} -new_severity INFO
## set_msg_config -id {Synth 8-3331} -new_severity INFO
## set_msg_config -id {Synth 8-2490} -new_severity WARNING
## set_msg_config -id {Designutils 20-3303} -string "HDPYFinalizeIO" -new_severity INFO
## set_msg_config -id {Place 30-73} -string "axi_spi" -new_severity WARNING
## set_msg_config -string "PCW_UIPARAM_DDR_DQS_TO_CLK_DELAY" -new_severity WARNING
Wrote  : </home/luukieboy/Documents/thesis/hdl/projects/adrv9364z7020/ccbob_lvds/adrv9364z7020_ccbob_lvds.srcs/sources_1/bd/system/system.bd> 
## source ../common/adrv9364z7020_bd.tcl
### create_bd_intf_port -mode Master -vlnv xilinx.com:interface:ddrx_rtl:1.0 ddr
### create_bd_intf_port -mode Master -vlnv xilinx.com:interface:iic_rtl:1.0 iic_main
### create_bd_intf_port -mode Master -vlnv xilinx.com:display_processing_system7:fixedio_rtl:1.0 fixed_io
### create_bd_port -dir O spi0_csn_2_o
### create_bd_port -dir O spi0_csn_1_o
### create_bd_port -dir O spi0_csn_0_o
### create_bd_port -dir I spi0_csn_i
### create_bd_port -dir I spi0_clk_i
### create_bd_port -dir O spi0_clk_o
### create_bd_port -dir I spi0_sdo_i
### create_bd_port -dir O spi0_sdo_o
### create_bd_port -dir I spi0_sdi_i
### create_bd_port -dir O spi1_csn_2_o
### create_bd_port -dir O spi1_csn_1_o
### create_bd_port -dir O spi1_csn_0_o
### create_bd_port -dir I spi1_csn_i
### create_bd_port -dir I spi1_clk_i
### create_bd_port -dir O spi1_clk_o
### create_bd_port -dir I spi1_sdo_i
### create_bd_port -dir O spi1_sdo_o
### create_bd_port -dir I spi1_sdi_i
### create_bd_port -dir I -from 63 -to 0 gpio_i
### create_bd_port -dir O -from 63 -to 0 gpio_o
### create_bd_port -dir O -from 63 -to 0 gpio_t
### set otg_vbusoc      [create_bd_port -dir I otg_vbusoc]
### ad_ip_instance processing_system7 sys_ps7
### ad_ip_parameter sys_ps7 CONFIG.PCW_PRESET_BANK0_VOLTAGE "LVCMOS 1.8V"
### ad_ip_parameter sys_ps7 CONFIG.PCW_PRESET_BANK1_VOLTAGE "LVCMOS 1.8V"
### ad_ip_parameter sys_ps7 CONFIG.PCW_PACKAGE_NAME fbg676
### ad_ip_parameter sys_ps7 CONFIG.PCW_GPIO_MIO_GPIO_ENABLE 1
### ad_ip_parameter sys_ps7 CONFIG.PCW_ENET0_PERIPHERAL_ENABLE 1
### ad_ip_parameter sys_ps7 CONFIG.PCW_ENET0_ENET0_IO "MIO 16 .. 27"
### ad_ip_parameter sys_ps7 CONFIG.PCW_ENET0_GRP_MDIO_ENABLE 1
### ad_ip_parameter sys_ps7 CONFIG.PCW_ENET0_GRP_MDIO_IO "MIO 52 .. 53"
### ad_ip_parameter sys_ps7 CONFIG.PCW_ENET1_PERIPHERAL_ENABLE 1
### ad_ip_parameter sys_ps7 CONFIG.PCW_ENET_RESET_SELECT "Separate reset pins"
### ad_ip_parameter sys_ps7 CONFIG.PCW_ENET0_RESET_ENABLE 1
### ad_ip_parameter sys_ps7 CONFIG.PCW_ENET0_RESET_IO "MIO 8"
### ad_ip_parameter sys_ps7 CONFIG.PCW_ENET1_RESET_ENABLE 1
### ad_ip_parameter sys_ps7 CONFIG.PCW_ENET1_RESET_IO "MIO 51"
### ad_ip_parameter sys_ps7 CONFIG.PCW_SD0_PERIPHERAL_ENABLE 1
### ad_ip_parameter sys_ps7 CONFIG.PCW_SD0_GRP_CD_ENABLE 1
### ad_ip_parameter sys_ps7 CONFIG.PCW_SD0_GRP_CD_IO "MIO 50"
### ad_ip_parameter sys_ps7 CONFIG.PCW_SDIO_PERIPHERAL_FREQMHZ 50
### ad_ip_parameter sys_ps7 CONFIG.PCW_UART1_PERIPHERAL_ENABLE 1
### ad_ip_parameter sys_ps7 CONFIG.PCW_USB0_PERIPHERAL_ENABLE 1
### ad_ip_parameter sys_ps7 CONFIG.PCW_USB0_RESET_ENABLE 1
### ad_ip_parameter sys_ps7 CONFIG.PCW_USB0_RESET_IO "MIO 7"
### ad_ip_parameter sys_ps7 CONFIG.PCW_QSPI_PERIPHERAL_ENABLE 1
### ad_ip_parameter sys_ps7 CONFIG.PCW_UIPARAM_DDR_PARTNO "MT41K256M16 RE-125"
### ad_ip_parameter sys_ps7 CONFIG.PCW_UIPARAM_DDR_BUS_WIDTH "32 Bit"
### ad_ip_parameter sys_ps7 CONFIG.PCW_UIPARAM_DDR_USE_INTERNAL_VREF 0
### ad_ip_parameter sys_ps7 CONFIG.PCW_UIPARAM_DDR_TRAIN_WRITE_LEVEL 1
### ad_ip_parameter sys_ps7 CONFIG.PCW_UIPARAM_DDR_TRAIN_READ_GATE 1
### ad_ip_parameter sys_ps7 CONFIG.PCW_UIPARAM_DDR_TRAIN_DATA_EYE 1
### ad_ip_parameter sys_ps7 CONFIG.PCW_UIPARAM_DDR_DQS_TO_CLK_DELAY_0 0.110
### ad_ip_parameter sys_ps7 CONFIG.PCW_UIPARAM_DDR_DQS_TO_CLK_DELAY_1 0.095
### ad_ip_parameter sys_ps7 CONFIG.PCW_UIPARAM_DDR_DQS_TO_CLK_DELAY_2 0.249
### ad_ip_parameter sys_ps7 CONFIG.PCW_UIPARAM_DDR_DQS_TO_CLK_DELAY_3 0.249
### ad_ip_parameter sys_ps7 CONFIG.PCW_UIPARAM_DDR_BOARD_DELAY0 0.202
### ad_ip_parameter sys_ps7 CONFIG.PCW_UIPARAM_DDR_BOARD_DELAY1 0.217
### ad_ip_parameter sys_ps7 CONFIG.PCW_UIPARAM_DDR_BOARD_DELAY2 0.216
### ad_ip_parameter sys_ps7 CONFIG.PCW_UIPARAM_DDR_BOARD_DELAY3 0.217
### ad_ip_parameter sys_ps7 CONFIG.PCW_TTC0_PERIPHERAL_ENABLE 0
### ad_ip_parameter sys_ps7 CONFIG.PCW_EN_CLK1_PORT 1
### ad_ip_parameter sys_ps7 CONFIG.PCW_EN_RST1_PORT 1
### ad_ip_parameter sys_ps7 CONFIG.PCW_EN_CLK2_PORT 1
### ad_ip_parameter sys_ps7 CONFIG.PCW_EN_RST2_PORT 1
### ad_ip_parameter sys_ps7 CONFIG.PCW_FPGA0_PERIPHERAL_FREQMHZ 100.0
### ad_ip_parameter sys_ps7 CONFIG.PCW_FPGA1_PERIPHERAL_FREQMHZ 200.0
### ad_ip_parameter sys_ps7 CONFIG.PCW_FPGA2_PERIPHERAL_FREQMHZ 200.0
### ad_ip_parameter sys_ps7 CONFIG.PCW_USE_FABRIC_INTERRUPT 1
### ad_ip_parameter sys_ps7 CONFIG.PCW_IRQ_F2P_INTR 1
### ad_ip_parameter sys_ps7 CONFIG.PCW_GPIO_EMIO_GPIO_ENABLE 1
### ad_ip_parameter sys_ps7 CONFIG.PCW_GPIO_EMIO_GPIO_IO 64
### ad_ip_parameter sys_ps7 CONFIG.PCW_IRQ_F2P_MODE REVERSE
### ad_ip_parameter sys_ps7 CONFIG.PCW_SPI0_PERIPHERAL_ENABLE 1
### ad_ip_parameter sys_ps7 CONFIG.PCW_SPI0_SPI0_IO EMIO
### ad_ip_parameter sys_ps7 CONFIG.PCW_SPI1_PERIPHERAL_ENABLE 1
### ad_ip_parameter sys_ps7 CONFIG.PCW_SPI1_SPI1_IO EMIO
### ad_ip_instance axi_iic axi_iic_main
### ad_ip_parameter axi_iic_main CONFIG.USE_BOARD_FLOW true
### ad_ip_parameter axi_iic_main CONFIG.IIC_BOARD_INTERFACE Custom
### ad_ip_instance xlconcat sys_concat_intc
### ad_ip_parameter sys_concat_intc CONFIG.NUM_PORTS 16
### ad_ip_instance proc_sys_reset sys_rstgen
### ad_ip_parameter sys_rstgen CONFIG.C_EXT_RST_WIDTH 1
### ad_ip_instance util_vector_logic sys_logic_inv
### ad_ip_parameter sys_logic_inv CONFIG.C_SIZE 1
### ad_ip_parameter sys_logic_inv CONFIG.C_OPERATION not
### ad_connect sys_cpu_clk sys_ps7/FCLK_CLK0
connect_bd_net -net sys_cpu_clk /sys_ps7/FCLK_CLK0
### ad_connect sys_200m_clk sys_ps7/FCLK_CLK1
connect_bd_net -net sys_200m_clk /sys_ps7/FCLK_CLK1
### ad_connect sys_cpu_reset sys_rstgen/peripheral_reset
connect_bd_net -net sys_cpu_reset /sys_rstgen/peripheral_reset
### ad_connect sys_cpu_resetn sys_rstgen/peripheral_aresetn
connect_bd_net -net sys_cpu_resetn /sys_rstgen/peripheral_aresetn
### ad_connect sys_cpu_clk sys_rstgen/slowest_sync_clk
connect_bd_net -net /sys_cpu_clk /sys_rstgen/slowest_sync_clk
### ad_connect sys_rstgen/ext_reset_in sys_ps7/FCLK_RESET0_N
connect_bd_net /sys_rstgen/ext_reset_in /sys_ps7/FCLK_RESET0_N
### ad_connect ddr sys_ps7/DDR
connect_bd_intf_net /ddr /sys_ps7/DDR
### ad_connect gpio_i sys_ps7/GPIO_I
WARNING: [BD 41-1306] The connection to interface pin </sys_ps7/GPIO_I> is being overridden by the user with net <gpio_i_1>. This pin will not be connected as a part of interface connection <GPIO_0>.
connect_bd_net /gpio_i /sys_ps7/GPIO_I
### ad_connect gpio_o sys_ps7/GPIO_O
WARNING: [BD 41-1306] The connection to interface pin </sys_ps7/GPIO_O> is being overridden by the user with net <sys_ps7_GPIO_O>. This pin will not be connected as a part of interface connection <GPIO_0>.
connect_bd_net /gpio_o /sys_ps7/GPIO_O
### ad_connect gpio_t sys_ps7/GPIO_T
WARNING: [BD 41-1306] The connection to interface pin </sys_ps7/GPIO_T> is being overridden by the user with net <sys_ps7_GPIO_T>. This pin will not be connected as a part of interface connection <GPIO_0>.
connect_bd_net /gpio_t /sys_ps7/GPIO_T
### ad_connect fixed_io sys_ps7/FIXED_IO
connect_bd_intf_net /fixed_io /sys_ps7/FIXED_IO
### ad_connect iic_main axi_iic_main/iic
connect_bd_intf_net /iic_main /axi_iic_main/IIC
### ad_connect sys_logic_inv/Res sys_ps7/USB0_VBUS_PWRFAULT
WARNING: [BD 41-1306] The connection to interface pin </sys_ps7/USB0_VBUS_PWRFAULT> is being overridden by the user with net <sys_logic_inv_Res>. This pin will not be connected as a part of interface connection <USBIND_0>.
connect_bd_net /sys_logic_inv/Res /sys_ps7/USB0_VBUS_PWRFAULT
### ad_connect sys_logic_inv/Op1 otg_vbusoc
connect_bd_net /sys_logic_inv/Op1 /otg_vbusoc
### ad_connect spi0_csn_2_o sys_ps7/SPI0_SS2_O
WARNING: [BD 41-1306] The connection to interface pin </sys_ps7/SPI0_SS2_O> is being overridden by the user with net <sys_ps7_SPI0_SS2_O>. This pin will not be connected as a part of interface connection <SPI_0>.
connect_bd_net /spi0_csn_2_o /sys_ps7/SPI0_SS2_O
### ad_connect spi0_csn_1_o sys_ps7/SPI0_SS1_O
WARNING: [BD 41-1306] The connection to interface pin </sys_ps7/SPI0_SS1_O> is being overridden by the user with net <sys_ps7_SPI0_SS1_O>. This pin will not be connected as a part of interface connection <SPI_0>.
connect_bd_net /spi0_csn_1_o /sys_ps7/SPI0_SS1_O
### ad_connect spi0_csn_0_o sys_ps7/SPI0_SS_O
WARNING: [BD 41-1306] The connection to interface pin </sys_ps7/SPI0_SS_O> is being overridden by the user with net <sys_ps7_SPI0_SS_O>. This pin will not be connected as a part of interface connection <SPI_0>.
connect_bd_net /spi0_csn_0_o /sys_ps7/SPI0_SS_O
### ad_connect spi0_csn_i sys_ps7/SPI0_SS_I
WARNING: [BD 41-1306] The connection to interface pin </sys_ps7/SPI0_SS_I> is being overridden by the user with net <spi0_csn_i_1>. This pin will not be connected as a part of interface connection <SPI_0>.
connect_bd_net /spi0_csn_i /sys_ps7/SPI0_SS_I
### ad_connect spi0_clk_i sys_ps7/SPI0_SCLK_I
WARNING: [BD 41-1306] The connection to interface pin </sys_ps7/SPI0_SCLK_I> is being overridden by the user with net <spi0_clk_i_1>. This pin will not be connected as a part of interface connection <SPI_0>.
connect_bd_net /spi0_clk_i /sys_ps7/SPI0_SCLK_I
### ad_connect spi0_clk_o sys_ps7/SPI0_SCLK_O
WARNING: [BD 41-1306] The connection to interface pin </sys_ps7/SPI0_SCLK_O> is being overridden by the user with net <sys_ps7_SPI0_SCLK_O>. This pin will not be connected as a part of interface connection <SPI_0>.
connect_bd_net /spi0_clk_o /sys_ps7/SPI0_SCLK_O
### ad_connect spi0_sdo_i sys_ps7/SPI0_MOSI_I
WARNING: [BD 41-1306] The connection to interface pin </sys_ps7/SPI0_MOSI_I> is being overridden by the user with net <spi0_sdo_i_1>. This pin will not be connected as a part of interface connection <SPI_0>.
connect_bd_net /spi0_sdo_i /sys_ps7/SPI0_MOSI_I
### ad_connect spi0_sdo_o sys_ps7/SPI0_MOSI_O
WARNING: [BD 41-1306] The connection to interface pin </sys_ps7/SPI0_MOSI_O> is being overridden by the user with net <sys_ps7_SPI0_MOSI_O>. This pin will not be connected as a part of interface connection <SPI_0>.
connect_bd_net /spi0_sdo_o /sys_ps7/SPI0_MOSI_O
### ad_connect spi0_sdi_i sys_ps7/SPI0_MISO_I
WARNING: [BD 41-1306] The connection to interface pin </sys_ps7/SPI0_MISO_I> is being overridden by the user with net <spi0_sdi_i_1>. This pin will not be connected as a part of interface connection <SPI_0>.
connect_bd_net /spi0_sdi_i /sys_ps7/SPI0_MISO_I
### ad_connect spi1_csn_2_o sys_ps7/SPI1_SS2_O
WARNING: [BD 41-1306] The connection to interface pin </sys_ps7/SPI1_SS2_O> is being overridden by the user with net <sys_ps7_SPI1_SS2_O>. This pin will not be connected as a part of interface connection <SPI_1>.
connect_bd_net /spi1_csn_2_o /sys_ps7/SPI1_SS2_O
### ad_connect spi1_csn_1_o sys_ps7/SPI1_SS1_O
WARNING: [BD 41-1306] The connection to interface pin </sys_ps7/SPI1_SS1_O> is being overridden by the user with net <sys_ps7_SPI1_SS1_O>. This pin will not be connected as a part of interface connection <SPI_1>.
connect_bd_net /spi1_csn_1_o /sys_ps7/SPI1_SS1_O
### ad_connect spi1_csn_0_o sys_ps7/SPI1_SS_O
WARNING: [BD 41-1306] The connection to interface pin </sys_ps7/SPI1_SS_O> is being overridden by the user with net <sys_ps7_SPI1_SS_O>. This pin will not be connected as a part of interface connection <SPI_1>.
connect_bd_net /spi1_csn_0_o /sys_ps7/SPI1_SS_O
### ad_connect spi1_csn_i sys_ps7/SPI1_SS_I
WARNING: [BD 41-1306] The connection to interface pin </sys_ps7/SPI1_SS_I> is being overridden by the user with net <spi1_csn_i_1>. This pin will not be connected as a part of interface connection <SPI_1>.
connect_bd_net /spi1_csn_i /sys_ps7/SPI1_SS_I
### ad_connect spi1_clk_i sys_ps7/SPI1_SCLK_I
WARNING: [BD 41-1306] The connection to interface pin </sys_ps7/SPI1_SCLK_I> is being overridden by the user with net <spi1_clk_i_1>. This pin will not be connected as a part of interface connection <SPI_1>.
connect_bd_net /spi1_clk_i /sys_ps7/SPI1_SCLK_I
### ad_connect spi1_clk_o sys_ps7/SPI1_SCLK_O
WARNING: [BD 41-1306] The connection to interface pin </sys_ps7/SPI1_SCLK_O> is being overridden by the user with net <sys_ps7_SPI1_SCLK_O>. This pin will not be connected as a part of interface connection <SPI_1>.
connect_bd_net /spi1_clk_o /sys_ps7/SPI1_SCLK_O
### ad_connect spi1_sdo_i sys_ps7/SPI1_MOSI_I
WARNING: [BD 41-1306] The connection to interface pin </sys_ps7/SPI1_MOSI_I> is being overridden by the user with net <spi1_sdo_i_1>. This pin will not be connected as a part of interface connection <SPI_1>.
connect_bd_net /spi1_sdo_i /sys_ps7/SPI1_MOSI_I
### ad_connect spi1_sdo_o sys_ps7/SPI1_MOSI_O
WARNING: [BD 41-1306] The connection to interface pin </sys_ps7/SPI1_MOSI_O> is being overridden by the user with net <sys_ps7_SPI1_MOSI_O>. This pin will not be connected as a part of interface connection <SPI_1>.
connect_bd_net /spi1_sdo_o /sys_ps7/SPI1_MOSI_O
### ad_connect spi1_sdi_i sys_ps7/SPI1_MISO_I
WARNING: [BD 41-1306] The connection to interface pin </sys_ps7/SPI1_MISO_I> is being overridden by the user with net <spi1_sdi_i_1>. This pin will not be connected as a part of interface connection <SPI_1>.
connect_bd_net /spi1_sdi_i /sys_ps7/SPI1_MISO_I
### ad_ip_instance axi_sysid axi_sysid_0
### ad_ip_instance sysid_rom rom_sys_0
### ad_connect  axi_sysid_0/rom_addr   	rom_sys_0/rom_addr
connect_bd_net /axi_sysid_0/rom_addr /rom_sys_0/rom_addr
### ad_connect  axi_sysid_0/sys_rom_data   	rom_sys_0/rom_data
connect_bd_net /axi_sysid_0/sys_rom_data /rom_sys_0/rom_data
### ad_connect  sys_cpu_clk                 rom_sys_0/clk
connect_bd_net -net /sys_cpu_clk /rom_sys_0/clk
### ad_connect sys_concat_intc/dout sys_ps7/IRQ_F2P
connect_bd_net /sys_concat_intc/dout /sys_ps7/IRQ_F2P
### ad_connect sys_concat_intc/In15 GND
connect_bd_net /GND_1/dout /sys_concat_intc/In15
### ad_connect sys_concat_intc/In14 axi_iic_main/iic2intc_irpt
connect_bd_net /sys_concat_intc/In14 /axi_iic_main/iic2intc_irpt
### ad_connect sys_concat_intc/In13 GND
connect_bd_net /GND_1/dout /sys_concat_intc/In13
### ad_connect sys_concat_intc/In12 GND
connect_bd_net /GND_1/dout /sys_concat_intc/In12
### ad_connect sys_concat_intc/In11 GND
connect_bd_net /GND_1/dout /sys_concat_intc/In11
### ad_connect sys_concat_intc/In10 GND
connect_bd_net /GND_1/dout /sys_concat_intc/In10
### ad_connect sys_concat_intc/In9  GND
connect_bd_net /GND_1/dout /sys_concat_intc/In9
### ad_connect sys_concat_intc/In8  GND
connect_bd_net /GND_1/dout /sys_concat_intc/In8
### ad_connect sys_concat_intc/In7  GND
connect_bd_net /GND_1/dout /sys_concat_intc/In7
### ad_connect sys_concat_intc/In6  GND
connect_bd_net /GND_1/dout /sys_concat_intc/In6
### ad_connect sys_concat_intc/In5  GND
connect_bd_net /GND_1/dout /sys_concat_intc/In5
### ad_connect sys_concat_intc/In4  GND
connect_bd_net /GND_1/dout /sys_concat_intc/In4
### ad_connect sys_concat_intc/In3  GND
connect_bd_net /GND_1/dout /sys_concat_intc/In3
### ad_connect sys_concat_intc/In2  GND
connect_bd_net /GND_1/dout /sys_concat_intc/In2
### ad_connect sys_concat_intc/In1  GND
connect_bd_net /GND_1/dout /sys_concat_intc/In1
### ad_connect sys_concat_intc/In0  GND
connect_bd_net /GND_1/dout /sys_concat_intc/In0
### ad_cpu_interconnect 0x45000000 axi_sysid_0
connect_bd_net -net /sys_cpu_clk /axi_cpu_interconnect/ACLK
connect_bd_net -net /sys_cpu_clk /axi_cpu_interconnect/S00_ACLK
connect_bd_net -net /sys_cpu_resetn /axi_cpu_interconnect/ARESETN
connect_bd_net -net /sys_cpu_resetn /axi_cpu_interconnect/S00_ARESETN
connect_bd_net -net /sys_cpu_clk /sys_ps7/M_AXI_GP0_ACLK
connect_bd_intf_net /axi_cpu_interconnect/S00_AXI /sys_ps7/M_AXI_GP0
connect_bd_net -net /sys_cpu_clk /axi_cpu_interconnect/M00_ACLK
connect_bd_net -net /sys_cpu_resetn /axi_cpu_interconnect/M00_ARESETN
connect_bd_net -net /sys_cpu_clk /axi_sysid_0/s_axi_aclk
connect_bd_net -net /sys_cpu_resetn /axi_sysid_0/s_axi_aresetn
connect_bd_intf_net /axi_cpu_interconnect/M00_AXI /axi_sysid_0/s_axi
### ad_cpu_interconnect 0x41600000 axi_iic_main
connect_bd_net -net /sys_cpu_clk /axi_cpu_interconnect/M01_ACLK
connect_bd_net -net /sys_cpu_resetn /axi_cpu_interconnect/M01_ARESETN
connect_bd_net -net /sys_cpu_clk /axi_iic_main/s_axi_aclk
connect_bd_net -net /sys_cpu_resetn /axi_iic_main/s_axi_aresetn
connect_bd_intf_net /axi_cpu_interconnect/M01_AXI /axi_iic_main/S_AXI
### create_bd_port -dir O enable
### create_bd_port -dir O txnrx
### create_bd_port -dir I up_enable
### create_bd_port -dir I up_txnrx
### create_bd_port -dir O tdd_sync_o
### create_bd_port -dir I tdd_sync_i
### create_bd_port -dir O tdd_sync_t
### create_bd_port -dir I gps_pps
### ad_ip_instance axi_ad9361 axi_ad9361
### ad_ip_parameter axi_ad9361 CONFIG.ID 0
### ad_ip_parameter axi_ad9361 CONFIG.DAC_IODELAY_ENABLE 0
### ad_connect sys_200m_clk axi_ad9361/delay_clk
connect_bd_net -net /sys_200m_clk /axi_ad9361/delay_clk
### ad_connect axi_ad9361/l_clk axi_ad9361/clk
connect_bd_net /axi_ad9361/l_clk /axi_ad9361/clk
### ad_connect enable axi_ad9361/enable
connect_bd_net /enable /axi_ad9361/enable
### ad_connect txnrx axi_ad9361/txnrx
connect_bd_net /txnrx /axi_ad9361/txnrx
### ad_connect up_enable axi_ad9361/up_enable
connect_bd_net /up_enable /axi_ad9361/up_enable
### ad_connect up_txnrx axi_ad9361/up_txnrx
connect_bd_net /up_txnrx /axi_ad9361/up_txnrx
### ad_ip_instance util_tdd_sync util_ad9361_tdd_sync
### ad_ip_parameter util_ad9361_tdd_sync CONFIG.TDD_SYNC_PERIOD 10000000
### ad_connect sys_cpu_clk util_ad9361_tdd_sync/clk
connect_bd_net -net /sys_cpu_clk /util_ad9361_tdd_sync/clk
### ad_connect sys_cpu_resetn util_ad9361_tdd_sync/rstn
connect_bd_net -net /sys_cpu_resetn /util_ad9361_tdd_sync/rstn
### ad_connect util_ad9361_tdd_sync/sync_out axi_ad9361/tdd_sync
connect_bd_net /util_ad9361_tdd_sync/sync_out /axi_ad9361/tdd_sync
### ad_connect util_ad9361_tdd_sync/sync_mode axi_ad9361/tdd_sync_cntr
connect_bd_net /util_ad9361_tdd_sync/sync_mode /axi_ad9361/tdd_sync_cntr
### ad_connect tdd_sync_t axi_ad9361/tdd_sync_cntr
connect_bd_net /tdd_sync_t /axi_ad9361/tdd_sync_cntr
### ad_connect tdd_sync_o util_ad9361_tdd_sync/sync_out
connect_bd_net /tdd_sync_o /util_ad9361_tdd_sync/sync_out
### ad_connect tdd_sync_i util_ad9361_tdd_sync/sync_in
connect_bd_net /tdd_sync_i /util_ad9361_tdd_sync/sync_in
### ad_connect gps_pps axi_ad9361/gps_pps
connect_bd_net /gps_pps /axi_ad9361/gps_pps
### ad_ip_instance xlconcat util_ad9361_divclk_sel_concat
### ad_ip_parameter util_ad9361_divclk_sel_concat CONFIG.NUM_PORTS 2
### ad_connect axi_ad9361/adc_r1_mode util_ad9361_divclk_sel_concat/In0
connect_bd_net /axi_ad9361/adc_r1_mode /util_ad9361_divclk_sel_concat/In0
### ad_connect axi_ad9361/dac_r1_mode util_ad9361_divclk_sel_concat/In1
connect_bd_net /axi_ad9361/dac_r1_mode /util_ad9361_divclk_sel_concat/In1
### ad_ip_instance util_reduced_logic util_ad9361_divclk_sel
### ad_ip_parameter util_ad9361_divclk_sel CONFIG.C_SIZE 2
### ad_connect util_ad9361_divclk_sel_concat/dout util_ad9361_divclk_sel/Op1
connect_bd_net /util_ad9361_divclk_sel_concat/dout /util_ad9361_divclk_sel/Op1
### ad_ip_instance util_clkdiv util_ad9361_divclk
### ad_connect util_ad9361_divclk_sel/Res util_ad9361_divclk/clk_sel
connect_bd_net /util_ad9361_divclk_sel/Res /util_ad9361_divclk/clk_sel
### ad_connect axi_ad9361/l_clk util_ad9361_divclk/clk
connect_bd_net /axi_ad9361/l_clk /util_ad9361_divclk/clk
### ad_ip_instance proc_sys_reset util_ad9361_divclk_reset
### ad_connect sys_rstgen/peripheral_aresetn util_ad9361_divclk_reset/ext_reset_in
connect_bd_net /sys_rstgen/peripheral_aresetn /util_ad9361_divclk_reset/ext_reset_in
### ad_connect util_ad9361_divclk/clk_out util_ad9361_divclk_reset/slowest_sync_clk
connect_bd_net /util_ad9361_divclk/clk_out /util_ad9361_divclk_reset/slowest_sync_clk
### ad_ip_instance util_wfifo util_ad9361_adc_fifo
### ad_ip_parameter util_ad9361_adc_fifo CONFIG.NUM_OF_CHANNELS 4
### ad_ip_parameter util_ad9361_adc_fifo CONFIG.DIN_ADDRESS_WIDTH 4
### ad_ip_parameter util_ad9361_adc_fifo CONFIG.DIN_DATA_WIDTH 16
### ad_ip_parameter util_ad9361_adc_fifo CONFIG.DOUT_DATA_WIDTH 16
### ad_connect axi_ad9361/l_clk util_ad9361_adc_fifo/din_clk
connect_bd_net /axi_ad9361/l_clk /util_ad9361_adc_fifo/din_clk
### ad_connect axi_ad9361/rst util_ad9361_adc_fifo/din_rst
connect_bd_net /axi_ad9361/rst /util_ad9361_adc_fifo/din_rst
### ad_connect util_ad9361_divclk/clk_out util_ad9361_adc_fifo/dout_clk
connect_bd_net /util_ad9361_divclk/clk_out /util_ad9361_adc_fifo/dout_clk
### ad_connect util_ad9361_divclk_reset/peripheral_aresetn util_ad9361_adc_fifo/dout_rstn
connect_bd_net /util_ad9361_divclk_reset/peripheral_aresetn /util_ad9361_adc_fifo/dout_rstn
### ad_connect axi_ad9361/adc_enable_i0 util_ad9361_adc_fifo/din_enable_0
connect_bd_net /axi_ad9361/adc_enable_i0 /util_ad9361_adc_fifo/din_enable_0
### ad_connect axi_ad9361/adc_valid_i0 util_ad9361_adc_fifo/din_valid_0
connect_bd_net /axi_ad9361/adc_valid_i0 /util_ad9361_adc_fifo/din_valid_0
### ad_connect axi_ad9361/adc_data_i0 util_ad9361_adc_fifo/din_data_0
connect_bd_net /axi_ad9361/adc_data_i0 /util_ad9361_adc_fifo/din_data_0
### ad_connect axi_ad9361/adc_enable_q0 util_ad9361_adc_fifo/din_enable_1
connect_bd_net /axi_ad9361/adc_enable_q0 /util_ad9361_adc_fifo/din_enable_1
### ad_connect axi_ad9361/adc_valid_q0 util_ad9361_adc_fifo/din_valid_1
connect_bd_net /axi_ad9361/adc_valid_q0 /util_ad9361_adc_fifo/din_valid_1
### ad_connect axi_ad9361/adc_data_q0 util_ad9361_adc_fifo/din_data_1
connect_bd_net /axi_ad9361/adc_data_q0 /util_ad9361_adc_fifo/din_data_1
### ad_connect axi_ad9361/adc_enable_i1 util_ad9361_adc_fifo/din_enable_2
connect_bd_net /axi_ad9361/adc_enable_i1 /util_ad9361_adc_fifo/din_enable_2
### ad_connect axi_ad9361/adc_valid_i1 util_ad9361_adc_fifo/din_valid_2
connect_bd_net /axi_ad9361/adc_valid_i1 /util_ad9361_adc_fifo/din_valid_2
### ad_connect axi_ad9361/adc_data_i1 util_ad9361_adc_fifo/din_data_2
connect_bd_net /axi_ad9361/adc_data_i1 /util_ad9361_adc_fifo/din_data_2
### ad_connect axi_ad9361/adc_enable_q1 util_ad9361_adc_fifo/din_enable_3
connect_bd_net /axi_ad9361/adc_enable_q1 /util_ad9361_adc_fifo/din_enable_3
### ad_connect axi_ad9361/adc_valid_q1 util_ad9361_adc_fifo/din_valid_3
connect_bd_net /axi_ad9361/adc_valid_q1 /util_ad9361_adc_fifo/din_valid_3
### ad_connect axi_ad9361/adc_data_q1 util_ad9361_adc_fifo/din_data_3
connect_bd_net /axi_ad9361/adc_data_q1 /util_ad9361_adc_fifo/din_data_3
### ad_connect util_ad9361_adc_fifo/din_ovf axi_ad9361/adc_dovf
connect_bd_net /util_ad9361_adc_fifo/din_ovf /axi_ad9361/adc_dovf
### ad_ip_instance util_cpack2 util_ad9361_adc_pack { \
###   NUM_OF_CHANNELS 4 \
###   SAMPLE_DATA_WIDTH 16 \
### }
### ad_connect util_ad9361_divclk/clk_out util_ad9361_adc_pack/clk
connect_bd_net /util_ad9361_divclk/clk_out /util_ad9361_adc_pack/clk
### ad_connect util_ad9361_divclk_reset/peripheral_reset util_ad9361_adc_pack/reset
connect_bd_net /util_ad9361_divclk_reset/peripheral_reset /util_ad9361_adc_pack/reset
### ad_connect util_ad9361_adc_fifo/dout_valid_0 util_ad9361_adc_pack/fifo_wr_en
connect_bd_net /util_ad9361_adc_fifo/dout_valid_0 /util_ad9361_adc_pack/fifo_wr_en
### ad_connect util_ad9361_adc_pack/fifo_wr_overflow util_ad9361_adc_fifo/dout_ovf
connect_bd_net /util_ad9361_adc_pack/fifo_wr_overflow /util_ad9361_adc_fifo/dout_ovf
### for {set i 0} {$i < 4} {incr i} {
###   ad_connect util_ad9361_adc_fifo/dout_enable_${i} util_ad9361_adc_pack/enable_${i}
###   ad_connect util_ad9361_adc_fifo/dout_data_${i} util_ad9361_adc_pack/fifo_wr_data_${i}
### }
connect_bd_net /util_ad9361_adc_fifo/dout_enable_0 /util_ad9361_adc_pack/enable_0
connect_bd_net /util_ad9361_adc_fifo/dout_data_0 /util_ad9361_adc_pack/fifo_wr_data_0
connect_bd_net /util_ad9361_adc_fifo/dout_enable_1 /util_ad9361_adc_pack/enable_1
connect_bd_net /util_ad9361_adc_fifo/dout_data_1 /util_ad9361_adc_pack/fifo_wr_data_1
connect_bd_net /util_ad9361_adc_fifo/dout_enable_2 /util_ad9361_adc_pack/enable_2
connect_bd_net /util_ad9361_adc_fifo/dout_data_2 /util_ad9361_adc_pack/fifo_wr_data_2
connect_bd_net /util_ad9361_adc_fifo/dout_enable_3 /util_ad9361_adc_pack/enable_3
connect_bd_net /util_ad9361_adc_fifo/dout_data_3 /util_ad9361_adc_pack/fifo_wr_data_3
### ad_ip_instance axi_dmac axi_ad9361_adc_dma
### ad_ip_parameter axi_ad9361_adc_dma CONFIG.DMA_TYPE_SRC 2
### ad_ip_parameter axi_ad9361_adc_dma CONFIG.DMA_TYPE_DEST 0
### ad_ip_parameter axi_ad9361_adc_dma CONFIG.CYCLIC 0
### ad_ip_parameter axi_ad9361_adc_dma CONFIG.SYNC_TRANSFER_START 1
### ad_ip_parameter axi_ad9361_adc_dma CONFIG.AXI_SLICE_SRC 0
### ad_ip_parameter axi_ad9361_adc_dma CONFIG.AXI_SLICE_DEST 0
### ad_ip_parameter axi_ad9361_adc_dma CONFIG.DMA_2D_TRANSFER 0
### ad_ip_parameter axi_ad9361_adc_dma CONFIG.DMA_DATA_WIDTH_SRC 64
### ad_connect util_ad9361_divclk/clk_out axi_ad9361_adc_dma/fifo_wr_clk
connect_bd_net /util_ad9361_divclk/clk_out /axi_ad9361_adc_dma/fifo_wr_clk
### ad_connect util_ad9361_adc_pack/packed_fifo_wr axi_ad9361_adc_dma/fifo_wr
connect_bd_intf_net /util_ad9361_adc_pack/packed_fifo_wr /axi_ad9361_adc_dma/fifo_wr
### ad_connect sys_cpu_resetn axi_ad9361_adc_dma/m_dest_axi_aresetn
connect_bd_net -net /sys_cpu_resetn /axi_ad9361_adc_dma/m_dest_axi_aresetn
### ad_ip_instance util_rfifo axi_ad9361_dac_fifo
### ad_ip_parameter axi_ad9361_dac_fifo CONFIG.DIN_DATA_WIDTH 16
### ad_ip_parameter axi_ad9361_dac_fifo CONFIG.DOUT_DATA_WIDTH 16
### ad_ip_parameter axi_ad9361_dac_fifo CONFIG.DIN_ADDRESS_WIDTH 4
### ad_connect axi_ad9361/l_clk axi_ad9361_dac_fifo/dout_clk
connect_bd_net /axi_ad9361/l_clk /axi_ad9361_dac_fifo/dout_clk
### ad_connect axi_ad9361/rst axi_ad9361_dac_fifo/dout_rst
connect_bd_net /axi_ad9361/rst /axi_ad9361_dac_fifo/dout_rst
### ad_connect util_ad9361_divclk/clk_out axi_ad9361_dac_fifo/din_clk
connect_bd_net /util_ad9361_divclk/clk_out /axi_ad9361_dac_fifo/din_clk
### ad_connect util_ad9361_divclk_reset/peripheral_aresetn axi_ad9361_dac_fifo/din_rstn
connect_bd_net /util_ad9361_divclk_reset/peripheral_aresetn /axi_ad9361_dac_fifo/din_rstn
### ad_connect axi_ad9361_dac_fifo/dout_enable_0 axi_ad9361/dac_enable_i0
connect_bd_net /axi_ad9361_dac_fifo/dout_enable_0 /axi_ad9361/dac_enable_i0
### ad_connect axi_ad9361_dac_fifo/dout_valid_0 axi_ad9361/dac_valid_i0
connect_bd_net /axi_ad9361_dac_fifo/dout_valid_0 /axi_ad9361/dac_valid_i0
### ad_connect axi_ad9361_dac_fifo/dout_data_0 axi_ad9361/dac_data_i0
connect_bd_net /axi_ad9361_dac_fifo/dout_data_0 /axi_ad9361/dac_data_i0
### ad_connect axi_ad9361_dac_fifo/dout_enable_1 axi_ad9361/dac_enable_q0
connect_bd_net /axi_ad9361_dac_fifo/dout_enable_1 /axi_ad9361/dac_enable_q0
### ad_connect axi_ad9361_dac_fifo/dout_valid_1 axi_ad9361/dac_valid_q0
connect_bd_net /axi_ad9361_dac_fifo/dout_valid_1 /axi_ad9361/dac_valid_q0
### ad_connect axi_ad9361_dac_fifo/dout_data_1 axi_ad9361/dac_data_q0
connect_bd_net /axi_ad9361_dac_fifo/dout_data_1 /axi_ad9361/dac_data_q0
### ad_connect axi_ad9361_dac_fifo/dout_enable_2 axi_ad9361/dac_enable_i1
connect_bd_net /axi_ad9361_dac_fifo/dout_enable_2 /axi_ad9361/dac_enable_i1
### ad_connect axi_ad9361_dac_fifo/dout_valid_2 axi_ad9361/dac_valid_i1
connect_bd_net /axi_ad9361_dac_fifo/dout_valid_2 /axi_ad9361/dac_valid_i1
### ad_connect axi_ad9361_dac_fifo/dout_data_2 axi_ad9361/dac_data_i1
connect_bd_net /axi_ad9361_dac_fifo/dout_data_2 /axi_ad9361/dac_data_i1
### ad_connect axi_ad9361_dac_fifo/dout_enable_3 axi_ad9361/dac_enable_q1
connect_bd_net /axi_ad9361_dac_fifo/dout_enable_3 /axi_ad9361/dac_enable_q1
### ad_connect axi_ad9361_dac_fifo/dout_valid_3 axi_ad9361/dac_valid_q1
connect_bd_net /axi_ad9361_dac_fifo/dout_valid_3 /axi_ad9361/dac_valid_q1
### ad_connect axi_ad9361_dac_fifo/dout_data_3 axi_ad9361/dac_data_q1
connect_bd_net /axi_ad9361_dac_fifo/dout_data_3 /axi_ad9361/dac_data_q1
### ad_connect axi_ad9361_dac_fifo/dout_unf axi_ad9361/dac_dunf
connect_bd_net /axi_ad9361_dac_fifo/dout_unf /axi_ad9361/dac_dunf
### ad_ip_instance util_upack2 util_ad9361_dac_upack { \
###   NUM_OF_CHANNELS 4 \
###   SAMPLE_DATA_WIDTH 16 \
### }
### ad_connect util_ad9361_divclk/clk_out util_ad9361_dac_upack/clk
connect_bd_net /util_ad9361_divclk/clk_out /util_ad9361_dac_upack/clk
### ad_connect util_ad9361_divclk_reset/peripheral_reset util_ad9361_dac_upack/reset
connect_bd_net /util_ad9361_divclk_reset/peripheral_reset /util_ad9361_dac_upack/reset
### ad_connect util_ad9361_dac_upack/fifo_rd_en axi_ad9361_dac_fifo/din_valid_0
connect_bd_net /util_ad9361_dac_upack/fifo_rd_en /axi_ad9361_dac_fifo/din_valid_0
### ad_connect util_ad9361_dac_upack/fifo_rd_underflow axi_ad9361_dac_fifo/din_unf
connect_bd_net /util_ad9361_dac_upack/fifo_rd_underflow /axi_ad9361_dac_fifo/din_unf
### for {set i 0} {$i < 4} {incr i} {
###   ad_connect util_ad9361_dac_upack/enable_$i axi_ad9361_dac_fifo/din_enable_$i
###   ad_connect util_ad9361_dac_upack/fifo_rd_valid axi_ad9361_dac_fifo/din_valid_in_$i
###   ad_connect util_ad9361_dac_upack/fifo_rd_data_$i axi_ad9361_dac_fifo/din_data_$i
### }
connect_bd_net /util_ad9361_dac_upack/enable_0 /axi_ad9361_dac_fifo/din_enable_0
connect_bd_net /util_ad9361_dac_upack/fifo_rd_valid /axi_ad9361_dac_fifo/din_valid_in_0
connect_bd_net /util_ad9361_dac_upack/fifo_rd_data_0 /axi_ad9361_dac_fifo/din_data_0
connect_bd_net /util_ad9361_dac_upack/enable_1 /axi_ad9361_dac_fifo/din_enable_1
connect_bd_net /util_ad9361_dac_upack/fifo_rd_valid /axi_ad9361_dac_fifo/din_valid_in_1
connect_bd_net /util_ad9361_dac_upack/fifo_rd_data_1 /axi_ad9361_dac_fifo/din_data_1
connect_bd_net /util_ad9361_dac_upack/enable_2 /axi_ad9361_dac_fifo/din_enable_2
connect_bd_net /util_ad9361_dac_upack/fifo_rd_valid /axi_ad9361_dac_fifo/din_valid_in_2
connect_bd_net /util_ad9361_dac_upack/fifo_rd_data_2 /axi_ad9361_dac_fifo/din_data_2
connect_bd_net /util_ad9361_dac_upack/enable_3 /axi_ad9361_dac_fifo/din_enable_3
connect_bd_net /util_ad9361_dac_upack/fifo_rd_valid /axi_ad9361_dac_fifo/din_valid_in_3
connect_bd_net /util_ad9361_dac_upack/fifo_rd_data_3 /axi_ad9361_dac_fifo/din_data_3
### ad_ip_instance axi_dmac axi_ad9361_dac_dma
### ad_ip_parameter axi_ad9361_dac_dma CONFIG.DMA_TYPE_SRC 0
### ad_ip_parameter axi_ad9361_dac_dma CONFIG.DMA_TYPE_DEST 1
### ad_ip_parameter axi_ad9361_dac_dma CONFIG.CYCLIC 1
### ad_ip_parameter axi_ad9361_dac_dma CONFIG.AXI_SLICE_SRC 0
### ad_ip_parameter axi_ad9361_dac_dma CONFIG.AXI_SLICE_DEST 0
### ad_ip_parameter axi_ad9361_dac_dma CONFIG.DMA_2D_TRANSFER 0
### ad_ip_parameter axi_ad9361_dac_dma CONFIG.DMA_DATA_WIDTH_DEST 64
### ad_connect util_ad9361_divclk/clk_out axi_ad9361_dac_dma/m_axis_aclk
connect_bd_net /util_ad9361_divclk/clk_out /axi_ad9361_dac_dma/m_axis_aclk
### ad_connect axi_ad9361_dac_dma/m_axis util_ad9361_dac_upack/s_axis
connect_bd_intf_net /axi_ad9361_dac_dma/m_axis /util_ad9361_dac_upack/s_axis
### ad_connect sys_cpu_resetn axi_ad9361_dac_dma/m_src_axi_aresetn
connect_bd_net -net /sys_cpu_resetn /axi_ad9361_dac_dma/m_src_axi_aresetn
### ad_cpu_interconnect 0x79020000 axi_ad9361
connect_bd_net -net /sys_cpu_clk /axi_cpu_interconnect/M02_ACLK
connect_bd_net -net /sys_cpu_resetn /axi_cpu_interconnect/M02_ARESETN
connect_bd_net -net /sys_cpu_clk /axi_ad9361/s_axi_aclk
connect_bd_net -net /sys_cpu_resetn /axi_ad9361/s_axi_aresetn
connect_bd_intf_net /axi_cpu_interconnect/M02_AXI /axi_ad9361/s_axi
### ad_cpu_interconnect 0x7C400000 axi_ad9361_adc_dma
connect_bd_net -net /sys_cpu_clk /axi_cpu_interconnect/M03_ACLK
connect_bd_net -net /sys_cpu_resetn /axi_cpu_interconnect/M03_ARESETN
connect_bd_net -net /sys_cpu_clk /axi_ad9361_adc_dma/s_axi_aclk
connect_bd_net -net /sys_cpu_resetn /axi_ad9361_adc_dma/s_axi_aresetn
connect_bd_intf_net /axi_cpu_interconnect/M03_AXI /axi_ad9361_adc_dma/s_axi
### ad_cpu_interconnect 0x7C420000 axi_ad9361_dac_dma
connect_bd_net -net /sys_cpu_clk /axi_cpu_interconnect/M04_ACLK
connect_bd_net -net /sys_cpu_resetn /axi_cpu_interconnect/M04_ARESETN
connect_bd_net -net /sys_cpu_clk /axi_ad9361_dac_dma/s_axi_aclk
connect_bd_net -net /sys_cpu_resetn /axi_ad9361_dac_dma/s_axi_aresetn
connect_bd_intf_net /axi_cpu_interconnect/M04_AXI /axi_ad9361_dac_dma/s_axi
### ad_mem_hp1_interconnect sys_cpu_clk sys_ps7/S_AXI_HP1
connect_bd_net -net /sys_cpu_resetn /axi_hp1_interconnect/ARESETN
connect_bd_net -net /sys_cpu_clk /axi_hp1_interconnect/ACLK
connect_bd_intf_net /axi_hp1_interconnect/M00_AXI /sys_ps7/S_AXI_HP1
connect_bd_net -net /sys_cpu_resetn /axi_hp1_interconnect/M00_ARESETN
connect_bd_net -net /sys_cpu_clk /axi_hp1_interconnect/M00_ACLK
connect_bd_net -net /sys_cpu_clk /sys_ps7/S_AXI_HP1_ACLK
### ad_mem_hp1_interconnect sys_cpu_clk axi_ad9361_adc_dma/m_dest_axi
connect_bd_net -net /sys_cpu_resetn /axi_hp1_interconnect/S00_ARESETN
connect_bd_net -net /sys_cpu_clk /axi_hp1_interconnect/S00_ACLK
connect_bd_intf_net /axi_hp1_interconnect/S00_AXI /axi_ad9361_adc_dma/m_dest_axi
connect_bd_net -net /sys_cpu_clk /axi_ad9361_adc_dma/m_dest_axi_aclk
Slave segment '/sys_ps7/S_AXI_HP1/HP1_DDR_LOWOCM' is being assigned into address space '/axi_ad9361_adc_dma/m_dest_axi' at <0x0000_0000 [ 1G ]>.
### ad_mem_hp2_interconnect sys_cpu_clk sys_ps7/S_AXI_HP2
connect_bd_net -net /sys_cpu_resetn /axi_hp2_interconnect/ARESETN
connect_bd_net -net /sys_cpu_clk /axi_hp2_interconnect/ACLK
connect_bd_intf_net /axi_hp2_interconnect/M00_AXI /sys_ps7/S_AXI_HP2
connect_bd_net -net /sys_cpu_resetn /axi_hp2_interconnect/M00_ARESETN
connect_bd_net -net /sys_cpu_clk /axi_hp2_interconnect/M00_ACLK
connect_bd_net -net /sys_cpu_clk /sys_ps7/S_AXI_HP2_ACLK
### ad_mem_hp2_interconnect sys_cpu_clk axi_ad9361_dac_dma/m_src_axi
connect_bd_net -net /sys_cpu_resetn /axi_hp2_interconnect/S00_ARESETN
connect_bd_net -net /sys_cpu_clk /axi_hp2_interconnect/S00_ACLK
connect_bd_intf_net /axi_hp2_interconnect/S00_AXI /axi_ad9361_dac_dma/m_src_axi
connect_bd_net -net /sys_cpu_clk /axi_ad9361_dac_dma/m_src_axi_aclk
Slave segment '/sys_ps7/S_AXI_HP2/HP2_DDR_LOWOCM' is being assigned into address space '/axi_ad9361_dac_dma/m_src_axi' at <0x0000_0000 [ 1G ]>.
### ad_cpu_interrupt ps-13 mb-13 axi_ad9361_adc_dma/irq
disconnect_bd_net /GND_1_dout /sys_concat_intc/In13
connect_bd_net /sys_concat_intc/In13 /axi_ad9361_adc_dma/irq
### ad_cpu_interrupt ps-12 mb-12 axi_ad9361_dac_dma/irq
disconnect_bd_net /GND_1_dout /sys_concat_intc/In12
connect_bd_net /sys_concat_intc/In12 /axi_ad9361_dac_dma/irq
### ad_cpu_interrupt ps-11 mb-11 axi_ad9361/gps_pps_irq
disconnect_bd_net /GND_1_dout /sys_concat_intc/In11
connect_bd_net /sys_concat_intc/In11 /axi_ad9361/gps_pps_irq
### set_property CONFIG.MODE_1R1T 1 [get_bd_cells axi_ad9361]
### set_property CONFIG.CMOS_OR_LVDS_N 0  [get_bd_cells axi_ad9361]
### set_property CONFIG.ADC_DATAPATH_DISABLE 0  [get_bd_cells axi_ad9361]
### set_property CONFIG.DAC_DATAPATH_DISABLE 0  [get_bd_cells axi_ad9361]
### set_property CONFIG.ADC_DATAFORMAT_DISABLE 0  [get_bd_cells axi_ad9361]
### set_property CONFIG.ADC_DCFILTER_DISABLE 0  [get_bd_cells axi_ad9361]
### set_property CONFIG.ADC_IQCORRECTION_DISABLE 0  [get_bd_cells axi_ad9361]
### set_property CONFIG.ADC_USERPORTS_DISABLE 0 [get_bd_cells axi_ad9361]
### set_property CONFIG.DAC_DDS_DISABLE 0 [get_bd_cells axi_ad9361]
### set_property CONFIG.DAC_IQCORRECTION_DISABLE 0  [get_bd_cells axi_ad9361]
### set_property CONFIG.DAC_USERPORTS_DISABLE 0 [get_bd_cells axi_ad9361]
### set_property CONFIG.TDD_DISABLE 0 [get_bd_cells axi_ad9361]
### proc cfg_ad9361_interface {cmos_or_lvds} {
### 
###   if {$cmos_or_lvds eq "LVDS"} {
### 
###     set_property CONFIG.CMOS_OR_LVDS_N 0 [get_bd_cells axi_ad9361]
### 
###     create_bd_port -dir I rx_clk_in_p
###     create_bd_port -dir I rx_clk_in_n
###     create_bd_port -dir I rx_frame_in_p
###     create_bd_port -dir I rx_frame_in_n
###     create_bd_port -dir I -from 5 -to 0 rx_data_in_p
###     create_bd_port -dir I -from 5 -to 0 rx_data_in_n
### 
###     create_bd_port -dir O tx_clk_out_p
###     create_bd_port -dir O tx_clk_out_n
###     create_bd_port -dir O tx_frame_out_p
###     create_bd_port -dir O tx_frame_out_n
###     create_bd_port -dir O -from 5 -to 0 tx_data_out_p
###     create_bd_port -dir O -from 5 -to 0 tx_data_out_n
### 
###     ad_connect rx_clk_in_p axi_ad9361/rx_clk_in_p
###     ad_connect rx_clk_in_n axi_ad9361/rx_clk_in_n
###     ad_connect rx_frame_in_p axi_ad9361/rx_frame_in_p
###     ad_connect rx_frame_in_n axi_ad9361/rx_frame_in_n
###     ad_connect rx_data_in_p axi_ad9361/rx_data_in_p
###     ad_connect rx_data_in_n axi_ad9361/rx_data_in_n
###     ad_connect tx_clk_out_p axi_ad9361/tx_clk_out_p
###     ad_connect tx_clk_out_n axi_ad9361/tx_clk_out_n
###     ad_connect tx_frame_out_p axi_ad9361/tx_frame_out_p
###     ad_connect tx_frame_out_n axi_ad9361/tx_frame_out_n
###     ad_connect tx_data_out_p axi_ad9361/tx_data_out_p
###     ad_connect tx_data_out_n axi_ad9361/tx_data_out_n
### 
###     return
###   }
### 
###   if {$cmos_or_lvds eq "CMOS"} {
### 
###     set_property CONFIG.CMOS_OR_LVDS_N 1 [get_bd_cells axi_ad9361]
### 
###     create_bd_port -dir I rx_clk_in
###     create_bd_port -dir I rx_frame_in
###     create_bd_port -dir I -from 11 -to 0 rx_data_in
###     create_bd_port -dir O tx_clk_out
###     create_bd_port -dir O tx_frame_out
###     create_bd_port -dir O -from 11 -to 0 tx_data_out
### 
###     ad_connect rx_clk_in axi_ad9361/rx_clk_in
###     ad_connect rx_frame_in axi_ad9361/rx_frame_in
###     ad_connect rx_data_in axi_ad9361/rx_data_in
###     ad_connect tx_clk_out axi_ad9361/tx_clk_out
###     ad_connect tx_frame_out axi_ad9361/tx_frame_out
###     ad_connect tx_data_out axi_ad9361/tx_data_out
### 
###     return
###   }
### 
### }
## source ../common/ccbob_bd.tcl
### ad_connect  sys_ps7/ENET1_GMII_RX_CLK GND
WARNING: [BD 41-1306] The connection to interface pin </sys_ps7/ENET1_GMII_RX_CLK> is being overridden by the user with net </GND_1_dout>. This pin will not be connected as a part of interface connection <GMII_ETHERNET_1>.
connect_bd_net /GND_1/dout /sys_ps7/ENET1_GMII_RX_CLK
### ad_connect  sys_ps7/ENET1_GMII_TX_CLK GND
WARNING: [BD 41-1306] The connection to interface pin </sys_ps7/ENET1_GMII_TX_CLK> is being overridden by the user with net </GND_1_dout>. This pin will not be connected as a part of interface connection <GMII_ETHERNET_1>.
connect_bd_net /GND_1/dout /sys_ps7/ENET1_GMII_TX_CLK
### ad_ip_instance axi_gpreg axi_gpreg
### ad_ip_parameter axi_gpreg CONFIG.NUM_OF_CLK_MONS 0
### ad_ip_parameter axi_gpreg CONFIG.NUM_OF_IO 1
### create_bd_port -dir I -from 31 -to 0 gp_in_0
### create_bd_port -dir O -from 31 -to 0 gp_out_0
### ad_connect  gp_in_0 axi_gpreg/up_gp_in_0
connect_bd_net /gp_in_0 /axi_gpreg/up_gp_in_0
### ad_connect  gp_out_0 axi_gpreg/up_gp_out_0
connect_bd_net /gp_out_0 /axi_gpreg/up_gp_out_0
### ad_cpu_interconnect 0x41200000 axi_gpreg
connect_bd_net -net /sys_cpu_clk /axi_cpu_interconnect/M05_ACLK
connect_bd_net -net /sys_cpu_resetn /axi_cpu_interconnect/M05_ARESETN
connect_bd_net -net /sys_cpu_clk /axi_gpreg/s_axi_aclk
connect_bd_net -net /sys_cpu_resetn /axi_gpreg/s_axi_aresetn
connect_bd_intf_net /axi_cpu_interconnect/M05_AXI /axi_gpreg/s_axi
## source $ad_hdl_dir/projects/scripts/adi_pd.tcl
### set mem_init_sys_file_path [pwd]
### if {[info exists ::env(ADI_PROJECT_DIR)]} {
###   set mem_init_sys_file_path [string trimright [pwd]/$::env(ADI_PROJECT_DIR) "/"]
### }
### proc stringtohex {str blocksize} {
### 
###   binary scan $str H* hex;
###   return [format %0-[expr $blocksize * 2]s $hex];
### }
### proc checksum8bit {hex} {
### 
###   set byte {};
###   set chks 0;
###   for {set i 0} {$i < [string length $hex]} {incr i} {
###     if { ($i+1) % 2 == 0} {
###       append byte [string index $hex $i];
###       set chks [expr $chks + "0x$byte"];
###     } else {
###       set byte [string index $hex $i];
###       }
###   };
###   return [format %0.2x [expr 255 - [expr "0x[string range [format %0.2x $chks] [expr [string length [format %0.2x $chks]] -2] [expr [string length [format %0.2x $chks]] -1]]"] +1]];
### }
### proc hexstr_flip {str} {
### 
###   set line {};
###   set fstr {};
###   set byte {};
###   for {set i 0} {$i < [string length $str]} {incr i} {
###     if {[expr ($i+1) % 8] == 0} {
###       append line [string index $str $i];
###       set line_d $line;
###       set fline {};
###       for {set j 0} {$j < [string length $line]} {incr j} {
###         if {[expr ($j+1) % 2] == 0} {
###           append fline [rev_by_string [append byte [string index $line $j]]];
###         } else {
###           set byte [string index $line $j];
###         }
###       };
###       append fstr [rev_by_string $fline];
###       set line {};
###     } else {
###       append line [string index $str $i];
###     }
###   };
###   return $fstr;
### }
### proc rev_by_string {str} {
### 
###   set rev "";
###   set length [string length $str];
###   for {set i 0} {$i < $length} {incr i} {
###     set rev "[string index $str $i]$rev";
###   };
###   return $rev;
### }
### proc sysid_gen_sys_init_file {{custom_string {}} {address_bits {9}}} {
###   global project_name;
###   if {[info exists project_name]} {
###     puts "project_name: $project_name";
###   } else {
###     set project_name [current_project];
###     puts "project_name: $project_name";
###   }
### 
###   if {[catch {exec git rev-parse HEAD} gitsha_string] != 0} {
###     set gitsha_string 0;
###   }
###   set gitsha_hex [hexstr_flip [stringtohex $gitsha_string 44]];
###   puts "gitsha_string: $gitsha_string";
###   puts "gitsha_hex: $gitsha_hex";
### 
###   set git_clean_string "f";
###   if {$gitsha_string != 0} {
###     if {[catch {exec git status} gitstat_string] == 0} {
###       if [expr [string match *modified* $gitstat_string] == 0] {
###         set git_clean_string "t";
###       }
###     }
###     if {[catch {exec git branch --no-color} gitbranch_string] != 0} {
###       set gitbranch_string "";
###     } else {
###       set gitbranch_string [lindex $gitbranch_string [expr [lsearch -exact $gitbranch_string "*"] + 1]];
### 	}
###   } else {
###     set gitbranch_string "";
###   }
### 
###   set git_clean_hex [hexstr_flip [stringtohex $git_clean_string 4]];
###   puts "git_clean_string: $git_clean_string";
###   puts "git_clean_hex: $git_clean_hex";
### 
###   set git_branch_hex [hexstr_flip [stringtohex $gitbranch_string 28]];
###   puts "gitbranch_string: $gitbranch_string";
###   puts "git_branch_hex: $git_branch_hex";
### 
###   set vadj_check_string "vadj";
###   set vadj_check_hex [hexstr_flip [stringtohex $vadj_check_string 4]];
###   puts "vadj_check_string: $vadj_check_string";
###   puts "vadj_check_hex: $vadj_check_hex";
### 
###   set thetime [clock seconds];
###   set timedate_hex [hexstr_flip [stringtohex $thetime 12]];
###   puts "thetime: $thetime";
###   puts "timedate_hex: $timedate_hex";
### 
###   set verh_hex {};
###   set verh_size 448;
### 
###   append verh_hex $git_branch_hex $gitsha_hex $git_clean_hex $vadj_check_hex $timedate_hex;
###   append verh_hex "00000000" [checksum8bit $verh_hex] "000000";
### 
###   set verh_hex [format %0-[expr [expr $verh_size] * 8]s $verh_hex];
###   set table_size 16;
###   set comh_size [expr 8 * $table_size];
###   set comh_ver_hex "00000002";
### 
###   set boardname_string [lindex [split $project_name _] [expr [llength [split $project_name _]] - 1]];
###   set boardname_hex [hexstr_flip [stringtohex $boardname_string 32]];
### 
###   puts "boardname_string: $boardname_string";
###   puts "boardname_hex: $boardname_hex";
### 
###   set projname_string [lindex [split [string trimright [string trimright $project_name $boardname_string] _] /] end]
###   set projname_hex [hexstr_flip [stringtohex $projname_string 32]];
### 
###   puts "projname_string: $projname_string";
###   puts "projname_hex: $projname_hex";
### 
###   set custom_string_length [expr ([string length $custom_string] + 3) / 4 * 4]
###   # Can't use max function on quartus
###   if {$custom_string_length < 64} {
###     set custom_string_length 64
###   }
###   set custom_hex [hexstr_flip [stringtohex $custom_string $custom_string_length]];
### 
###   puts "custom_string: $custom_string";
###   puts "custom_hex: $custom_hex";
### 
###   set pr_offset "00000000";
### 
###   set comh_hex {};
###   append comh_hex $comh_ver_hex;
### 
###   set offset $table_size;
###   append comh_hex [format %08s [format %0.2x $offset]];
### 
###   set offset [expr $table_size + $verh_size];
###   append comh_hex [format %08s [format %0.2x $offset]];
### 
###   set offset [expr $offset + [expr [string length $projname_hex] / 8]];
###   append comh_hex [format %08s [format %0.2x $offset]];
### 
###   set offset [expr $offset + [expr [string length $boardname_hex] / 8]];
###   append comh_hex [format %08s [format %0.2x $offset]];
### 
###   set offset $pr_offset;
###   append comh_hex [format %08s $offset];
### 
###   set comh_hex [format %0-[expr [expr $table_size - 2] * 8]s $comh_hex];
###   append comh_hex "00000000" [checksum8bit $comh_hex] "000000";
### 
###   set memory_size [expr int(pow(2, $address_bits)) * 8]
###   set sys_mem_hex [format %0-${memory_size}s [concat $comh_hex$verh_hex$projname_hex$boardname_hex$custom_hex]];
### 
###   if {[info exists ::env(ADI_PROJECT_DIR)]} {
###     set mem_init_sys_file_path [pwd]/$::env(ADI_PROJECT_DIR)mem_init_sys.txt
###   } else {
###     set mem_init_sys_file_path "mem_init_sys.txt"
###   }
###   set sys_mem_file [open ${mem_init_sys_file_path} "w"];
### 
###   for {set i 0} {$i < [string length $sys_mem_hex]} {incr i} {
###     if { ($i+1) % 8 == 0} {
###       puts $sys_mem_file [string index $sys_mem_hex $i];
###     } else {
###       puts -nonewline $sys_mem_file [string index $sys_mem_hex $i];
###     }
###   };
###   close $sys_mem_file;
### }
### proc sysid_gen_pr_init_file {custom_string} {
### 
###   set custom_hex [stringtohex $custom_string 64];
###   if {[info exists ::env(ADI_PROJECT_DIR)]} {
###     set mem_init_pr_file_path $::env(ADI_PROJECT_DIR)mem_init_pr.txt
###   } else {
###     set mem_init_pr_file_path "mem_init_pr.txt"
###   }
### 
###   set pr_mem_file [open $mem_init_pr_file_path "w"];
###   for {set i 0} {$i < [string length $custom_hex]} {incr i} {
###     if { ($i+1) % 8 == 0} {
###       puts $pr_mem_file [string index $custom_hex $i];
###     } else {
###       puts -nonewline $pr_mem_file [string index $custom_hex $i];
###     }
###   };
###   close $pr_mem_file;
### }
## cfg_ad9361_interface LVDS
connect_bd_net /rx_clk_in_p /axi_ad9361/rx_clk_in_p
connect_bd_net /rx_clk_in_n /axi_ad9361/rx_clk_in_n
connect_bd_net /rx_frame_in_p /axi_ad9361/rx_frame_in_p
connect_bd_net /rx_frame_in_n /axi_ad9361/rx_frame_in_n
connect_bd_net /rx_data_in_p /axi_ad9361/rx_data_in_p
connect_bd_net /rx_data_in_n /axi_ad9361/rx_data_in_n
connect_bd_net /tx_clk_out_p /axi_ad9361/tx_clk_out_p
connect_bd_net /tx_clk_out_n /axi_ad9361/tx_clk_out_n
connect_bd_net /tx_frame_out_p /axi_ad9361/tx_frame_out_p
connect_bd_net /tx_frame_out_n /axi_ad9361/tx_frame_out_n
connect_bd_net /tx_data_out_p /axi_ad9361/tx_data_out_p
connect_bd_net /tx_data_out_n /axi_ad9361/tx_data_out_n
## set_property CONFIG.ADC_INIT_DELAY 30 [get_bd_cells axi_ad9361]
## ad_ip_parameter axi_sysid_0 CONFIG.ROM_ADDR_BITS 9
## ad_ip_parameter rom_sys_0 CONFIG.PATH_TO_FILE "$mem_init_sys_file_path/mem_init_sys.txt"
## ad_ip_parameter rom_sys_0 CONFIG.ROM_ADDR_BITS 9
## sysid_gen_sys_init_file
project_name: adrv9364z7020_ccbob_lvds
gitsha_string: 2156ac7e874a1dc321d9f64a325009fafe563419
gitsha_hex: 3635313265376361613437383363643139643132613436663035323361663930363565663931343300000000
git_clean_string: t
git_clean_hex: 00000074
gitbranch_string: (HEAD
git_branch_hex: 41454828000000440000000000000000000000000000000000000000
vadj_check_string: vadj
vadj_check_hex: 6a646176
thetime: 1776338401
timedate_hex: 363737313438333300003130
boardname_string: lvds
boardname_hex: 7364766c00000000000000000000000000000000000000000000000000000000
projname_string: adrv9364z7020_ccbob
projname_hex: 76726461343633393230377a63635f3000626f62000000000000000000000000
custom_string: 
custom_hex: 00000000000000000000000000000000000000000000000000000000000000000000000000000000000000000000000000000000000000000000000000000000
Wrote  : </home/luukieboy/Documents/thesis/hdl/projects/adrv9364z7020/ccbob_lvds/adrv9364z7020_ccbob_lvds.srcs/sources_1/bd/system/system.bd> 
WARNING: [#UNDEF] When using EMIO pins for SPI_0 tie SSIN High in the PL bitstream
WARNING: [#UNDEF] When using EMIO pins for SPI_1 tie SSIN High in the PL bitstream
INFO: [BD 41-1662] The design 'system.bd' is already validated. Therefore parameter propagation will not be re-run.
Wrote  : </home/luukieboy/Documents/thesis/hdl/projects/adrv9364z7020/ccbob_lvds/adrv9364z7020_ccbob_lvds.srcs/sources_1/bd/system/system.bd> 
Verilog Output written to : /home/luukieboy/Documents/thesis/hdl/projects/adrv9364z7020/ccbob_lvds/adrv9364z7020_ccbob_lvds.gen/sources_1/bd/system/synth/system.v
Verilog Output written to : /home/luukieboy/Documents/thesis/hdl/projects/adrv9364z7020/ccbob_lvds/adrv9364z7020_ccbob_lvds.gen/sources_1/bd/system/sim/system.v
Verilog Output written to : /home/luukieboy/Documents/thesis/hdl/projects/adrv9364z7020/ccbob_lvds/adrv9364z7020_ccbob_lvds.gen/sources_1/bd/system/hdl/system_wrapper.v
INFO: [BD 41-1029] Generation completed for the IP Integrator block sys_ps7 .
INFO: [BD 41-1029] Generation completed for the IP Integrator block axi_iic_main .
INFO: [BD 41-1029] Generation completed for the IP Integrator block sys_concat_intc .
INFO: [BD 41-1029] Generation completed for the IP Integrator block sys_rstgen .
INFO: [BD 41-1029] Generation completed for the IP Integrator block sys_logic_inv .
INFO: [BD 41-1029] Generation completed for the IP Integrator block axi_sysid_0 .
INFO: [BD 41-1029] Generation completed for the IP Integrator block rom_sys_0 .
INFO: [BD 41-1029] Generation completed for the IP Integrator block GND_1 .
INFO: [BD 41-1029] Generation completed for the IP Integrator block axi_cpu_interconnect/xbar .
INFO: [BD 41-1029] Generation completed for the IP Integrator block axi_ad9361 .
INFO: [BD 41-1029] Generation completed for the IP Integrator block util_ad9361_tdd_sync .
INFO: [BD 41-1029] Generation completed for the IP Integrator block util_ad9361_divclk_sel_concat .
INFO: [BD 41-1029] Generation completed for the IP Integrator block util_ad9361_divclk_sel .
INFO: [BD 41-1029] Generation completed for the IP Integrator block util_ad9361_divclk .
INFO: [BD 41-1029] Generation completed for the IP Integrator block util_ad9361_divclk_reset .
INFO: [BD 41-1029] Generation completed for the IP Integrator block util_ad9361_adc_fifo .
INFO: [BD 41-1029] Generation completed for the IP Integrator block util_ad9361_adc_pack .
INFO: [BD 41-1029] Generation completed for the IP Integrator block axi_ad9361_adc_dma .
INFO: [BD 41-1029] Generation completed for the IP Integrator block axi_ad9361_dac_fifo .
INFO: [BD 41-1029] Generation completed for the IP Integrator block util_ad9361_dac_upack .
INFO: [BD 41-1029] Generation completed for the IP Integrator block axi_ad9361_dac_dma .
INFO: [BD 41-1029] Generation completed for the IP Integrator block axi_gpreg .
WARNING: [IP_Flow 19-4994] Overwriting existing constraint file '/home/luukieboy/Documents/thesis/hdl/projects/adrv9364z7020/ccbob_lvds/adrv9364z7020_ccbob_lvds.gen/sources_1/bd/system/ip/system_auto_pc_0/system_auto_pc_0_ooc.xdc'
INFO: [BD 41-1029] Generation completed for the IP Integrator block axi_cpu_interconnect/s00_couplers/auto_pc .
Exporting to file /home/luukieboy/Documents/thesis/hdl/projects/adrv9364z7020/ccbob_lvds/adrv9364z7020_ccbob_lvds.gen/sources_1/bd/system/hw_handoff/system.hwh
Generated Hardware Definition File /home/luukieboy/Documents/thesis/hdl/projects/adrv9364z7020/ccbob_lvds/adrv9364z7020_ccbob_lvds.gen/sources_1/bd/system/synth/system.hwdef
generate_target: Time (s): cpu = 00:00:12 ; elapsed = 00:00:13 . Memory (MB): peak = 1769.031 ; gain = 230.531 ; free physical = 2469 ; free virtual = 10439
INFO: [Project 1-1716] Could not find the wrapper file adrv9364z7020_ccbob_lvds.srcs/sources_1/bd/system/hdl/system_wrapper.v, checking in project .gen location instead.
INFO: [Vivado 12-12391] Found file adrv9364z7020_ccbob_lvds.gen/sources_1/bd/system/hdl/system_wrapper.v, importing it to Project
# adi_project_files adrv9364z7020_ccbob_lvds [list \
#   "$ad_hdl_dir/library/common/ad_iobuf.v" \
#   "../common/adrv9364z7020_constr.xdc" \
#   "../common/adrv9364z7020_constr_lvds.xdc" \
#   "../common/ccbob_constr.xdc" \
#   "system_top.v" ]
# adi_project_run adrv9364z7020_ccbob_lvds
INFO: [IP_Flow 19-6924] IPCACHE: Running cache check for IP inst: system_axi_iic_main_0
INFO: [IP_Flow 19-6924] IPCACHE: Running cache check for IP inst: system_sys_rstgen_0
INFO: [IP_Flow 19-6924] IPCACHE: Running cache check for IP inst: system_sys_logic_inv_0
INFO: [IP_Flow 19-6924] IPCACHE: Running cache check for IP inst: system_axi_sysid_0_0
INFO: [IP_Flow 19-6924] IPCACHE: Running cache check for IP inst: system_rom_sys_0_0
INFO: [IP_Flow 19-6924] IPCACHE: Running cache check for IP inst: system_xbar_0
INFO: [IP_Flow 19-6924] IPCACHE: Running cache check for IP inst: system_axi_ad9361_0
INFO: [IP_Flow 19-6924] IPCACHE: Running cache check for IP inst: system_util_ad9361_tdd_sync_0
INFO: [IP_Flow 19-6924] IPCACHE: Running cache check for IP inst: system_util_ad9361_divclk_sel_0
INFO: [IP_Flow 19-6924] IPCACHE: Running cache check for IP inst: system_util_ad9361_divclk_0
INFO: [IP_Flow 19-6924] IPCACHE: Running cache check for IP inst: system_util_ad9361_divclk_reset_0
INFO: [IP_Flow 19-6924] IPCACHE: Running cache check for IP inst: system_util_ad9361_adc_fifo_0
INFO: [IP_Flow 19-6924] IPCACHE: Running cache check for IP inst: system_util_ad9361_adc_pack_0
INFO: [IP_Flow 19-6924] IPCACHE: Running cache check for IP inst: system_axi_ad9361_adc_dma_0
INFO: [IP_Flow 19-6924] IPCACHE: Running cache check for IP inst: system_axi_ad9361_dac_fifo_0
INFO: [IP_Flow 19-6924] IPCACHE: Running cache check for IP inst: system_util_ad9361_dac_upack_0
INFO: [IP_Flow 19-6924] IPCACHE: Running cache check for IP inst: system_axi_ad9361_dac_dma_0
INFO: [IP_Flow 19-6924] IPCACHE: Running cache check for IP inst: system_axi_gpreg_0
INFO: [IP_Flow 19-6924] IPCACHE: Running cache check for IP inst: system_auto_pc_0
INFO: [IP_Flow 19-6930] IPCACHE: runCacheChecks() number of threads = 8
INFO: [IP_Flow 19-6921] IPCACHE: Adding cache check func to thread queue for IP system_auto_pc_0
INFO: [IP_Flow 19-6921] IPCACHE: Adding cache check func to thread queue for IP system_axi_ad9361_0
INFO: [IP_Flow 19-6921] IPCACHE: Adding cache check func to thread queue for IP system_axi_ad9361_adc_dma_0
INFO: [IP_Flow 19-6921] IPCACHE: Adding cache check func to thread queue for IP system_axi_ad9361_dac_dma_0
INFO: [IP_Flow 19-6921] IPCACHE: Adding cache check func to thread queue for IP system_axi_ad9361_dac_fifo_0
INFO: [IP_Flow 19-6921] IPCACHE: Adding cache check func to thread queue for IP system_axi_gpreg_0
INFO: [IP_Flow 19-6921] IPCACHE: Adding cache check func to thread queue for IP system_axi_iic_main_0
INFO: [IP_Flow 19-6921] IPCACHE: Adding cache check func to thread queue for IP system_axi_sysid_0_0
INFO: [IP_Flow 19-6921] IPCACHE: Adding cache check func to thread queue for IP system_rom_sys_0_0
INFO: [IP_Flow 19-6921] IPCACHE: Adding cache check func to thread queue for IP system_sys_logic_inv_0
INFO: [IP_Flow 19-6921] IPCACHE: Adding cache check func to thread queue for IP system_sys_rstgen_0
INFO: [IP_Flow 19-6921] IPCACHE: Adding cache check func to thread queue for IP system_util_ad9361_adc_fifo_0
INFO: [IP_Flow 19-6921] IPCACHE: Adding cache check func to thread queue for IP system_util_ad9361_adc_pack_0
INFO: [IP_Flow 19-6921] IPCACHE: Adding cache check func to thread queue for IP system_util_ad9361_dac_upack_0
INFO: [IP_Flow 19-6921] IPCACHE: Adding cache check func to thread queue for IP system_util_ad9361_divclk_0
INFO: [IP_Flow 19-6921] IPCACHE: Adding cache check func to thread queue for IP system_util_ad9361_divclk_reset_0
INFO: [IP_Flow 19-6921] IPCACHE: Adding cache check func to thread queue for IP system_util_ad9361_divclk_sel_0
INFO: [IP_Flow 19-6921] IPCACHE: Adding cache check func to thread queue for IP system_util_ad9361_tdd_sync_0
INFO: [IP_Flow 19-6921] IPCACHE: Adding cache check func to thread queue for IP system_xbar_0
INFO: [IP_Flow 19-8020] IPCACHE: runCacheChecks() calling threadPool finishWork()
INFO: [IP_Flow 19-6924] IPCACHE: Running cache check for IP inst: system_auto_pc_0
INFO: [IP_Flow 19-6924] IPCACHE: Running cache check for IP inst: system_axi_ad9361_0
INFO: [IP_Flow 19-6924] IPCACHE: Running cache check for IP inst: system_util_ad9361_dac_upack_0
INFO: [IP_Flow 19-6924] IPCACHE: Running cache check for IP inst: system_xbar_0
INFO: [IP_Flow 19-6924] IPCACHE: Running cache check for IP inst: system_axi_ad9361_adc_dma_0
INFO: [IP_Flow 19-6924] IPCACHE: Running cache check for IP inst: system_axi_ad9361_dac_dma_0
INFO: [IP_Flow 19-6924] IPCACHE: Running cache check for IP inst: system_axi_ad9361_dac_fifo_0
INFO: [IP_Flow 19-6924] IPCACHE: Running cache check for IP inst: system_axi_gpreg_0
INFO: [IP_Flow 19-6924] IPCACHE: Running cache check for IP inst: system_util_ad9361_divclk_reset_0
INFO: [IP_Flow 19-6924] IPCACHE: Running cache check for IP inst: system_util_ad9361_divclk_sel_0
INFO: [IP_Flow 19-6924] IPCACHE: Running cache check for IP inst: system_util_ad9361_tdd_sync_0
INFO: [IP_Flow 19-6924] IPCACHE: Running cache check for IP inst: system_axi_iic_main_0
INFO: [IP_Flow 19-6924] IPCACHE: Running cache check for IP inst: system_axi_sysid_0_0
INFO: [IP_Flow 19-6924] IPCACHE: Running cache check for IP inst: system_util_ad9361_divclk_0
INFO: [IP_Flow 19-6924] IPCACHE: Running cache check for IP inst: system_rom_sys_0_0
INFO: [IP_Flow 19-6924] IPCACHE: Running cache check for IP inst: system_sys_logic_inv_0
INFO: [IP_Flow 19-6924] IPCACHE: Running cache check for IP inst: system_sys_rstgen_0
INFO: [IP_Flow 19-6924] IPCACHE: Running cache check for IP inst: system_util_ad9361_adc_fifo_0
INFO: [IP_Flow 19-6924] IPCACHE: Running cache check for IP inst: system_util_ad9361_adc_pack_0
WARNING: [Vivado 12-7122] Auto Incremental Compile:: No reference checkpoint was found in run synth_1. Auto-incremental flow will not be run, the standard flow will be run instead.
[Thu Apr 16 14:20:18 2026] Launched system_sys_ps7_0_synth_1, system_axi_iic_main_0_synth_1, system_sys_rstgen_0_synth_1, system_sys_logic_inv_0_synth_1, system_axi_sysid_0_0_synth_1, system_rom_sys_0_0_synth_1, system_xbar_0_synth_1, system_axi_ad9361_0_synth_1, system_util_ad9361_tdd_sync_0_synth_1, system_util_ad9361_divclk_sel_0_synth_1, system_util_ad9361_divclk_0_synth_1, system_util_ad9361_divclk_reset_0_synth_1, system_util_ad9361_adc_fifo_0_synth_1, system_util_ad9361_adc_pack_0_synth_1, system_axi_ad9361_adc_dma_0_synth_1, system_axi_ad9361_dac_fifo_0_synth_1, system_util_ad9361_dac_upack_0_synth_1, system_axi_ad9361_dac_dma_0_synth_1, system_axi_gpreg_0_synth_1, system_auto_pc_0_synth_1...
Run output will be captured here:
system_sys_ps7_0_synth_1: /home/luukieboy/Documents/thesis/hdl/projects/adrv9364z7020/ccbob_lvds/adrv9364z7020_ccbob_lvds.runs/system_sys_ps7_0_synth_1/runme.log
system_axi_iic_main_0_synth_1: /home/luukieboy/Documents/thesis/hdl/projects/adrv9364z7020/ccbob_lvds/adrv9364z7020_ccbob_lvds.runs/system_axi_iic_main_0_synth_1/runme.log
system_sys_rstgen_0_synth_1: /home/luukieboy/Documents/thesis/hdl/projects/adrv9364z7020/ccbob_lvds/adrv9364z7020_ccbob_lvds.runs/system_sys_rstgen_0_synth_1/runme.log
system_sys_logic_inv_0_synth_1: /home/luukieboy/Documents/thesis/hdl/projects/adrv9364z7020/ccbob_lvds/adrv9364z7020_ccbob_lvds.runs/system_sys_logic_inv_0_synth_1/runme.log
system_axi_sysid_0_0_synth_1: /home/luukieboy/Documents/thesis/hdl/projects/adrv9364z7020/ccbob_lvds/adrv9364z7020_ccbob_lvds.runs/system_axi_sysid_0_0_synth_1/runme.log
system_rom_sys_0_0_synth_1: /home/luukieboy/Documents/thesis/hdl/projects/adrv9364z7020/ccbob_lvds/adrv9364z7020_ccbob_lvds.runs/system_rom_sys_0_0_synth_1/runme.log
system_xbar_0_synth_1: /home/luukieboy/Documents/thesis/hdl/projects/adrv9364z7020/ccbob_lvds/adrv9364z7020_ccbob_lvds.runs/system_xbar_0_synth_1/runme.log
system_axi_ad9361_0_synth_1: /home/luukieboy/Documents/thesis/hdl/projects/adrv9364z7020/ccbob_lvds/adrv9364z7020_ccbob_lvds.runs/system_axi_ad9361_0_synth_1/runme.log
system_util_ad9361_tdd_sync_0_synth_1: /home/luukieboy/Documents/thesis/hdl/projects/adrv9364z7020/ccbob_lvds/adrv9364z7020_ccbob_lvds.runs/system_util_ad9361_tdd_sync_0_synth_1/runme.log
system_util_ad9361_divclk_sel_0_synth_1: /home/luukieboy/Documents/thesis/hdl/projects/adrv9364z7020/ccbob_lvds/adrv9364z7020_ccbob_lvds.runs/system_util_ad9361_divclk_sel_0_synth_1/runme.log
system_util_ad9361_divclk_0_synth_1: /home/luukieboy/Documents/thesis/hdl/projects/adrv9364z7020/ccbob_lvds/adrv9364z7020_ccbob_lvds.runs/system_util_ad9361_divclk_0_synth_1/runme.log
system_util_ad9361_divclk_reset_0_synth_1: /home/luukieboy/Documents/thesis/hdl/projects/adrv9364z7020/ccbob_lvds/adrv9364z7020_ccbob_lvds.runs/system_util_ad9361_divclk_reset_0_synth_1/runme.log
system_util_ad9361_adc_fifo_0_synth_1: /home/luukieboy/Documents/thesis/hdl/projects/adrv9364z7020/ccbob_lvds/adrv9364z7020_ccbob_lvds.runs/system_util_ad9361_adc_fifo_0_synth_1/runme.log
system_util_ad9361_adc_pack_0_synth_1: /home/luukieboy/Documents/thesis/hdl/projects/adrv9364z7020/ccbob_lvds/adrv9364z7020_ccbob_lvds.runs/system_util_ad9361_adc_pack_0_synth_1/runme.log
system_axi_ad9361_adc_dma_0_synth_1: /home/luukieboy/Documents/thesis/hdl/projects/adrv9364z7020/ccbob_lvds/adrv9364z7020_ccbob_lvds.runs/system_axi_ad9361_adc_dma_0_synth_1/runme.log
system_axi_ad9361_dac_fifo_0_synth_1: /home/luukieboy/Documents/thesis/hdl/projects/adrv9364z7020/ccbob_lvds/adrv9364z7020_ccbob_lvds.runs/system_axi_ad9361_dac_fifo_0_synth_1/runme.log
system_util_ad9361_dac_upack_0_synth_1: /home/luukieboy/Documents/thesis/hdl/projects/adrv9364z7020/ccbob_lvds/adrv9364z7020_ccbob_lvds.runs/system_util_ad9361_dac_upack_0_synth_1/runme.log
system_axi_ad9361_dac_dma_0_synth_1: /home/luukieboy/Documents/thesis/hdl/projects/adrv9364z7020/ccbob_lvds/adrv9364z7020_ccbob_lvds.runs/system_axi_ad9361_dac_dma_0_synth_1/runme.log
system_axi_gpreg_0_synth_1: /home/luukieboy/Documents/thesis/hdl/projects/adrv9364z7020/ccbob_lvds/adrv9364z7020_ccbob_lvds.runs/system_axi_gpreg_0_synth_1/runme.log
system_auto_pc_0_synth_1: /home/luukieboy/Documents/thesis/hdl/projects/adrv9364z7020/ccbob_lvds/adrv9364z7020_ccbob_lvds.runs/system_auto_pc_0_synth_1/runme.log
[Thu Apr 16 14:20:18 2026] Launched system_sys_ps7_0_synth_1, system_axi_iic_main_0_synth_1, system_sys_rstgen_0_synth_1, system_sys_logic_inv_0_synth_1, system_axi_sysid_0_0_synth_1, system_rom_sys_0_0_synth_1, system_xbar_0_synth_1, system_axi_ad9361_0_synth_1, system_util_ad9361_tdd_sync_0_synth_1, system_util_ad9361_divclk_sel_0_synth_1, system_util_ad9361_divclk_0_synth_1, system_util_ad9361_divclk_reset_0_synth_1, system_util_ad9361_adc_fifo_0_synth_1, system_util_ad9361_adc_pack_0_synth_1, system_axi_ad9361_adc_dma_0_synth_1, system_axi_ad9361_dac_fifo_0_synth_1, system_util_ad9361_dac_upack_0_synth_1, system_axi_ad9361_dac_dma_0_synth_1, system_axi_gpreg_0_synth_1, system_auto_pc_0_synth_1, synth_1...
Run output will be captured here:
system_sys_ps7_0_synth_1: /home/luukieboy/Documents/thesis/hdl/projects/adrv9364z7020/ccbob_lvds/adrv9364z7020_ccbob_lvds.runs/system_sys_ps7_0_synth_1/runme.log
system_axi_iic_main_0_synth_1: /home/luukieboy/Documents/thesis/hdl/projects/adrv9364z7020/ccbob_lvds/adrv9364z7020_ccbob_lvds.runs/system_axi_iic_main_0_synth_1/runme.log
system_sys_rstgen_0_synth_1: /home/luukieboy/Documents/thesis/hdl/projects/adrv9364z7020/ccbob_lvds/adrv9364z7020_ccbob_lvds.runs/system_sys_rstgen_0_synth_1/runme.log
system_sys_logic_inv_0_synth_1: /home/luukieboy/Documents/thesis/hdl/projects/adrv9364z7020/ccbob_lvds/adrv9364z7020_ccbob_lvds.runs/system_sys_logic_inv_0_synth_1/runme.log
system_axi_sysid_0_0_synth_1: /home/luukieboy/Documents/thesis/hdl/projects/adrv9364z7020/ccbob_lvds/adrv9364z7020_ccbob_lvds.runs/system_axi_sysid_0_0_synth_1/runme.log
system_rom_sys_0_0_synth_1: /home/luukieboy/Documents/thesis/hdl/projects/adrv9364z7020/ccbob_lvds/adrv9364z7020_ccbob_lvds.runs/system_rom_sys_0_0_synth_1/runme.log
system_xbar_0_synth_1: /home/luukieboy/Documents/thesis/hdl/projects/adrv9364z7020/ccbob_lvds/adrv9364z7020_ccbob_lvds.runs/system_xbar_0_synth_1/runme.log
system_axi_ad9361_0_synth_1: /home/luukieboy/Documents/thesis/hdl/projects/adrv9364z7020/ccbob_lvds/adrv9364z7020_ccbob_lvds.runs/system_axi_ad9361_0_synth_1/runme.log
system_util_ad9361_tdd_sync_0_synth_1: /home/luukieboy/Documents/thesis/hdl/projects/adrv9364z7020/ccbob_lvds/adrv9364z7020_ccbob_lvds.runs/system_util_ad9361_tdd_sync_0_synth_1/runme.log
system_util_ad9361_divclk_sel_0_synth_1: /home/luukieboy/Documents/thesis/hdl/projects/adrv9364z7020/ccbob_lvds/adrv9364z7020_ccbob_lvds.runs/system_util_ad9361_divclk_sel_0_synth_1/runme.log
system_util_ad9361_divclk_0_synth_1: /home/luukieboy/Documents/thesis/hdl/projects/adrv9364z7020/ccbob_lvds/adrv9364z7020_ccbob_lvds.runs/system_util_ad9361_divclk_0_synth_1/runme.log
system_util_ad9361_divclk_reset_0_synth_1: /home/luukieboy/Documents/thesis/hdl/projects/adrv9364z7020/ccbob_lvds/adrv9364z7020_ccbob_lvds.runs/system_util_ad9361_divclk_reset_0_synth_1/runme.log
system_util_ad9361_adc_fifo_0_synth_1: /home/luukieboy/Documents/thesis/hdl/projects/adrv9364z7020/ccbob_lvds/adrv9364z7020_ccbob_lvds.runs/system_util_ad9361_adc_fifo_0_synth_1/runme.log
system_util_ad9361_adc_pack_0_synth_1: /home/luukieboy/Documents/thesis/hdl/projects/adrv9364z7020/ccbob_lvds/adrv9364z7020_ccbob_lvds.runs/system_util_ad9361_adc_pack_0_synth_1/runme.log
system_axi_ad9361_adc_dma_0_synth_1: /home/luukieboy/Documents/thesis/hdl/projects/adrv9364z7020/ccbob_lvds/adrv9364z7020_ccbob_lvds.runs/system_axi_ad9361_adc_dma_0_synth_1/runme.log
system_axi_ad9361_dac_fifo_0_synth_1: /home/luukieboy/Documents/thesis/hdl/projects/adrv9364z7020/ccbob_lvds/adrv9364z7020_ccbob_lvds.runs/system_axi_ad9361_dac_fifo_0_synth_1/runme.log
system_util_ad9361_dac_upack_0_synth_1: /home/luukieboy/Documents/thesis/hdl/projects/adrv9364z7020/ccbob_lvds/adrv9364z7020_ccbob_lvds.runs/system_util_ad9361_dac_upack_0_synth_1/runme.log
system_axi_ad9361_dac_dma_0_synth_1: /home/luukieboy/Documents/thesis/hdl/projects/adrv9364z7020/ccbob_lvds/adrv9364z7020_ccbob_lvds.runs/system_axi_ad9361_dac_dma_0_synth_1/runme.log
system_axi_gpreg_0_synth_1: /home/luukieboy/Documents/thesis/hdl/projects/adrv9364z7020/ccbob_lvds/adrv9364z7020_ccbob_lvds.runs/system_axi_gpreg_0_synth_1/runme.log
system_auto_pc_0_synth_1: /home/luukieboy/Documents/thesis/hdl/projects/adrv9364z7020/ccbob_lvds/adrv9364z7020_ccbob_lvds.runs/system_auto_pc_0_synth_1/runme.log
synth_1: /home/luukieboy/Documents/thesis/hdl/projects/adrv9364z7020/ccbob_lvds/adrv9364z7020_ccbob_lvds.runs/synth_1/runme.log
[Thu Apr 16 14:20:18 2026] Waiting for synth_1 to finish...

*** Running vivado
    with args -log system_top.vds -m64 -product Vivado -mode batch -messageDb vivado.pb -notrace -source system_top.tcl


****** Vivado v2023.2 (64-bit)
  **** SW Build 4029153 on Fri Oct 13 20:13:54 MDT 2023
  **** IP Build 4028589 on Sat Oct 14 00:45:43 MDT 2023
  **** SharedData Build 4025554 on Tue Oct 10 17:18:54 MDT 2023
    ** Copyright 1986-2022 Xilinx, Inc. All Rights Reserved.
    ** Copyright 2022-2023 Advanced Micro Devices, Inc. All Rights Reserved.

source system_top.tcl -notrace
INFO: [IP_Flow 19-234] Refreshing IP repositories
INFO: [IP_Flow 19-1700] Loaded user IP repository '/home/luukieboy/Documents/thesis/hdl/library'.
INFO: [IP_Flow 19-2313] Loaded Vivado IP repository '/tools/Xilinx/Vivado/2023.2/data/ip'.
Command: synth_design -top system_top -part xc7z020clg400-1
Starting synth_design
Attempting to get a license for feature 'Synthesis' and/or device 'xc7z020'
INFO: [Common 17-349] Got license for feature 'Synthesis' and/or device 'xc7z020'
INFO: [Device 21-403] Loading part xc7z020clg400-1
INFO: [Synth 8-7079] Multithreading enabled for synth_design using a maximum of 4 processes.
INFO: [Synth 8-7078] Launching helper process for spawning children vivado processes
INFO: [Synth 8-7075] Helper process launched with PID 20874
---------------------------------------------------------------------------------
Starting RTL Elaboration : Time (s): cpu = 00:00:03 ; elapsed = 00:00:03 . Memory (MB): peak = 2071.039 ; gain = 402.715 ; free physical = 3328 ; free virtual = 10006
---------------------------------------------------------------------------------
INFO: [Synth 8-6157] synthesizing module 'system_top' [/home/luukieboy/Documents/thesis/hdl/projects/adrv9364z7020/ccbob_lvds/system_top.v:38]
INFO: [Synth 8-6157] synthesizing module 'ad_iobuf' [/home/luukieboy/Documents/thesis/hdl/library/common/ad_iobuf.v:38]
	Parameter DATA_WIDTH bound to: 11 - type: integer 
INFO: [Synth 8-6155] done synthesizing module 'ad_iobuf' (0#1) [/home/luukieboy/Documents/thesis/hdl/library/common/ad_iobuf.v:38]
INFO: [Synth 8-6157] synthesizing module 'ad_iobuf__parameterized0' [/home/luukieboy/Documents/thesis/hdl/library/common/ad_iobuf.v:38]
	Parameter DATA_WIDTH bound to: 16 - type: integer 
INFO: [Synth 8-6155] done synthesizing module 'ad_iobuf__parameterized0' (0#1) [/home/luukieboy/Documents/thesis/hdl/library/common/ad_iobuf.v:38]
INFO: [Synth 8-6157] synthesizing module 'system_wrapper' [/home/luukieboy/Documents/thesis/hdl/projects/adrv9364z7020/ccbob_lvds/adrv9364z7020_ccbob_lvds.srcs/sources_1/imports/hdl/system_wrapper.v:13]
INFO: [Synth 8-6157] synthesizing module 'IOBUF' [/tools/Xilinx/Vivado/2023.2/scripts/rt/data/unisim_comp.v:78197]
INFO: [Synth 8-6155] done synthesizing module 'IOBUF' (0#1) [/tools/Xilinx/Vivado/2023.2/scripts/rt/data/unisim_comp.v:78197]
INFO: [Synth 8-6157] synthesizing module 'system' [/home/luukieboy/Documents/thesis/hdl/projects/adrv9364z7020/ccbob_lvds/adrv9364z7020_ccbob_lvds.gen/sources_1/bd/system/synth/system.v:1409]
INFO: [Synth 8-6157] synthesizing module 'system_GND_1_0' [/home/luukieboy/Documents/thesis/hdl/projects/adrv9364z7020/ccbob_lvds/adrv9364z7020_ccbob_lvds.gen/sources_1/bd/system/ip/system_GND_1_0/synth/system_GND_1_0.v:53]
INFO: [Synth 8-6157] synthesizing module 'xlconstant_v1_1_8_xlconstant' [/home/luukieboy/Documents/thesis/hdl/projects/adrv9364z7020/ccbob_lvds/adrv9364z7020_ccbob_lvds.gen/sources_1/bd/system/ipshared/d390/hdl/xlconstant_v1_1_vl_rfs.v:68]
INFO: [Synth 8-6155] done synthesizing module 'xlconstant_v1_1_8_xlconstant' (0#1) [/home/luukieboy/Documents/thesis/hdl/projects/adrv9364z7020/ccbob_lvds/adrv9364z7020_ccbob_lvds.gen/sources_1/bd/system/ipshared/d390/hdl/xlconstant_v1_1_vl_rfs.v:68]
INFO: [Synth 8-6155] done synthesizing module 'system_GND_1_0' (0#1) [/home/luukieboy/Documents/thesis/hdl/projects/adrv9364z7020/ccbob_lvds/adrv9364z7020_ccbob_lvds.gen/sources_1/bd/system/ip/system_GND_1_0/synth/system_GND_1_0.v:53]
INFO: [Synth 8-6157] synthesizing module 'system_axi_ad9361_0' [/home/luukieboy/Documents/thesis/hdl/projects/adrv9364z7020/ccbob_lvds/adrv9364z7020_ccbob_lvds.runs/synth_1/.Xil/Vivado-20863-Sevro/realtime/system_axi_ad9361_0_stub.v:6]
INFO: [Synth 8-6155] done synthesizing module 'system_axi_ad9361_0' (0#1) [/home/luukieboy/Documents/thesis/hdl/projects/adrv9364z7020/ccbob_lvds/adrv9364z7020_ccbob_lvds.runs/synth_1/.Xil/Vivado-20863-Sevro/realtime/system_axi_ad9361_0_stub.v:6]
WARNING: [Synth 8-7071] port 'dac_sync_out' of module 'system_axi_ad9361_0' is unconnected for instance 'axi_ad9361' [/home/luukieboy/Documents/thesis/hdl/projects/adrv9364z7020/ccbob_lvds/adrv9364z7020_ccbob_lvds.gen/sources_1/bd/system/synth/system.v:1963]
WARNING: [Synth 8-7071] port 'up_dac_gpio_out' of module 'system_axi_ad9361_0' is unconnected for instance 'axi_ad9361' [/home/luukieboy/Documents/thesis/hdl/projects/adrv9364z7020/ccbob_lvds/adrv9364z7020_ccbob_lvds.gen/sources_1/bd/system/synth/system.v:1963]
WARNING: [Synth 8-7071] port 'up_adc_gpio_out' of module 'system_axi_ad9361_0' is unconnected for instance 'axi_ad9361' [/home/luukieboy/Documents/thesis/hdl/projects/adrv9364z7020/ccbob_lvds/adrv9364z7020_ccbob_lvds.gen/sources_1/bd/system/synth/system.v:1963]
WARNING: [Synth 8-7023] instance 'axi_ad9361' of module 'system_axi_ad9361_0' has 79 connections declared, but only 76 given [/home/luukieboy/Documents/thesis/hdl/projects/adrv9364z7020/ccbob_lvds/adrv9364z7020_ccbob_lvds.gen/sources_1/bd/system/synth/system.v:1963]
INFO: [Synth 8-6157] synthesizing module 'system_axi_ad9361_adc_dma_0' [/home/luukieboy/Documents/thesis/hdl/projects/adrv9364z7020/ccbob_lvds/adrv9364z7020_ccbob_lvds.runs/synth_1/.Xil/Vivado-20863-Sevro/realtime/system_axi_ad9361_adc_dma_0_stub.v:6]
INFO: [Synth 8-6155] done synthesizing module 'system_axi_ad9361_adc_dma_0' (0#1) [/home/luukieboy/Documents/thesis/hdl/projects/adrv9364z7020/ccbob_lvds/adrv9364z7020_ccbob_lvds.runs/synth_1/.Xil/Vivado-20863-Sevro/realtime/system_axi_ad9361_adc_dma_0_stub.v:6]
WARNING: [Synth 8-7071] port 'fifo_wr_xfer_req' of module 'system_axi_ad9361_adc_dma_0' is unconnected for instance 'axi_ad9361_adc_dma' [/home/luukieboy/Documents/thesis/hdl/projects/adrv9364z7020/ccbob_lvds/adrv9364z7020_ccbob_lvds.gen/sources_1/bd/system/synth/system.v:2040]
WARNING: [Synth 8-7023] instance 'axi_ad9361_adc_dma' of module 'system_axi_ad9361_adc_dma_0' has 46 connections declared, but only 45 given [/home/luukieboy/Documents/thesis/hdl/projects/adrv9364z7020/ccbob_lvds/adrv9364z7020_ccbob_lvds.gen/sources_1/bd/system/synth/system.v:2040]
INFO: [Synth 8-6157] synthesizing module 'system_axi_ad9361_dac_dma_0' [/home/luukieboy/Documents/thesis/hdl/projects/adrv9364z7020/ccbob_lvds/adrv9364z7020_ccbob_lvds.runs/synth_1/.Xil/Vivado-20863-Sevro/realtime/system_axi_ad9361_dac_dma_0_stub.v:6]
INFO: [Synth 8-6155] done synthesizing module 'system_axi_ad9361_dac_dma_0' (0#1) [/home/luukieboy/Documents/thesis/hdl/projects/adrv9364z7020/ccbob_lvds/adrv9364z7020_ccbob_lvds.runs/synth_1/.Xil/Vivado-20863-Sevro/realtime/system_axi_ad9361_dac_dma_0_stub.v:6]
WARNING: [Synth 8-7071] port 'm_axis_strb' of module 'system_axi_ad9361_dac_dma_0' is unconnected for instance 'axi_ad9361_dac_dma' [/home/luukieboy/Documents/thesis/hdl/projects/adrv9364z7020/ccbob_lvds/adrv9364z7020_ccbob_lvds.gen/sources_1/bd/system/synth/system.v:2086]
WARNING: [Synth 8-7071] port 'm_axis_keep' of module 'system_axi_ad9361_dac_dma_0' is unconnected for instance 'axi_ad9361_dac_dma' [/home/luukieboy/Documents/thesis/hdl/projects/adrv9364z7020/ccbob_lvds/adrv9364z7020_ccbob_lvds.gen/sources_1/bd/system/synth/system.v:2086]
WARNING: [Synth 8-7071] port 'm_axis_user' of module 'system_axi_ad9361_dac_dma_0' is unconnected for instance 'axi_ad9361_dac_dma' [/home/luukieboy/Documents/thesis/hdl/projects/adrv9364z7020/ccbob_lvds/adrv9364z7020_ccbob_lvds.gen/sources_1/bd/system/synth/system.v:2086]
WARNING: [Synth 8-7071] port 'm_axis_id' of module 'system_axi_ad9361_dac_dma_0' is unconnected for instance 'axi_ad9361_dac_dma' [/home/luukieboy/Documents/thesis/hdl/projects/adrv9364z7020/ccbob_lvds/adrv9364z7020_ccbob_lvds.gen/sources_1/bd/system/synth/system.v:2086]
WARNING: [Synth 8-7071] port 'm_axis_dest' of module 'system_axi_ad9361_dac_dma_0' is unconnected for instance 'axi_ad9361_dac_dma' [/home/luukieboy/Documents/thesis/hdl/projects/adrv9364z7020/ccbob_lvds/adrv9364z7020_ccbob_lvds.gen/sources_1/bd/system/synth/system.v:2086]
WARNING: [Synth 8-7071] port 'm_axis_last' of module 'system_axi_ad9361_dac_dma_0' is unconnected for instance 'axi_ad9361_dac_dma' [/home/luukieboy/Documents/thesis/hdl/projects/adrv9364z7020/ccbob_lvds/adrv9364z7020_ccbob_lvds.gen/sources_1/bd/system/synth/system.v:2086]
WARNING: [Synth 8-7071] port 'm_axis_xfer_req' of module 'system_axi_ad9361_dac_dma_0' is unconnected for instance 'axi_ad9361_dac_dma' [/home/luukieboy/Documents/thesis/hdl/projects/adrv9364z7020/ccbob_lvds/adrv9364z7020_ccbob_lvds.gen/sources_1/bd/system/synth/system.v:2086]
WARNING: [Synth 8-7023] instance 'axi_ad9361_dac_dma' of module 'system_axi_ad9361_dac_dma_0' has 48 connections declared, but only 41 given [/home/luukieboy/Documents/thesis/hdl/projects/adrv9364z7020/ccbob_lvds/adrv9364z7020_ccbob_lvds.gen/sources_1/bd/system/synth/system.v:2086]
INFO: [Synth 8-6157] synthesizing module 'system_axi_ad9361_dac_fifo_0' [/home/luukieboy/Documents/thesis/hdl/projects/adrv9364z7020/ccbob_lvds/adrv9364z7020_ccbob_lvds.runs/synth_1/.Xil/Vivado-20863-Sevro/realtime/system_axi_ad9361_dac_fifo_0_stub.v:6]
INFO: [Synth 8-6155] done synthesizing module 'system_axi_ad9361_dac_fifo_0' (0#1) [/home/luukieboy/Documents/thesis/hdl/projects/adrv9364z7020/ccbob_lvds/adrv9364z7020_ccbob_lvds.runs/synth_1/.Xil/Vivado-20863-Sevro/realtime/system_axi_ad9361_dac_fifo_0_stub.v:6]
WARNING: [Synth 8-7071] port 'din_valid_1' of module 'system_axi_ad9361_dac_fifo_0' is unconnected for instance 'axi_ad9361_dac_fifo' [/home/luukieboy/Documents/thesis/hdl/projects/adrv9364z7020/ccbob_lvds/adrv9364z7020_ccbob_lvds.gen/sources_1/bd/system/synth/system.v:2128]
WARNING: [Synth 8-7071] port 'din_valid_2' of module 'system_axi_ad9361_dac_fifo_0' is unconnected for instance 'axi_ad9361_dac_fifo' [/home/luukieboy/Documents/thesis/hdl/projects/adrv9364z7020/ccbob_lvds/adrv9364z7020_ccbob_lvds.gen/sources_1/bd/system/synth/system.v:2128]
WARNING: [Synth 8-7071] port 'din_valid_3' of module 'system_axi_ad9361_dac_fifo_0' is unconnected for instance 'axi_ad9361_dac_fifo' [/home/luukieboy/Documents/thesis/hdl/projects/adrv9364z7020/ccbob_lvds/adrv9364z7020_ccbob_lvds.gen/sources_1/bd/system/synth/system.v:2128]
WARNING: [Synth 8-7071] port 'dout_valid_out_0' of module 'system_axi_ad9361_dac_fifo_0' is unconnected for instance 'axi_ad9361_dac_fifo' [/home/luukieboy/Documents/thesis/hdl/projects/adrv9364z7020/ccbob_lvds/adrv9364z7020_ccbob_lvds.gen/sources_1/bd/system/synth/system.v:2128]
WARNING: [Synth 8-7071] port 'dout_valid_out_1' of module 'system_axi_ad9361_dac_fifo_0' is unconnected for instance 'axi_ad9361_dac_fifo' [/home/luukieboy/Documents/thesis/hdl/projects/adrv9364z7020/ccbob_lvds/adrv9364z7020_ccbob_lvds.gen/sources_1/bd/system/synth/system.v:2128]
WARNING: [Synth 8-7071] port 'dout_valid_out_2' of module 'system_axi_ad9361_dac_fifo_0' is unconnected for instance 'axi_ad9361_dac_fifo' [/home/luukieboy/Documents/thesis/hdl/projects/adrv9364z7020/ccbob_lvds/adrv9364z7020_ccbob_lvds.gen/sources_1/bd/system/synth/system.v:2128]
WARNING: [Synth 8-7071] port 'dout_valid_out_3' of module 'system_axi_ad9361_dac_fifo_0' is unconnected for instance 'axi_ad9361_dac_fifo' [/home/luukieboy/Documents/thesis/hdl/projects/adrv9364z7020/ccbob_lvds/adrv9364z7020_ccbob_lvds.gen/sources_1/bd/system/synth/system.v:2128]
WARNING: [Synth 8-7023] instance 'axi_ad9361_dac_fifo' of module 'system_axi_ad9361_dac_fifo_0' has 38 connections declared, but only 31 given [/home/luukieboy/Documents/thesis/hdl/projects/adrv9364z7020/ccbob_lvds/adrv9364z7020_ccbob_lvds.gen/sources_1/bd/system/synth/system.v:2128]
INFO: [Synth 8-6157] synthesizing module 'system_axi_cpu_interconnect_0' [/home/luukieboy/Documents/thesis/hdl/projects/adrv9364z7020/ccbob_lvds/adrv9364z7020_ccbob_lvds.gen/sources_1/bd/system/synth/system.v:2761]
INFO: [Synth 8-6157] synthesizing module 'm00_couplers_imp_I5GH1N' [/home/luukieboy/Documents/thesis/hdl/projects/adrv9364z7020/ccbob_lvds/adrv9364z7020_ccbob_lvds.gen/sources_1/bd/system/synth/system.v:13]
INFO: [Synth 8-6155] done synthesizing module 'm00_couplers_imp_I5GH1N' (0#1) [/home/luukieboy/Documents/thesis/hdl/projects/adrv9364z7020/ccbob_lvds/adrv9364z7020_ccbob_lvds.gen/sources_1/bd/system/synth/system.v:13]
INFO: [Synth 8-6157] synthesizing module 'm01_couplers_imp_1UBGIXM' [/home/luukieboy/Documents/thesis/hdl/projects/adrv9364z7020/ccbob_lvds/adrv9364z7020_ccbob_lvds.gen/sources_1/bd/system/synth/system.v:159]
INFO: [Synth 8-6155] done synthesizing module 'm01_couplers_imp_1UBGIXM' (0#1) [/home/luukieboy/Documents/thesis/hdl/projects/adrv9364z7020/ccbob_lvds/adrv9364z7020_ccbob_lvds.gen/sources_1/bd/system/synth/system.v:159]
INFO: [Synth 8-6157] synthesizing module 'm02_couplers_imp_1J5P44O' [/home/luukieboy/Documents/thesis/hdl/projects/adrv9364z7020/ccbob_lvds/adrv9364z7020_ccbob_lvds.gen/sources_1/bd/system/synth/system.v:291]
INFO: [Synth 8-6155] done synthesizing module 'm02_couplers_imp_1J5P44O' (0#1) [/home/luukieboy/Documents/thesis/hdl/projects/adrv9364z7020/ccbob_lvds/adrv9364z7020_ccbob_lvds.gen/sources_1/bd/system/synth/system.v:291]
INFO: [Synth 8-6157] synthesizing module 'm03_couplers_imp_T17W6X' [/home/luukieboy/Documents/thesis/hdl/projects/adrv9364z7020/ccbob_lvds/adrv9364z7020_ccbob_lvds.gen/sources_1/bd/system/synth/system.v:437]
INFO: [Synth 8-6155] done synthesizing module 'm03_couplers_imp_T17W6X' (0#1) [/home/luukieboy/Documents/thesis/hdl/projects/adrv9364z7020/ccbob_lvds/adrv9364z7020_ccbob_lvds.gen/sources_1/bd/system/synth/system.v:437]
INFO: [Synth 8-6157] synthesizing module 'm04_couplers_imp_15FU5SC' [/home/luukieboy/Documents/thesis/hdl/projects/adrv9364z7020/ccbob_lvds/adrv9364z7020_ccbob_lvds.gen/sources_1/bd/system/synth/system.v:583]
INFO: [Synth 8-6155] done synthesizing module 'm04_couplers_imp_15FU5SC' (0#1) [/home/luukieboy/Documents/thesis/hdl/projects/adrv9364z7020/ccbob_lvds/adrv9364z7020_ccbob_lvds.gen/sources_1/bd/system/synth/system.v:583]
INFO: [Synth 8-6157] synthesizing module 'm05_couplers_imp_GFBASD' [/home/luukieboy/Documents/thesis/hdl/projects/adrv9364z7020/ccbob_lvds/adrv9364z7020_ccbob_lvds.gen/sources_1/bd/system/synth/system.v:729]
INFO: [Synth 8-6155] done synthesizing module 'm05_couplers_imp_GFBASD' (0#1) [/home/luukieboy/Documents/thesis/hdl/projects/adrv9364z7020/ccbob_lvds/adrv9364z7020_ccbob_lvds.gen/sources_1/bd/system/synth/system.v:729]
INFO: [Synth 8-6157] synthesizing module 's00_couplers_imp_WZLZH6' [/home/luukieboy/Documents/thesis/hdl/projects/adrv9364z7020/ccbob_lvds/adrv9364z7020_ccbob_lvds.gen/sources_1/bd/system/synth/system.v:1104]
INFO: [Synth 8-6157] synthesizing module 'system_auto_pc_0' [/home/luukieboy/Documents/thesis/hdl/projects/adrv9364z7020/ccbob_lvds/adrv9364z7020_ccbob_lvds.runs/synth_1/.Xil/Vivado-20863-Sevro/realtime/system_auto_pc_0_stub.v:6]
INFO: [Synth 8-6155] done synthesizing module 'system_auto_pc_0' (0#1) [/home/luukieboy/Documents/thesis/hdl/projects/adrv9364z7020/ccbob_lvds/adrv9364z7020_ccbob_lvds.runs/synth_1/.Xil/Vivado-20863-Sevro/realtime/system_auto_pc_0_stub.v:6]
INFO: [Synth 8-6155] done synthesizing module 's00_couplers_imp_WZLZH6' (0#1) [/home/luukieboy/Documents/thesis/hdl/projects/adrv9364z7020/ccbob_lvds/adrv9364z7020_ccbob_lvds.gen/sources_1/bd/system/synth/system.v:1104]
INFO: [Synth 8-6157] synthesizing module 'system_xbar_0' [/home/luukieboy/Documents/thesis/hdl/projects/adrv9364z7020/ccbob_lvds/adrv9364z7020_ccbob_lvds.runs/synth_1/.Xil/Vivado-20863-Sevro/realtime/system_xbar_0_stub.v:6]
INFO: [Synth 8-6155] done synthesizing module 'system_xbar_0' (0#1) [/home/luukieboy/Documents/thesis/hdl/projects/adrv9364z7020/ccbob_lvds/adrv9364z7020_ccbob_lvds.runs/synth_1/.Xil/Vivado-20863-Sevro/realtime/system_xbar_0_stub.v:6]
INFO: [Synth 8-6155] done synthesizing module 'system_axi_cpu_interconnect_0' (0#1) [/home/luukieboy/Documents/thesis/hdl/projects/adrv9364z7020/ccbob_lvds/adrv9364z7020_ccbob_lvds.gen/sources_1/bd/system/synth/system.v:2761]
INFO: [Synth 8-6157] synthesizing module 'system_axi_gpreg_0' [/home/luukieboy/Documents/thesis/hdl/projects/adrv9364z7020/ccbob_lvds/adrv9364z7020_ccbob_lvds.runs/synth_1/.Xil/Vivado-20863-Sevro/realtime/system_axi_gpreg_0_stub.v:6]
INFO: [Synth 8-6155] done synthesizing module 'system_axi_gpreg_0' (0#1) [/home/luukieboy/Documents/thesis/hdl/projects/adrv9364z7020/ccbob_lvds/adrv9364z7020_ccbob_lvds.runs/synth_1/.Xil/Vivado-20863-Sevro/realtime/system_axi_gpreg_0_stub.v:6]
WARNING: [Synth 8-7071] port 'up_gp_ioenb_0' of module 'system_axi_gpreg_0' is unconnected for instance 'axi_gpreg' [/home/luukieboy/Documents/thesis/hdl/projects/adrv9364z7020/ccbob_lvds/adrv9364z7020_ccbob_lvds.gen/sources_1/bd/system/synth/system.v:2327]
WARNING: [Synth 8-7023] instance 'axi_gpreg' of module 'system_axi_gpreg_0' has 24 connections declared, but only 23 given [/home/luukieboy/Documents/thesis/hdl/projects/adrv9364z7020/ccbob_lvds/adrv9364z7020_ccbob_lvds.gen/sources_1/bd/system/synth/system.v:2327]
INFO: [Synth 8-6157] synthesizing module 'system_axi_hp1_interconnect_0' [/home/luukieboy/Documents/thesis/hdl/projects/adrv9364z7020/ccbob_lvds/adrv9364z7020_ccbob_lvds.gen/sources_1/bd/system/synth/system.v:3892]
INFO: [Synth 8-6157] synthesizing module 's00_couplers_imp_H1ZQRK' [/home/luukieboy/Documents/thesis/hdl/projects/adrv9364z7020/ccbob_lvds/adrv9364z7020_ccbob_lvds.gen/sources_1/bd/system/synth/system.v:875]
INFO: [Synth 8-6155] done synthesizing module 's00_couplers_imp_H1ZQRK' (0#1) [/home/luukieboy/Documents/thesis/hdl/projects/adrv9364z7020/ccbob_lvds/adrv9364z7020_ccbob_lvds.gen/sources_1/bd/system/synth/system.v:875]
INFO: [Synth 8-6155] done synthesizing module 'system_axi_hp1_interconnect_0' (0#1) [/home/luukieboy/Documents/thesis/hdl/projects/adrv9364z7020/ccbob_lvds/adrv9364z7020_ccbob_lvds.gen/sources_1/bd/system/synth/system.v:3892]
INFO: [Synth 8-6157] synthesizing module 'system_axi_hp2_interconnect_0' [/home/luukieboy/Documents/thesis/hdl/projects/adrv9364z7020/ccbob_lvds/adrv9364z7020_ccbob_lvds.gen/sources_1/bd/system/synth/system.v:4082]
INFO: [Synth 8-6157] synthesizing module 's00_couplers_imp_SELTG5' [/home/luukieboy/Documents/thesis/hdl/projects/adrv9364z7020/ccbob_lvds/adrv9364z7020_ccbob_lvds.gen/sources_1/bd/system/synth/system.v:1000]
INFO: [Synth 8-6155] done synthesizing module 's00_couplers_imp_SELTG5' (0#1) [/home/luukieboy/Documents/thesis/hdl/projects/adrv9364z7020/ccbob_lvds/adrv9364z7020_ccbob_lvds.gen/sources_1/bd/system/synth/system.v:1000]
INFO: [Synth 8-6155] done synthesizing module 'system_axi_hp2_interconnect_0' (0#1) [/home/luukieboy/Documents/thesis/hdl/projects/adrv9364z7020/ccbob_lvds/adrv9364z7020_ccbob_lvds.gen/sources_1/bd/system/synth/system.v:4082]
INFO: [Synth 8-6157] synthesizing module 'system_axi_iic_main_0' [/home/luukieboy/Documents/thesis/hdl/projects/adrv9364z7020/ccbob_lvds/adrv9364z7020_ccbob_lvds.runs/synth_1/.Xil/Vivado-20863-Sevro/realtime/system_axi_iic_main_0_stub.v:6]
INFO: [Synth 8-6155] done synthesizing module 'system_axi_iic_main_0' (0#1) [/home/luukieboy/Documents/thesis/hdl/projects/adrv9364z7020/ccbob_lvds/adrv9364z7020_ccbob_lvds.runs/synth_1/.Xil/Vivado-20863-Sevro/realtime/system_axi_iic_main_0_stub.v:6]
WARNING: [Synth 8-7071] port 'gpo' of module 'system_axi_iic_main_0' is unconnected for instance 'axi_iic_main' [/home/luukieboy/Documents/thesis/hdl/projects/adrv9364z7020/ccbob_lvds/adrv9364z7020_ccbob_lvds.gen/sources_1/bd/system/synth/system.v:2423]
WARNING: [Synth 8-7023] instance 'axi_iic_main' of module 'system_axi_iic_main_0' has 27 connections declared, but only 26 given [/home/luukieboy/Documents/thesis/hdl/projects/adrv9364z7020/ccbob_lvds/adrv9364z7020_ccbob_lvds.gen/sources_1/bd/system/synth/system.v:2423]
INFO: [Synth 8-6157] synthesizing module 'system_axi_sysid_0_0' [/home/luukieboy/Documents/thesis/hdl/projects/adrv9364z7020/ccbob_lvds/adrv9364z7020_ccbob_lvds.runs/synth_1/.Xil/Vivado-20863-Sevro/realtime/system_axi_sysid_0_0_stub.v:6]
INFO: [Synth 8-6155] done synthesizing module 'system_axi_sysid_0_0' (0#1) [/home/luukieboy/Documents/thesis/hdl/projects/adrv9364z7020/ccbob_lvds/adrv9364z7020_ccbob_lvds.runs/synth_1/.Xil/Vivado-20863-Sevro/realtime/system_axi_sysid_0_0_stub.v:6]
INFO: [Synth 8-6157] synthesizing module 'system_rom_sys_0_0' [/home/luukieboy/Documents/thesis/hdl/projects/adrv9364z7020/ccbob_lvds/adrv9364z7020_ccbob_lvds.runs/synth_1/.Xil/Vivado-20863-Sevro/realtime/system_rom_sys_0_0_stub.v:6]
INFO: [Synth 8-6155] done synthesizing module 'system_rom_sys_0_0' (0#1) [/home/luukieboy/Documents/thesis/hdl/projects/adrv9364z7020/ccbob_lvds/adrv9364z7020_ccbob_lvds.runs/synth_1/.Xil/Vivado-20863-Sevro/realtime/system_rom_sys_0_0_stub.v:6]
INFO: [Synth 8-6157] synthesizing module 'system_sys_concat_intc_0' [/home/luukieboy/Documents/thesis/hdl/projects/adrv9364z7020/ccbob_lvds/adrv9364z7020_ccbob_lvds.gen/sources_1/bd/system/ip/system_sys_concat_intc_0/synth/system_sys_concat_intc_0.v:53]
INFO: [Synth 8-6157] synthesizing module 'xlconcat_v2_1_5_xlconcat' [/home/luukieboy/Documents/thesis/hdl/projects/adrv9364z7020/ccbob_lvds/adrv9364z7020_ccbob_lvds.gen/sources_1/bd/system/ipshared/147b/hdl/xlconcat_v2_1_vl_rfs.v:59]
INFO: [Synth 8-6155] done synthesizing module 'xlconcat_v2_1_5_xlconcat' (0#1) [/home/luukieboy/Documents/thesis/hdl/projects/adrv9364z7020/ccbob_lvds/adrv9364z7020_ccbob_lvds.gen/sources_1/bd/system/ipshared/147b/hdl/xlconcat_v2_1_vl_rfs.v:59]
INFO: [Synth 8-6155] done synthesizing module 'system_sys_concat_intc_0' (0#1) [/home/luukieboy/Documents/thesis/hdl/projects/adrv9364z7020/ccbob_lvds/adrv9364z7020_ccbob_lvds.gen/sources_1/bd/system/ip/system_sys_concat_intc_0/synth/system_sys_concat_intc_0.v:53]
INFO: [Synth 8-6157] synthesizing module 'system_sys_logic_inv_0' [/home/luukieboy/Documents/thesis/hdl/projects/adrv9364z7020/ccbob_lvds/adrv9364z7020_ccbob_lvds.runs/synth_1/.Xil/Vivado-20863-Sevro/realtime/system_sys_logic_inv_0_stub.v:6]
INFO: [Synth 8-6155] done synthesizing module 'system_sys_logic_inv_0' (0#1) [/home/luukieboy/Documents/thesis/hdl/projects/adrv9364z7020/ccbob_lvds/adrv9364z7020_ccbob_lvds.runs/synth_1/.Xil/Vivado-20863-Sevro/realtime/system_sys_logic_inv_0_stub.v:6]
INFO: [Synth 8-6157] synthesizing module 'system_sys_ps7_0' [/home/luukieboy/Documents/thesis/hdl/projects/adrv9364z7020/ccbob_lvds/adrv9364z7020_ccbob_lvds.runs/synth_1/.Xil/Vivado-20863-Sevro/realtime/system_sys_ps7_0_stub.v:6]
INFO: [Synth 8-6155] done synthesizing module 'system_sys_ps7_0' (0#1) [/home/luukieboy/Documents/thesis/hdl/projects/adrv9364z7020/ccbob_lvds/adrv9364z7020_ccbob_lvds.runs/synth_1/.Xil/Vivado-20863-Sevro/realtime/system_sys_ps7_0_stub.v:6]
WARNING: [Synth 8-7071] port 'ENET1_GMII_TX_EN' of module 'system_sys_ps7_0' is unconnected for instance 'sys_ps7' [/home/luukieboy/Documents/thesis/hdl/projects/adrv9364z7020/ccbob_lvds/adrv9364z7020_ccbob_lvds.gen/sources_1/bd/system/synth/system.v:2500]
WARNING: [Synth 8-7071] port 'ENET1_GMII_TX_ER' of module 'system_sys_ps7_0' is unconnected for instance 'sys_ps7' [/home/luukieboy/Documents/thesis/hdl/projects/adrv9364z7020/ccbob_lvds/adrv9364z7020_ccbob_lvds.gen/sources_1/bd/system/synth/system.v:2500]
WARNING: [Synth 8-7071] port 'ENET1_GMII_TXD' of module 'system_sys_ps7_0' is unconnected for instance 'sys_ps7' [/home/luukieboy/Documents/thesis/hdl/projects/adrv9364z7020/ccbob_lvds/adrv9364z7020_ccbob_lvds.gen/sources_1/bd/system/synth/system.v:2500]
WARNING: [Synth 8-7071] port 'SPI0_SCLK_T' of module 'system_sys_ps7_0' is unconnected for instance 'sys_ps7' [/home/luukieboy/Documents/thesis/hdl/projects/adrv9364z7020/ccbob_lvds/adrv9364z7020_ccbob_lvds.gen/sources_1/bd/system/synth/system.v:2500]
WARNING: [Synth 8-7071] port 'SPI0_MOSI_T' of module 'system_sys_ps7_0' is unconnected for instance 'sys_ps7' [/home/luukieboy/Documents/thesis/hdl/projects/adrv9364z7020/ccbob_lvds/adrv9364z7020_ccbob_lvds.gen/sources_1/bd/system/synth/system.v:2500]
WARNING: [Synth 8-7071] port 'SPI0_MISO_O' of module 'system_sys_ps7_0' is unconnected for instance 'sys_ps7' [/home/luukieboy/Documents/thesis/hdl/projects/adrv9364z7020/ccbob_lvds/adrv9364z7020_ccbob_lvds.gen/sources_1/bd/system/synth/system.v:2500]
WARNING: [Synth 8-7071] port 'SPI0_MISO_T' of module 'system_sys_ps7_0' is unconnected for instance 'sys_ps7' [/home/luukieboy/Documents/thesis/hdl/projects/adrv9364z7020/ccbob_lvds/adrv9364z7020_ccbob_lvds.gen/sources_1/bd/system/synth/system.v:2500]
WARNING: [Synth 8-7071] port 'SPI0_SS_T' of module 'system_sys_ps7_0' is unconnected for instance 'sys_ps7' [/home/luukieboy/Documents/thesis/hdl/projects/adrv9364z7020/ccbob_lvds/adrv9364z7020_ccbob_lvds.gen/sources_1/bd/system/synth/system.v:2500]
WARNING: [Synth 8-7071] port 'SPI1_SCLK_T' of module 'system_sys_ps7_0' is unconnected for instance 'sys_ps7' [/home/luukieboy/Documents/thesis/hdl/projects/adrv9364z7020/ccbob_lvds/adrv9364z7020_ccbob_lvds.gen/sources_1/bd/system/synth/system.v:2500]
WARNING: [Synth 8-7071] port 'SPI1_MOSI_T' of module 'system_sys_ps7_0' is unconnected for instance 'sys_ps7' [/home/luukieboy/Documents/thesis/hdl/projects/adrv9364z7020/ccbob_lvds/adrv9364z7020_ccbob_lvds.gen/sources_1/bd/system/synth/system.v:2500]
WARNING: [Synth 8-7071] port 'SPI1_MISO_O' of module 'system_sys_ps7_0' is unconnected for instance 'sys_ps7' [/home/luukieboy/Documents/thesis/hdl/projects/adrv9364z7020/ccbob_lvds/adrv9364z7020_ccbob_lvds.gen/sources_1/bd/system/synth/system.v:2500]
WARNING: [Synth 8-7071] port 'SPI1_MISO_T' of module 'system_sys_ps7_0' is unconnected for instance 'sys_ps7' [/home/luukieboy/Documents/thesis/hdl/projects/adrv9364z7020/ccbob_lvds/adrv9364z7020_ccbob_lvds.gen/sources_1/bd/system/synth/system.v:2500]
WARNING: [Synth 8-7071] port 'SPI1_SS_T' of module 'system_sys_ps7_0' is unconnected for instance 'sys_ps7' [/home/luukieboy/Documents/thesis/hdl/projects/adrv9364z7020/ccbob_lvds/adrv9364z7020_ccbob_lvds.gen/sources_1/bd/system/synth/system.v:2500]
WARNING: [Synth 8-7071] port 'USB0_PORT_INDCTL' of module 'system_sys_ps7_0' is unconnected for instance 'sys_ps7' [/home/luukieboy/Documents/thesis/hdl/projects/adrv9364z7020/ccbob_lvds/adrv9364z7020_ccbob_lvds.gen/sources_1/bd/system/synth/system.v:2500]
WARNING: [Synth 8-7071] port 'USB0_VBUS_PWRSELECT' of module 'system_sys_ps7_0' is unconnected for instance 'sys_ps7' [/home/luukieboy/Documents/thesis/hdl/projects/adrv9364z7020/ccbob_lvds/adrv9364z7020_ccbob_lvds.gen/sources_1/bd/system/synth/system.v:2500]
WARNING: [Synth 8-7071] port 'S_AXI_HP1_ARREADY' of module 'system_sys_ps7_0' is unconnected for instance 'sys_ps7' [/home/luukieboy/Documents/thesis/hdl/projects/adrv9364z7020/ccbob_lvds/adrv9364z7020_ccbob_lvds.gen/sources_1/bd/system/synth/system.v:2500]
WARNING: [Synth 8-7071] port 'S_AXI_HP1_RLAST' of module 'system_sys_ps7_0' is unconnected for instance 'sys_ps7' [/home/luukieboy/Documents/thesis/hdl/projects/adrv9364z7020/ccbob_lvds/adrv9364z7020_ccbob_lvds.gen/sources_1/bd/system/synth/system.v:2500]
WARNING: [Synth 8-7071] port 'S_AXI_HP1_RVALID' of module 'system_sys_ps7_0' is unconnected for instance 'sys_ps7' [/home/luukieboy/Documents/thesis/hdl/projects/adrv9364z7020/ccbob_lvds/adrv9364z7020_ccbob_lvds.gen/sources_1/bd/system/synth/system.v:2500]
WARNING: [Synth 8-7071] port 'S_AXI_HP1_RRESP' of module 'system_sys_ps7_0' is unconnected for instance 'sys_ps7' [/home/luukieboy/Documents/thesis/hdl/projects/adrv9364z7020/ccbob_lvds/adrv9364z7020_ccbob_lvds.gen/sources_1/bd/system/synth/system.v:2500]
WARNING: [Synth 8-7071] port 'S_AXI_HP1_BID' of module 'system_sys_ps7_0' is unconnected for instance 'sys_ps7' [/home/luukieboy/Documents/thesis/hdl/projects/adrv9364z7020/ccbob_lvds/adrv9364z7020_ccbob_lvds.gen/sources_1/bd/system/synth/system.v:2500]
WARNING: [Synth 8-7071] port 'S_AXI_HP1_RID' of module 'system_sys_ps7_0' is unconnected for instance 'sys_ps7' [/home/luukieboy/Documents/thesis/hdl/projects/adrv9364z7020/ccbob_lvds/adrv9364z7020_ccbob_lvds.gen/sources_1/bd/system/synth/system.v:2500]
WARNING: [Synth 8-7071] port 'S_AXI_HP1_RDATA' of module 'system_sys_ps7_0' is unconnected for instance 'sys_ps7' [/home/luukieboy/Documents/thesis/hdl/projects/adrv9364z7020/ccbob_lvds/adrv9364z7020_ccbob_lvds.gen/sources_1/bd/system/synth/system.v:2500]
WARNING: [Synth 8-7071] port 'S_AXI_HP1_RCOUNT' of module 'system_sys_ps7_0' is unconnected for instance 'sys_ps7' [/home/luukieboy/Documents/thesis/hdl/projects/adrv9364z7020/ccbob_lvds/adrv9364z7020_ccbob_lvds.gen/sources_1/bd/system/synth/system.v:2500]
WARNING: [Synth 8-7071] port 'S_AXI_HP1_WCOUNT' of module 'system_sys_ps7_0' is unconnected for instance 'sys_ps7' [/home/luukieboy/Documents/thesis/hdl/projects/adrv9364z7020/ccbob_lvds/adrv9364z7020_ccbob_lvds.gen/sources_1/bd/system/synth/system.v:2500]
WARNING: [Synth 8-7071] port 'S_AXI_HP1_RACOUNT' of module 'system_sys_ps7_0' is unconnected for instance 'sys_ps7' [/home/luukieboy/Documents/thesis/hdl/projects/adrv9364z7020/ccbob_lvds/adrv9364z7020_ccbob_lvds.gen/sources_1/bd/system/synth/system.v:2500]
WARNING: [Synth 8-7071] port 'S_AXI_HP1_WACOUNT' of module 'system_sys_ps7_0' is unconnected for instance 'sys_ps7' [/home/luukieboy/Documents/thesis/hdl/projects/adrv9364z7020/ccbob_lvds/adrv9364z7020_ccbob_lvds.gen/sources_1/bd/system/synth/system.v:2500]
WARNING: [Synth 8-7071] port 'S_AXI_HP2_AWREADY' of module 'system_sys_ps7_0' is unconnected for instance 'sys_ps7' [/home/luukieboy/Documents/thesis/hdl/projects/adrv9364z7020/ccbob_lvds/adrv9364z7020_ccbob_lvds.gen/sources_1/bd/system/synth/system.v:2500]
WARNING: [Synth 8-7071] port 'S_AXI_HP2_BVALID' of module 'system_sys_ps7_0' is unconnected for instance 'sys_ps7' [/home/luukieboy/Documents/thesis/hdl/projects/adrv9364z7020/ccbob_lvds/adrv9364z7020_ccbob_lvds.gen/sources_1/bd/system/synth/system.v:2500]
WARNING: [Synth 8-7071] port 'S_AXI_HP2_WREADY' of module 'system_sys_ps7_0' is unconnected for instance 'sys_ps7' [/home/luukieboy/Documents/thesis/hdl/projects/adrv9364z7020/ccbob_lvds/adrv9364z7020_ccbob_lvds.gen/sources_1/bd/system/synth/system.v:2500]
WARNING: [Synth 8-7071] port 'S_AXI_HP2_BRESP' of module 'system_sys_ps7_0' is unconnected for instance 'sys_ps7' [/home/luukieboy/Documents/thesis/hdl/projects/adrv9364z7020/ccbob_lvds/adrv9364z7020_ccbob_lvds.gen/sources_1/bd/system/synth/system.v:2500]
WARNING: [Synth 8-7071] port 'S_AXI_HP2_BID' of module 'system_sys_ps7_0' is unconnected for instance 'sys_ps7' [/home/luukieboy/Documents/thesis/hdl/projects/adrv9364z7020/ccbob_lvds/adrv9364z7020_ccbob_lvds.gen/sources_1/bd/system/synth/system.v:2500]
WARNING: [Synth 8-7071] port 'S_AXI_HP2_RID' of module 'system_sys_ps7_0' is unconnected for instance 'sys_ps7' [/home/luukieboy/Documents/thesis/hdl/projects/adrv9364z7020/ccbob_lvds/adrv9364z7020_ccbob_lvds.gen/sources_1/bd/system/synth/system.v:2500]
WARNING: [Synth 8-7071] port 'S_AXI_HP2_RCOUNT' of module 'system_sys_ps7_0' is unconnected for instance 'sys_ps7' [/home/luukieboy/Documents/thesis/hdl/projects/adrv9364z7020/ccbob_lvds/adrv9364z7020_ccbob_lvds.gen/sources_1/bd/system/synth/system.v:2500]
WARNING: [Synth 8-7071] port 'S_AXI_HP2_WCOUNT' of module 'system_sys_ps7_0' is unconnected for instance 'sys_ps7' [/home/luukieboy/Documents/thesis/hdl/projects/adrv9364z7020/ccbob_lvds/adrv9364z7020_ccbob_lvds.gen/sources_1/bd/system/synth/system.v:2500]
WARNING: [Synth 8-7071] port 'S_AXI_HP2_RACOUNT' of module 'system_sys_ps7_0' is unconnected for instance 'sys_ps7' [/home/luukieboy/Documents/thesis/hdl/projects/adrv9364z7020/ccbob_lvds/adrv9364z7020_ccbob_lvds.gen/sources_1/bd/system/synth/system.v:2500]
WARNING: [Synth 8-7071] port 'S_AXI_HP2_WACOUNT' of module 'system_sys_ps7_0' is unconnected for instance 'sys_ps7' [/home/luukieboy/Documents/thesis/hdl/projects/adrv9364z7020/ccbob_lvds/adrv9364z7020_ccbob_lvds.gen/sources_1/bd/system/synth/system.v:2500]
WARNING: [Synth 8-7071] port 'FCLK_CLK2' of module 'system_sys_ps7_0' is unconnected for instance 'sys_ps7' [/home/luukieboy/Documents/thesis/hdl/projects/adrv9364z7020/ccbob_lvds/adrv9364z7020_ccbob_lvds.gen/sources_1/bd/system/synth/system.v:2500]
WARNING: [Synth 8-7071] port 'FCLK_RESET1_N' of module 'system_sys_ps7_0' is unconnected for instance 'sys_ps7' [/home/luukieboy/Documents/thesis/hdl/projects/adrv9364z7020/ccbob_lvds/adrv9364z7020_ccbob_lvds.gen/sources_1/bd/system/synth/system.v:2500]
WARNING: [Synth 8-7071] port 'FCLK_RESET2_N' of module 'system_sys_ps7_0' is unconnected for instance 'sys_ps7' [/home/luukieboy/Documents/thesis/hdl/projects/adrv9364z7020/ccbob_lvds/adrv9364z7020_ccbob_lvds.gen/sources_1/bd/system/synth/system.v:2500]
WARNING: [Synth 8-7023] instance 'sys_ps7' of module 'system_sys_ps7_0' has 202 connections declared, but only 163 given [/home/luukieboy/Documents/thesis/hdl/projects/adrv9364z7020/ccbob_lvds/adrv9364z7020_ccbob_lvds.gen/sources_1/bd/system/synth/system.v:2500]
INFO: [Synth 8-6157] synthesizing module 'system_sys_rstgen_0' [/home/luukieboy/Documents/thesis/hdl/projects/adrv9364z7020/ccbob_lvds/adrv9364z7020_ccbob_lvds.runs/synth_1/.Xil/Vivado-20863-Sevro/realtime/system_sys_rstgen_0_stub.v:6]
INFO: [Synth 8-6155] done synthesizing module 'system_sys_rstgen_0' (0#1) [/home/luukieboy/Documents/thesis/hdl/projects/adrv9364z7020/ccbob_lvds/adrv9364z7020_ccbob_lvds.runs/synth_1/.Xil/Vivado-20863-Sevro/realtime/system_sys_rstgen_0_stub.v:6]
WARNING: [Synth 8-7071] port 'mb_reset' of module 'system_sys_rstgen_0' is unconnected for instance 'sys_rstgen' [/home/luukieboy/Documents/thesis/hdl/projects/adrv9364z7020/ccbob_lvds/adrv9364z7020_ccbob_lvds.gen/sources_1/bd/system/synth/system.v:2664]
WARNING: [Synth 8-7071] port 'bus_struct_reset' of module 'system_sys_rstgen_0' is unconnected for instance 'sys_rstgen' [/home/luukieboy/Documents/thesis/hdl/projects/adrv9364z7020/ccbob_lvds/adrv9364z7020_ccbob_lvds.gen/sources_1/bd/system/synth/system.v:2664]
WARNING: [Synth 8-7071] port 'interconnect_aresetn' of module 'system_sys_rstgen_0' is unconnected for instance 'sys_rstgen' [/home/luukieboy/Documents/thesis/hdl/projects/adrv9364z7020/ccbob_lvds/adrv9364z7020_ccbob_lvds.gen/sources_1/bd/system/synth/system.v:2664]
WARNING: [Synth 8-7023] instance 'sys_rstgen' of module 'system_sys_rstgen_0' has 10 connections declared, but only 7 given [/home/luukieboy/Documents/thesis/hdl/projects/adrv9364z7020/ccbob_lvds/adrv9364z7020_ccbob_lvds.gen/sources_1/bd/system/synth/system.v:2664]
INFO: [Synth 8-6157] synthesizing module 'system_util_ad9361_adc_fifo_0' [/home/luukieboy/Documents/thesis/hdl/projects/adrv9364z7020/ccbob_lvds/adrv9364z7020_ccbob_lvds.runs/synth_1/.Xil/Vivado-20863-Sevro/realtime/system_util_ad9361_adc_fifo_0_stub.v:6]
INFO: [Synth 8-6155] done synthesizing module 'system_util_ad9361_adc_fifo_0' (0#1) [/home/luukieboy/Documents/thesis/hdl/projects/adrv9364z7020/ccbob_lvds/adrv9364z7020_ccbob_lvds.runs/synth_1/.Xil/Vivado-20863-Sevro/realtime/system_util_ad9361_adc_fifo_0_stub.v:6]
WARNING: [Synth 8-7071] port 'dout_valid_1' of module 'system_util_ad9361_adc_fifo_0' is unconnected for instance 'util_ad9361_adc_fifo' [/home/luukieboy/Documents/thesis/hdl/projects/adrv9364z7020/ccbob_lvds/adrv9364z7020_ccbob_lvds.gen/sources_1/bd/system/synth/system.v:2672]
WARNING: [Synth 8-7071] port 'dout_valid_2' of module 'system_util_ad9361_adc_fifo_0' is unconnected for instance 'util_ad9361_adc_fifo' [/home/luukieboy/Documents/thesis/hdl/projects/adrv9364z7020/ccbob_lvds/adrv9364z7020_ccbob_lvds.gen/sources_1/bd/system/synth/system.v:2672]
WARNING: [Synth 8-7071] port 'dout_valid_3' of module 'system_util_ad9361_adc_fifo_0' is unconnected for instance 'util_ad9361_adc_fifo' [/home/luukieboy/Documents/thesis/hdl/projects/adrv9364z7020/ccbob_lvds/adrv9364z7020_ccbob_lvds.gen/sources_1/bd/system/synth/system.v:2672]
WARNING: [Synth 8-7023] instance 'util_ad9361_adc_fifo' of module 'system_util_ad9361_adc_fifo_0' has 30 connections declared, but only 27 given [/home/luukieboy/Documents/thesis/hdl/projects/adrv9364z7020/ccbob_lvds/adrv9364z7020_ccbob_lvds.gen/sources_1/bd/system/synth/system.v:2672]
INFO: [Synth 8-6157] synthesizing module 'system_util_ad9361_adc_pack_0' [/home/luukieboy/Documents/thesis/hdl/projects/adrv9364z7020/ccbob_lvds/adrv9364z7020_ccbob_lvds.runs/synth_1/.Xil/Vivado-20863-Sevro/realtime/system_util_ad9361_adc_pack_0_stub.v:6]
INFO: [Synth 8-6155] done synthesizing module 'system_util_ad9361_adc_pack_0' (0#1) [/home/luukieboy/Documents/thesis/hdl/projects/adrv9364z7020/ccbob_lvds/adrv9364z7020_ccbob_lvds.runs/synth_1/.Xil/Vivado-20863-Sevro/realtime/system_util_ad9361_adc_pack_0_stub.v:6]
INFO: [Synth 8-6157] synthesizing module 'system_util_ad9361_dac_upack_0' [/home/luukieboy/Documents/thesis/hdl/projects/adrv9364z7020/ccbob_lvds/adrv9364z7020_ccbob_lvds.runs/synth_1/.Xil/Vivado-20863-Sevro/realtime/system_util_ad9361_dac_upack_0_stub.v:6]
INFO: [Synth 8-6155] done synthesizing module 'system_util_ad9361_dac_upack_0' (0#1) [/home/luukieboy/Documents/thesis/hdl/projects/adrv9364z7020/ccbob_lvds/adrv9364z7020_ccbob_lvds.runs/synth_1/.Xil/Vivado-20863-Sevro/realtime/system_util_ad9361_dac_upack_0_stub.v:6]
INFO: [Synth 8-6157] synthesizing module 'system_util_ad9361_divclk_0' [/home/luukieboy/Documents/thesis/hdl/projects/adrv9364z7020/ccbob_lvds/adrv9364z7020_ccbob_lvds.runs/synth_1/.Xil/Vivado-20863-Sevro/realtime/system_util_ad9361_divclk_0_stub.v:6]
INFO: [Synth 8-6155] done synthesizing module 'system_util_ad9361_divclk_0' (0#1) [/home/luukieboy/Documents/thesis/hdl/projects/adrv9364z7020/ccbob_lvds/adrv9364z7020_ccbob_lvds.runs/synth_1/.Xil/Vivado-20863-Sevro/realtime/system_util_ad9361_divclk_0_stub.v:6]
INFO: [Synth 8-6157] synthesizing module 'system_util_ad9361_divclk_reset_0' [/home/luukieboy/Documents/thesis/hdl/projects/adrv9364z7020/ccbob_lvds/adrv9364z7020_ccbob_lvds.runs/synth_1/.Xil/Vivado-20863-Sevro/realtime/system_util_ad9361_divclk_reset_0_stub.v:6]
INFO: [Synth 8-6155] done synthesizing module 'system_util_ad9361_divclk_reset_0' (0#1) [/home/luukieboy/Documents/thesis/hdl/projects/adrv9364z7020/ccbob_lvds/adrv9364z7020_ccbob_lvds.runs/synth_1/.Xil/Vivado-20863-Sevro/realtime/system_util_ad9361_divclk_reset_0_stub.v:6]
WARNING: [Synth 8-7071] port 'mb_reset' of module 'system_util_ad9361_divclk_reset_0' is unconnected for instance 'util_ad9361_divclk_reset' [/home/luukieboy/Documents/thesis/hdl/projects/adrv9364z7020/ccbob_lvds/adrv9364z7020_ccbob_lvds.gen/sources_1/bd/system/synth/system.v:2738]
WARNING: [Synth 8-7071] port 'bus_struct_reset' of module 'system_util_ad9361_divclk_reset_0' is unconnected for instance 'util_ad9361_divclk_reset' [/home/luukieboy/Documents/thesis/hdl/projects/adrv9364z7020/ccbob_lvds/adrv9364z7020_ccbob_lvds.gen/sources_1/bd/system/synth/system.v:2738]
WARNING: [Synth 8-7071] port 'interconnect_aresetn' of module 'system_util_ad9361_divclk_reset_0' is unconnected for instance 'util_ad9361_divclk_reset' [/home/luukieboy/Documents/thesis/hdl/projects/adrv9364z7020/ccbob_lvds/adrv9364z7020_ccbob_lvds.gen/sources_1/bd/system/synth/system.v:2738]
WARNING: [Synth 8-7023] instance 'util_ad9361_divclk_reset' of module 'system_util_ad9361_divclk_reset_0' has 10 connections declared, but only 7 given [/home/luukieboy/Documents/thesis/hdl/projects/adrv9364z7020/ccbob_lvds/adrv9364z7020_ccbob_lvds.gen/sources_1/bd/system/synth/system.v:2738]
INFO: [Synth 8-6157] synthesizing module 'system_util_ad9361_divclk_sel_0' [/home/luukieboy/Documents/thesis/hdl/projects/adrv9364z7020/ccbob_lvds/adrv9364z7020_ccbob_lvds.runs/synth_1/.Xil/Vivado-20863-Sevro/realtime/system_util_ad9361_divclk_sel_0_stub.v:6]
INFO: [Synth 8-6155] done synthesizing module 'system_util_ad9361_divclk_sel_0' (0#1) [/home/luukieboy/Documents/thesis/hdl/projects/adrv9364z7020/ccbob_lvds/adrv9364z7020_ccbob_lvds.runs/synth_1/.Xil/Vivado-20863-Sevro/realtime/system_util_ad9361_divclk_sel_0_stub.v:6]
INFO: [Synth 8-6157] synthesizing module 'system_util_ad9361_divclk_sel_concat_0' [/home/luukieboy/Documents/thesis/hdl/projects/adrv9364z7020/ccbob_lvds/adrv9364z7020_ccbob_lvds.gen/sources_1/bd/system/ip/system_util_ad9361_divclk_sel_concat_0/synth/system_util_ad9361_divclk_sel_concat_0.v:53]
INFO: [Synth 8-6157] synthesizing module 'xlconcat_v2_1_5_xlconcat__parameterized0' [/home/luukieboy/Documents/thesis/hdl/projects/adrv9364z7020/ccbob_lvds/adrv9364z7020_ccbob_lvds.gen/sources_1/bd/system/ipshared/147b/hdl/xlconcat_v2_1_vl_rfs.v:59]
INFO: [Synth 8-6155] done synthesizing module 'xlconcat_v2_1_5_xlconcat__parameterized0' (0#1) [/home/luukieboy/Documents/thesis/hdl/projects/adrv9364z7020/ccbob_lvds/adrv9364z7020_ccbob_lvds.gen/sources_1/bd/system/ipshared/147b/hdl/xlconcat_v2_1_vl_rfs.v:59]
INFO: [Synth 8-6155] done synthesizing module 'system_util_ad9361_divclk_sel_concat_0' (0#1) [/home/luukieboy/Documents/thesis/hdl/projects/adrv9364z7020/ccbob_lvds/adrv9364z7020_ccbob_lvds.gen/sources_1/bd/system/ip/system_util_ad9361_divclk_sel_concat_0/synth/system_util_ad9361_divclk_sel_concat_0.v:53]
INFO: [Synth 8-6157] synthesizing module 'system_util_ad9361_tdd_sync_0' [/home/luukieboy/Documents/thesis/hdl/projects/adrv9364z7020/ccbob_lvds/adrv9364z7020_ccbob_lvds.runs/synth_1/.Xil/Vivado-20863-Sevro/realtime/system_util_ad9361_tdd_sync_0_stub.v:6]
INFO: [Synth 8-6155] done synthesizing module 'system_util_ad9361_tdd_sync_0' (0#1) [/home/luukieboy/Documents/thesis/hdl/projects/adrv9364z7020/ccbob_lvds/adrv9364z7020_ccbob_lvds.runs/synth_1/.Xil/Vivado-20863-Sevro/realtime/system_util_ad9361_tdd_sync_0_stub.v:6]
INFO: [Synth 8-6155] done synthesizing module 'system' (0#1) [/home/luukieboy/Documents/thesis/hdl/projects/adrv9364z7020/ccbob_lvds/adrv9364z7020_ccbob_lvds.gen/sources_1/bd/system/synth/system.v:1409]
INFO: [Synth 8-6155] done synthesizing module 'system_wrapper' (0#1) [/home/luukieboy/Documents/thesis/hdl/projects/adrv9364z7020/ccbob_lvds/adrv9364z7020_ccbob_lvds.srcs/sources_1/imports/hdl/system_wrapper.v:13]
INFO: [Synth 8-6155] done synthesizing module 'system_top' (0#1) [/home/luukieboy/Documents/thesis/hdl/projects/adrv9364z7020/ccbob_lvds/system_top.v:38]
WARNING: [Synth 8-7129] Port In2[0] in module xlconcat_v2_1_5_xlconcat__parameterized0 is either unconnected or has no load
WARNING: [Synth 8-7129] Port In3[0] in module xlconcat_v2_1_5_xlconcat__parameterized0 is either unconnected or has no load
WARNING: [Synth 8-7129] Port In4[0] in module xlconcat_v2_1_5_xlconcat__parameterized0 is either unconnected or has no load
WARNING: [Synth 8-7129] Port In5[0] in module xlconcat_v2_1_5_xlconcat__parameterized0 is either unconnected or has no load
WARNING: [Synth 8-7129] Port In6[0] in module xlconcat_v2_1_5_xlconcat__parameterized0 is either unconnected or has no load
WARNING: [Synth 8-7129] Port In7[0] in module xlconcat_v2_1_5_xlconcat__parameterized0 is either unconnected or has no load
WARNING: [Synth 8-7129] Port In8[0] in module xlconcat_v2_1_5_xlconcat__parameterized0 is either unconnected or has no load
WARNING: [Synth 8-7129] Port In9[0] in module xlconcat_v2_1_5_xlconcat__parameterized0 is either unconnected or has no load
WARNING: [Synth 8-7129] Port In10[0] in module xlconcat_v2_1_5_xlconcat__parameterized0 is either unconnected or has no load
WARNING: [Synth 8-7129] Port In11[0] in module xlconcat_v2_1_5_xlconcat__parameterized0 is either unconnected or has no load
WARNING: [Synth 8-7129] Port In12[0] in module xlconcat_v2_1_5_xlconcat__parameterized0 is either unconnected or has no load
WARNING: [Synth 8-7129] Port In13[0] in module xlconcat_v2_1_5_xlconcat__parameterized0 is either unconnected or has no load
WARNING: [Synth 8-7129] Port In14[0] in module xlconcat_v2_1_5_xlconcat__parameterized0 is either unconnected or has no load
WARNING: [Synth 8-7129] Port In15[0] in module xlconcat_v2_1_5_xlconcat__parameterized0 is either unconnected or has no load
WARNING: [Synth 8-7129] Port In16[0] in module xlconcat_v2_1_5_xlconcat__parameterized0 is either unconnected or has no load
WARNING: [Synth 8-7129] Port In17[0] in module xlconcat_v2_1_5_xlconcat__parameterized0 is either unconnected or has no load
WARNING: [Synth 8-7129] Port In18[0] in module xlconcat_v2_1_5_xlconcat__parameterized0 is either unconnected or has no load
WARNING: [Synth 8-7129] Port In19[0] in module xlconcat_v2_1_5_xlconcat__parameterized0 is either unconnected or has no load
WARNING: [Synth 8-7129] Port In20[0] in module xlconcat_v2_1_5_xlconcat__parameterized0 is either unconnected or has no load
WARNING: [Synth 8-7129] Port In21[0] in module xlconcat_v2_1_5_xlconcat__parameterized0 is either unconnected or has no load
WARNING: [Synth 8-7129] Port In22[0] in module xlconcat_v2_1_5_xlconcat__parameterized0 is either unconnected or has no load
WARNING: [Synth 8-7129] Port In23[0] in module xlconcat_v2_1_5_xlconcat__parameterized0 is either unconnected or has no load
WARNING: [Synth 8-7129] Port In24[0] in module xlconcat_v2_1_5_xlconcat__parameterized0 is either unconnected or has no load
WARNING: [Synth 8-7129] Port In25[0] in module xlconcat_v2_1_5_xlconcat__parameterized0 is either unconnected or has no load
WARNING: [Synth 8-7129] Port In26[0] in module xlconcat_v2_1_5_xlconcat__parameterized0 is either unconnected or has no load
WARNING: [Synth 8-7129] Port In27[0] in module xlconcat_v2_1_5_xlconcat__parameterized0 is either unconnected or has no load
WARNING: [Synth 8-7129] Port In28[0] in module xlconcat_v2_1_5_xlconcat__parameterized0 is either unconnected or has no load
WARNING: [Synth 8-7129] Port In29[0] in module xlconcat_v2_1_5_xlconcat__parameterized0 is either unconnected or has no load
WARNING: [Synth 8-7129] Port In30[0] in module xlconcat_v2_1_5_xlconcat__parameterized0 is either unconnected or has no load
WARNING: [Synth 8-7129] Port In31[0] in module xlconcat_v2_1_5_xlconcat__parameterized0 is either unconnected or has no load
WARNING: [Synth 8-7129] Port In32[0] in module xlconcat_v2_1_5_xlconcat__parameterized0 is either unconnected or has no load
WARNING: [Synth 8-7129] Port In33[0] in module xlconcat_v2_1_5_xlconcat__parameterized0 is either unconnected or has no load
WARNING: [Synth 8-7129] Port In34[0] in module xlconcat_v2_1_5_xlconcat__parameterized0 is either unconnected or has no load
WARNING: [Synth 8-7129] Port In35[0] in module xlconcat_v2_1_5_xlconcat__parameterized0 is either unconnected or has no load
WARNING: [Synth 8-7129] Port In36[0] in module xlconcat_v2_1_5_xlconcat__parameterized0 is either unconnected or has no load
WARNING: [Synth 8-7129] Port In37[0] in module xlconcat_v2_1_5_xlconcat__parameterized0 is either unconnected or has no load
WARNING: [Synth 8-7129] Port In38[0] in module xlconcat_v2_1_5_xlconcat__parameterized0 is either unconnected or has no load
WARNING: [Synth 8-7129] Port In39[0] in module xlconcat_v2_1_5_xlconcat__parameterized0 is either unconnected or has no load
WARNING: [Synth 8-7129] Port In40[0] in module xlconcat_v2_1_5_xlconcat__parameterized0 is either unconnected or has no load
WARNING: [Synth 8-7129] Port In41[0] in module xlconcat_v2_1_5_xlconcat__parameterized0 is either unconnected or has no load
WARNING: [Synth 8-7129] Port In42[0] in module xlconcat_v2_1_5_xlconcat__parameterized0 is either unconnected or has no load
WARNING: [Synth 8-7129] Port In43[0] in module xlconcat_v2_1_5_xlconcat__parameterized0 is either unconnected or has no load
WARNING: [Synth 8-7129] Port In44[0] in module xlconcat_v2_1_5_xlconcat__parameterized0 is either unconnected or has no load
WARNING: [Synth 8-7129] Port In45[0] in module xlconcat_v2_1_5_xlconcat__parameterized0 is either unconnected or has no load
WARNING: [Synth 8-7129] Port In46[0] in module xlconcat_v2_1_5_xlconcat__parameterized0 is either unconnected or has no load
WARNING: [Synth 8-7129] Port In47[0] in module xlconcat_v2_1_5_xlconcat__parameterized0 is either unconnected or has no load
WARNING: [Synth 8-7129] Port In48[0] in module xlconcat_v2_1_5_xlconcat__parameterized0 is either unconnected or has no load
WARNING: [Synth 8-7129] Port In49[0] in module xlconcat_v2_1_5_xlconcat__parameterized0 is either unconnected or has no load
WARNING: [Synth 8-7129] Port In50[0] in module xlconcat_v2_1_5_xlconcat__parameterized0 is either unconnected or has no load
WARNING: [Synth 8-7129] Port In51[0] in module xlconcat_v2_1_5_xlconcat__parameterized0 is either unconnected or has no load
WARNING: [Synth 8-7129] Port In52[0] in module xlconcat_v2_1_5_xlconcat__parameterized0 is either unconnected or has no load
WARNING: [Synth 8-7129] Port In53[0] in module xlconcat_v2_1_5_xlconcat__parameterized0 is either unconnected or has no load
WARNING: [Synth 8-7129] Port In54[0] in module xlconcat_v2_1_5_xlconcat__parameterized0 is either unconnected or has no load
WARNING: [Synth 8-7129] Port In55[0] in module xlconcat_v2_1_5_xlconcat__parameterized0 is either unconnected or has no load
WARNING: [Synth 8-7129] Port In56[0] in module xlconcat_v2_1_5_xlconcat__parameterized0 is either unconnected or has no load
WARNING: [Synth 8-7129] Port In57[0] in module xlconcat_v2_1_5_xlconcat__parameterized0 is either unconnected or has no load
WARNING: [Synth 8-7129] Port In58[0] in module xlconcat_v2_1_5_xlconcat__parameterized0 is either unconnected or has no load
WARNING: [Synth 8-7129] Port In59[0] in module xlconcat_v2_1_5_xlconcat__parameterized0 is either unconnected or has no load
WARNING: [Synth 8-7129] Port In60[0] in module xlconcat_v2_1_5_xlconcat__parameterized0 is either unconnected or has no load
WARNING: [Synth 8-7129] Port In61[0] in module xlconcat_v2_1_5_xlconcat__parameterized0 is either unconnected or has no load
WARNING: [Synth 8-7129] Port In62[0] in module xlconcat_v2_1_5_xlconcat__parameterized0 is either unconnected or has no load
WARNING: [Synth 8-7129] Port In63[0] in module xlconcat_v2_1_5_xlconcat__parameterized0 is either unconnected or has no load
WARNING: [Synth 8-7129] Port In64[0] in module xlconcat_v2_1_5_xlconcat__parameterized0 is either unconnected or has no load
WARNING: [Synth 8-7129] Port In65[0] in module xlconcat_v2_1_5_xlconcat__parameterized0 is either unconnected or has no load
WARNING: [Synth 8-7129] Port In66[0] in module xlconcat_v2_1_5_xlconcat__parameterized0 is either unconnected or has no load
WARNING: [Synth 8-7129] Port In67[0] in module xlconcat_v2_1_5_xlconcat__parameterized0 is either unconnected or has no load
WARNING: [Synth 8-7129] Port In68[0] in module xlconcat_v2_1_5_xlconcat__parameterized0 is either unconnected or has no load
WARNING: [Synth 8-7129] Port In69[0] in module xlconcat_v2_1_5_xlconcat__parameterized0 is either unconnected or has no load
WARNING: [Synth 8-7129] Port In70[0] in module xlconcat_v2_1_5_xlconcat__parameterized0 is either unconnected or has no load
WARNING: [Synth 8-7129] Port In71[0] in module xlconcat_v2_1_5_xlconcat__parameterized0 is either unconnected or has no load
WARNING: [Synth 8-7129] Port In72[0] in module xlconcat_v2_1_5_xlconcat__parameterized0 is either unconnected or has no load
WARNING: [Synth 8-7129] Port In73[0] in module xlconcat_v2_1_5_xlconcat__parameterized0 is either unconnected or has no load
WARNING: [Synth 8-7129] Port In74[0] in module xlconcat_v2_1_5_xlconcat__parameterized0 is either unconnected or has no load
WARNING: [Synth 8-7129] Port In75[0] in module xlconcat_v2_1_5_xlconcat__parameterized0 is either unconnected or has no load
WARNING: [Synth 8-7129] Port In76[0] in module xlconcat_v2_1_5_xlconcat__parameterized0 is either unconnected or has no load
WARNING: [Synth 8-7129] Port In77[0] in module xlconcat_v2_1_5_xlconcat__parameterized0 is either unconnected or has no load
WARNING: [Synth 8-7129] Port In78[0] in module xlconcat_v2_1_5_xlconcat__parameterized0 is either unconnected or has no load
WARNING: [Synth 8-7129] Port In79[0] in module xlconcat_v2_1_5_xlconcat__parameterized0 is either unconnected or has no load
WARNING: [Synth 8-7129] Port In80[0] in module xlconcat_v2_1_5_xlconcat__parameterized0 is either unconnected or has no load
WARNING: [Synth 8-7129] Port In81[0] in module xlconcat_v2_1_5_xlconcat__parameterized0 is either unconnected or has no load
WARNING: [Synth 8-7129] Port In82[0] in module xlconcat_v2_1_5_xlconcat__parameterized0 is either unconnected or has no load
WARNING: [Synth 8-7129] Port In83[0] in module xlconcat_v2_1_5_xlconcat__parameterized0 is either unconnected or has no load
WARNING: [Synth 8-7129] Port In84[0] in module xlconcat_v2_1_5_xlconcat__parameterized0 is either unconnected or has no load
WARNING: [Synth 8-7129] Port In85[0] in module xlconcat_v2_1_5_xlconcat__parameterized0 is either unconnected or has no load
WARNING: [Synth 8-7129] Port In86[0] in module xlconcat_v2_1_5_xlconcat__parameterized0 is either unconnected or has no load
WARNING: [Synth 8-7129] Port In87[0] in module xlconcat_v2_1_5_xlconcat__parameterized0 is either unconnected or has no load
WARNING: [Synth 8-7129] Port In88[0] in module xlconcat_v2_1_5_xlconcat__parameterized0 is either unconnected or has no load
WARNING: [Synth 8-7129] Port In89[0] in module xlconcat_v2_1_5_xlconcat__parameterized0 is either unconnected or has no load
WARNING: [Synth 8-7129] Port In90[0] in module xlconcat_v2_1_5_xlconcat__parameterized0 is either unconnected or has no load
WARNING: [Synth 8-7129] Port In91[0] in module xlconcat_v2_1_5_xlconcat__parameterized0 is either unconnected or has no load
WARNING: [Synth 8-7129] Port In92[0] in module xlconcat_v2_1_5_xlconcat__parameterized0 is either unconnected or has no load
WARNING: [Synth 8-7129] Port In93[0] in module xlconcat_v2_1_5_xlconcat__parameterized0 is either unconnected or has no load
WARNING: [Synth 8-7129] Port In94[0] in module xlconcat_v2_1_5_xlconcat__parameterized0 is either unconnected or has no load
WARNING: [Synth 8-7129] Port In95[0] in module xlconcat_v2_1_5_xlconcat__parameterized0 is either unconnected or has no load
WARNING: [Synth 8-7129] Port In96[0] in module xlconcat_v2_1_5_xlconcat__parameterized0 is either unconnected or has no load
WARNING: [Synth 8-7129] Port In97[0] in module xlconcat_v2_1_5_xlconcat__parameterized0 is either unconnected or has no load
WARNING: [Synth 8-7129] Port In98[0] in module xlconcat_v2_1_5_xlconcat__parameterized0 is either unconnected or has no load
WARNING: [Synth 8-7129] Port In99[0] in module xlconcat_v2_1_5_xlconcat__parameterized0 is either unconnected or has no load
WARNING: [Synth 8-7129] Port In100[0] in module xlconcat_v2_1_5_xlconcat__parameterized0 is either unconnected or has no load
WARNING: [Synth 8-7129] Port In101[0] in module xlconcat_v2_1_5_xlconcat__parameterized0 is either unconnected or has no load
WARNING: [Synth 8-7129] Port In102[0] in module xlconcat_v2_1_5_xlconcat__parameterized0 is either unconnected or has no load
WARNING: [Synth 8-7129] Port In103[0] in module xlconcat_v2_1_5_xlconcat__parameterized0 is either unconnected or has no load
WARNING: [Synth 8-7129] Port In104[0] in module xlconcat_v2_1_5_xlconcat__parameterized0 is either unconnected or has no load
WARNING: [Synth 8-7129] Port In105[0] in module xlconcat_v2_1_5_xlconcat__parameterized0 is either unconnected or has no load
WARNING: [Synth 8-7129] Port In106[0] in module xlconcat_v2_1_5_xlconcat__parameterized0 is either unconnected or has no load
WARNING: [Synth 8-7129] Port In107[0] in module xlconcat_v2_1_5_xlconcat__parameterized0 is either unconnected or has no load
WARNING: [Synth 8-7129] Port In108[0] in module xlconcat_v2_1_5_xlconcat__parameterized0 is either unconnected or has no load
WARNING: [Synth 8-7129] Port In109[0] in module xlconcat_v2_1_5_xlconcat__parameterized0 is either unconnected or has no load
WARNING: [Synth 8-7129] Port In110[0] in module xlconcat_v2_1_5_xlconcat__parameterized0 is either unconnected or has no load
WARNING: [Synth 8-7129] Port In111[0] in module xlconcat_v2_1_5_xlconcat__parameterized0 is either unconnected or has no load
WARNING: [Synth 8-7129] Port In112[0] in module xlconcat_v2_1_5_xlconcat__parameterized0 is either unconnected or has no load
WARNING: [Synth 8-7129] Port In113[0] in module xlconcat_v2_1_5_xlconcat__parameterized0 is either unconnected or has no load
WARNING: [Synth 8-7129] Port In114[0] in module xlconcat_v2_1_5_xlconcat__parameterized0 is either unconnected or has no load
WARNING: [Synth 8-7129] Port In115[0] in module xlconcat_v2_1_5_xlconcat__parameterized0 is either unconnected or has no load
WARNING: [Synth 8-7129] Port In116[0] in module xlconcat_v2_1_5_xlconcat__parameterized0 is either unconnected or has no load
WARNING: [Synth 8-7129] Port In117[0] in module xlconcat_v2_1_5_xlconcat__parameterized0 is either unconnected or has no load
WARNING: [Synth 8-7129] Port In118[0] in module xlconcat_v2_1_5_xlconcat__parameterized0 is either unconnected or has no load
WARNING: [Synth 8-7129] Port In119[0] in module xlconcat_v2_1_5_xlconcat__parameterized0 is either unconnected or has no load
WARNING: [Synth 8-7129] Port In120[0] in module xlconcat_v2_1_5_xlconcat__parameterized0 is either unconnected or has no load
WARNING: [Synth 8-7129] Port In121[0] in module xlconcat_v2_1_5_xlconcat__parameterized0 is either unconnected or has no load
WARNING: [Synth 8-7129] Port In122[0] in module xlconcat_v2_1_5_xlconcat__parameterized0 is either unconnected or has no load
WARNING: [Synth 8-7129] Port In123[0] in module xlconcat_v2_1_5_xlconcat__parameterized0 is either unconnected or has no load
WARNING: [Synth 8-7129] Port In124[0] in module xlconcat_v2_1_5_xlconcat__parameterized0 is either unconnected or has no load
WARNING: [Synth 8-7129] Port In125[0] in module xlconcat_v2_1_5_xlconcat__parameterized0 is either unconnected or has no load
WARNING: [Synth 8-7129] Port In126[0] in module xlconcat_v2_1_5_xlconcat__parameterized0 is either unconnected or has no load
WARNING: [Synth 8-7129] Port In127[0] in module xlconcat_v2_1_5_xlconcat__parameterized0 is either unconnected or has no load
WARNING: [Synth 8-7129] Port In16[0] in module xlconcat_v2_1_5_xlconcat is either unconnected or has no load
WARNING: [Synth 8-7129] Port In17[0] in module xlconcat_v2_1_5_xlconcat is either unconnected or has no load
WARNING: [Synth 8-7129] Port In18[0] in module xlconcat_v2_1_5_xlconcat is either unconnected or has no load
WARNING: [Synth 8-7129] Port In19[0] in module xlconcat_v2_1_5_xlconcat is either unconnected or has no load
WARNING: [Synth 8-7129] Port In20[0] in module xlconcat_v2_1_5_xlconcat is either unconnected or has no load
WARNING: [Synth 8-7129] Port In21[0] in module xlconcat_v2_1_5_xlconcat is either unconnected or has no load
WARNING: [Synth 8-7129] Port In22[0] in module xlconcat_v2_1_5_xlconcat is either unconnected or has no load
WARNING: [Synth 8-7129] Port In23[0] in module xlconcat_v2_1_5_xlconcat is either unconnected or has no load
WARNING: [Synth 8-7129] Port In24[0] in module xlconcat_v2_1_5_xlconcat is either unconnected or has no load
WARNING: [Synth 8-7129] Port In25[0] in module xlconcat_v2_1_5_xlconcat is either unconnected or has no load
WARNING: [Synth 8-7129] Port In26[0] in module xlconcat_v2_1_5_xlconcat is either unconnected or has no load
WARNING: [Synth 8-7129] Port In27[0] in module xlconcat_v2_1_5_xlconcat is either unconnected or has no load
WARNING: [Synth 8-7129] Port In28[0] in module xlconcat_v2_1_5_xlconcat is either unconnected or has no load
WARNING: [Synth 8-7129] Port In29[0] in module xlconcat_v2_1_5_xlconcat is either unconnected or has no load
WARNING: [Synth 8-7129] Port In30[0] in module xlconcat_v2_1_5_xlconcat is either unconnected or has no load
WARNING: [Synth 8-7129] Port In31[0] in module xlconcat_v2_1_5_xlconcat is either unconnected or has no load
WARNING: [Synth 8-7129] Port In32[0] in module xlconcat_v2_1_5_xlconcat is either unconnected or has no load
WARNING: [Synth 8-7129] Port In33[0] in module xlconcat_v2_1_5_xlconcat is either unconnected or has no load
WARNING: [Synth 8-7129] Port In34[0] in module xlconcat_v2_1_5_xlconcat is either unconnected or has no load
WARNING: [Synth 8-7129] Port In35[0] in module xlconcat_v2_1_5_xlconcat is either unconnected or has no load
WARNING: [Synth 8-7129] Port In36[0] in module xlconcat_v2_1_5_xlconcat is either unconnected or has no load
WARNING: [Synth 8-7129] Port In37[0] in module xlconcat_v2_1_5_xlconcat is either unconnected or has no load
WARNING: [Synth 8-7129] Port In38[0] in module xlconcat_v2_1_5_xlconcat is either unconnected or has no load
WARNING: [Synth 8-7129] Port In39[0] in module xlconcat_v2_1_5_xlconcat is either unconnected or has no load
WARNING: [Synth 8-7129] Port In40[0] in module xlconcat_v2_1_5_xlconcat is either unconnected or has no load
WARNING: [Synth 8-7129] Port In41[0] in module xlconcat_v2_1_5_xlconcat is either unconnected or has no load
WARNING: [Synth 8-7129] Port In42[0] in module xlconcat_v2_1_5_xlconcat is either unconnected or has no load
WARNING: [Synth 8-7129] Port In43[0] in module xlconcat_v2_1_5_xlconcat is either unconnected or has no load
WARNING: [Synth 8-7129] Port In44[0] in module xlconcat_v2_1_5_xlconcat is either unconnected or has no load
WARNING: [Synth 8-7129] Port In45[0] in module xlconcat_v2_1_5_xlconcat is either unconnected or has no load
WARNING: [Synth 8-7129] Port In46[0] in module xlconcat_v2_1_5_xlconcat is either unconnected or has no load
WARNING: [Synth 8-7129] Port In47[0] in module xlconcat_v2_1_5_xlconcat is either unconnected or has no load
WARNING: [Synth 8-7129] Port In48[0] in module xlconcat_v2_1_5_xlconcat is either unconnected or has no load
WARNING: [Synth 8-7129] Port In49[0] in module xlconcat_v2_1_5_xlconcat is either unconnected or has no load
WARNING: [Synth 8-7129] Port In50[0] in module xlconcat_v2_1_5_xlconcat is either unconnected or has no load
WARNING: [Synth 8-7129] Port In51[0] in module xlconcat_v2_1_5_xlconcat is either unconnected or has no load
WARNING: [Synth 8-7129] Port In52[0] in module xlconcat_v2_1_5_xlconcat is either unconnected or has no load
WARNING: [Synth 8-7129] Port In53[0] in module xlconcat_v2_1_5_xlconcat is either unconnected or has no load
WARNING: [Synth 8-7129] Port In54[0] in module xlconcat_v2_1_5_xlconcat is either unconnected or has no load
WARNING: [Synth 8-7129] Port In55[0] in module xlconcat_v2_1_5_xlconcat is either unconnected or has no load
WARNING: [Synth 8-7129] Port In56[0] in module xlconcat_v2_1_5_xlconcat is either unconnected or has no load
WARNING: [Synth 8-7129] Port In57[0] in module xlconcat_v2_1_5_xlconcat is either unconnected or has no load
WARNING: [Synth 8-7129] Port In58[0] in module xlconcat_v2_1_5_xlconcat is either unconnected or has no load
WARNING: [Synth 8-7129] Port In59[0] in module xlconcat_v2_1_5_xlconcat is either unconnected or has no load
WARNING: [Synth 8-7129] Port In60[0] in module xlconcat_v2_1_5_xlconcat is either unconnected or has no load
WARNING: [Synth 8-7129] Port In61[0] in module xlconcat_v2_1_5_xlconcat is either unconnected or has no load
WARNING: [Synth 8-7129] Port In62[0] in module xlconcat_v2_1_5_xlconcat is either unconnected or has no load
WARNING: [Synth 8-7129] Port In63[0] in module xlconcat_v2_1_5_xlconcat is either unconnected or has no load
WARNING: [Synth 8-7129] Port In64[0] in module xlconcat_v2_1_5_xlconcat is either unconnected or has no load
WARNING: [Synth 8-7129] Port In65[0] in module xlconcat_v2_1_5_xlconcat is either unconnected or has no load
WARNING: [Synth 8-7129] Port In66[0] in module xlconcat_v2_1_5_xlconcat is either unconnected or has no load
WARNING: [Synth 8-7129] Port In67[0] in module xlconcat_v2_1_5_xlconcat is either unconnected or has no load
WARNING: [Synth 8-7129] Port In68[0] in module xlconcat_v2_1_5_xlconcat is either unconnected or has no load
WARNING: [Synth 8-7129] Port In69[0] in module xlconcat_v2_1_5_xlconcat is either unconnected or has no load
WARNING: [Synth 8-7129] Port In70[0] in module xlconcat_v2_1_5_xlconcat is either unconnected or has no load
WARNING: [Synth 8-7129] Port In71[0] in module xlconcat_v2_1_5_xlconcat is either unconnected or has no load
WARNING: [Synth 8-7129] Port In72[0] in module xlconcat_v2_1_5_xlconcat is either unconnected or has no load
WARNING: [Synth 8-7129] Port In73[0] in module xlconcat_v2_1_5_xlconcat is either unconnected or has no load
WARNING: [Synth 8-7129] Port In74[0] in module xlconcat_v2_1_5_xlconcat is either unconnected or has no load
WARNING: [Synth 8-7129] Port In75[0] in module xlconcat_v2_1_5_xlconcat is either unconnected or has no load
WARNING: [Synth 8-7129] Port In76[0] in module xlconcat_v2_1_5_xlconcat is either unconnected or has no load
WARNING: [Synth 8-7129] Port In77[0] in module xlconcat_v2_1_5_xlconcat is either unconnected or has no load
WARNING: [Synth 8-7129] Port In78[0] in module xlconcat_v2_1_5_xlconcat is either unconnected or has no load
WARNING: [Synth 8-7129] Port In79[0] in module xlconcat_v2_1_5_xlconcat is either unconnected or has no load
WARNING: [Synth 8-7129] Port In80[0] in module xlconcat_v2_1_5_xlconcat is either unconnected or has no load
WARNING: [Synth 8-7129] Port In81[0] in module xlconcat_v2_1_5_xlconcat is either unconnected or has no load
WARNING: [Synth 8-7129] Port In82[0] in module xlconcat_v2_1_5_xlconcat is either unconnected or has no load
WARNING: [Synth 8-7129] Port In83[0] in module xlconcat_v2_1_5_xlconcat is either unconnected or has no load
WARNING: [Synth 8-7129] Port In84[0] in module xlconcat_v2_1_5_xlconcat is either unconnected or has no load
WARNING: [Synth 8-7129] Port In85[0] in module xlconcat_v2_1_5_xlconcat is either unconnected or has no load
WARNING: [Synth 8-7129] Port In86[0] in module xlconcat_v2_1_5_xlconcat is either unconnected or has no load
WARNING: [Synth 8-7129] Port In87[0] in module xlconcat_v2_1_5_xlconcat is either unconnected or has no load
WARNING: [Synth 8-7129] Port In88[0] in module xlconcat_v2_1_5_xlconcat is either unconnected or has no load
WARNING: [Synth 8-7129] Port In89[0] in module xlconcat_v2_1_5_xlconcat is either unconnected or has no load
WARNING: [Synth 8-7129] Port In90[0] in module xlconcat_v2_1_5_xlconcat is either unconnected or has no load
WARNING: [Synth 8-7129] Port In91[0] in module xlconcat_v2_1_5_xlconcat is either unconnected or has no load
WARNING: [Synth 8-7129] Port In92[0] in module xlconcat_v2_1_5_xlconcat is either unconnected or has no load
WARNING: [Synth 8-7129] Port In93[0] in module xlconcat_v2_1_5_xlconcat is either unconnected or has no load
WARNING: [Synth 8-7129] Port In94[0] in module xlconcat_v2_1_5_xlconcat is either unconnected or has no load
WARNING: [Synth 8-7129] Port In95[0] in module xlconcat_v2_1_5_xlconcat is either unconnected or has no load
WARNING: [Synth 8-7129] Port In96[0] in module xlconcat_v2_1_5_xlconcat is either unconnected or has no load
WARNING: [Synth 8-7129] Port In97[0] in module xlconcat_v2_1_5_xlconcat is either unconnected or has no load
WARNING: [Synth 8-7129] Port In98[0] in module xlconcat_v2_1_5_xlconcat is either unconnected or has no load
WARNING: [Synth 8-7129] Port In99[0] in module xlconcat_v2_1_5_xlconcat is either unconnected or has no load
WARNING: [Synth 8-7129] Port In100[0] in module xlconcat_v2_1_5_xlconcat is either unconnected or has no load
WARNING: [Synth 8-7129] Port In101[0] in module xlconcat_v2_1_5_xlconcat is either unconnected or has no load
WARNING: [Synth 8-7129] Port In102[0] in module xlconcat_v2_1_5_xlconcat is either unconnected or has no load
WARNING: [Synth 8-7129] Port In103[0] in module xlconcat_v2_1_5_xlconcat is either unconnected or has no load
WARNING: [Synth 8-7129] Port In104[0] in module xlconcat_v2_1_5_xlconcat is either unconnected or has no load
WARNING: [Synth 8-7129] Port In105[0] in module xlconcat_v2_1_5_xlconcat is either unconnected or has no load
WARNING: [Synth 8-7129] Port In106[0] in module xlconcat_v2_1_5_xlconcat is either unconnected or has no load
WARNING: [Synth 8-7129] Port In107[0] in module xlconcat_v2_1_5_xlconcat is either unconnected or has no load
WARNING: [Synth 8-7129] Port In108[0] in module xlconcat_v2_1_5_xlconcat is either unconnected or has no load
WARNING: [Synth 8-7129] Port In109[0] in module xlconcat_v2_1_5_xlconcat is either unconnected or has no load
WARNING: [Synth 8-7129] Port In110[0] in module xlconcat_v2_1_5_xlconcat is either unconnected or has no load
WARNING: [Synth 8-7129] Port In111[0] in module xlconcat_v2_1_5_xlconcat is either unconnected or has no load
WARNING: [Synth 8-7129] Port In112[0] in module xlconcat_v2_1_5_xlconcat is either unconnected or has no load
WARNING: [Synth 8-7129] Port In113[0] in module xlconcat_v2_1_5_xlconcat is either unconnected or has no load
WARNING: [Synth 8-7129] Port In114[0] in module xlconcat_v2_1_5_xlconcat is either unconnected or has no load
WARNING: [Synth 8-7129] Port In115[0] in module xlconcat_v2_1_5_xlconcat is either unconnected or has no load
WARNING: [Synth 8-7129] Port In116[0] in module xlconcat_v2_1_5_xlconcat is either unconnected or has no load
WARNING: [Synth 8-7129] Port In117[0] in module xlconcat_v2_1_5_xlconcat is either unconnected or has no load
WARNING: [Synth 8-7129] Port In118[0] in module xlconcat_v2_1_5_xlconcat is either unconnected or has no load
WARNING: [Synth 8-7129] Port In119[0] in module xlconcat_v2_1_5_xlconcat is either unconnected or has no load
WARNING: [Synth 8-7129] Port In120[0] in module xlconcat_v2_1_5_xlconcat is either unconnected or has no load
WARNING: [Synth 8-7129] Port In121[0] in module xlconcat_v2_1_5_xlconcat is either unconnected or has no load
WARNING: [Synth 8-7129] Port In122[0] in module xlconcat_v2_1_5_xlconcat is either unconnected or has no load
WARNING: [Synth 8-7129] Port In123[0] in module xlconcat_v2_1_5_xlconcat is either unconnected or has no load
WARNING: [Synth 8-7129] Port In124[0] in module xlconcat_v2_1_5_xlconcat is either unconnected or has no load
WARNING: [Synth 8-7129] Port In125[0] in module xlconcat_v2_1_5_xlconcat is either unconnected or has no load
WARNING: [Synth 8-7129] Port In126[0] in module xlconcat_v2_1_5_xlconcat is either unconnected or has no load
WARNING: [Synth 8-7129] Port In127[0] in module xlconcat_v2_1_5_xlconcat is either unconnected or has no load
WARNING: [Synth 8-7129] Port M_ACLK in module s00_couplers_imp_SELTG5 is either unconnected or has no load
WARNING: [Synth 8-7129] Port M_ARESETN in module s00_couplers_imp_SELTG5 is either unconnected or has no load
WARNING: [Synth 8-7129] Port S_ACLK in module s00_couplers_imp_SELTG5 is either unconnected or has no load
WARNING: [Synth 8-7129] Port S_ARESETN in module s00_couplers_imp_SELTG5 is either unconnected or has no load
WARNING: [Synth 8-7129] Port ACLK in module system_axi_hp2_interconnect_0 is either unconnected or has no load
WARNING: [Synth 8-7129] Port ARESETN in module system_axi_hp2_interconnect_0 is either unconnected or has no load
WARNING: [Synth 8-7129] Port M_ACLK in module s00_couplers_imp_H1ZQRK is either unconnected or has no load
WARNING: [Synth 8-7129] Port M_ARESETN in module s00_couplers_imp_H1ZQRK is either unconnected or has no load
WARNING: [Synth 8-7129] Port S_ACLK in module s00_couplers_imp_H1ZQRK is either unconnected or has no load
WARNING: [Synth 8-7129] Port S_ARESETN in module s00_couplers_imp_H1ZQRK is either unconnected or has no load
WARNING: [Synth 8-7129] Port ACLK in module system_axi_hp1_interconnect_0 is either unconnected or has no load
WARNING: [Synth 8-7129] Port ARESETN in module system_axi_hp1_interconnect_0 is either unconnected or has no load
WARNING: [Synth 8-7129] Port M_ACLK in module s00_couplers_imp_WZLZH6 is either unconnected or has no load
WARNING: [Synth 8-7129] Port M_ARESETN in module s00_couplers_imp_WZLZH6 is either unconnected or has no load
WARNING: [Synth 8-7129] Port M_ACLK in module m05_couplers_imp_GFBASD is either unconnected or has no load
WARNING: [Synth 8-7129] Port M_ARESETN in module m05_couplers_imp_GFBASD is either unconnected or has no load
WARNING: [Synth 8-7129] Port S_ACLK in module m05_couplers_imp_GFBASD is either unconnected or has no load
WARNING: [Synth 8-7129] Port S_ARESETN in module m05_couplers_imp_GFBASD is either unconnected or has no load
WARNING: [Synth 8-7129] Port M_ACLK in module m04_couplers_imp_15FU5SC is either unconnected or has no load
WARNING: [Synth 8-7129] Port M_ARESETN in module m04_couplers_imp_15FU5SC is either unconnected or has no load
WARNING: [Synth 8-7129] Port S_ACLK in module m04_couplers_imp_15FU5SC is either unconnected or has no load
WARNING: [Synth 8-7129] Port S_ARESETN in module m04_couplers_imp_15FU5SC is either unconnected or has no load
WARNING: [Synth 8-7129] Port M_ACLK in module m03_couplers_imp_T17W6X is either unconnected or has no load
WARNING: [Synth 8-7129] Port M_ARESETN in module m03_couplers_imp_T17W6X is either unconnected or has no load
WARNING: [Synth 8-7129] Port S_ACLK in module m03_couplers_imp_T17W6X is either unconnected or has no load
WARNING: [Synth 8-7129] Port S_ARESETN in module m03_couplers_imp_T17W6X is either unconnected or has no load
WARNING: [Synth 8-7129] Port M_ACLK in module m02_couplers_imp_1J5P44O is either unconnected or has no load
WARNING: [Synth 8-7129] Port M_ARESETN in module m02_couplers_imp_1J5P44O is either unconnected or has no load
WARNING: [Synth 8-7129] Port S_ACLK in module m02_couplers_imp_1J5P44O is either unconnected or has no load
WARNING: [Synth 8-7129] Port S_ARESETN in module m02_couplers_imp_1J5P44O is either unconnected or has no load
WARNING: [Synth 8-7129] Port M_ACLK in module m01_couplers_imp_1UBGIXM is either unconnected or has no load
WARNING: [Synth 8-7129] Port M_ARESETN in module m01_couplers_imp_1UBGIXM is either unconnected or has no load
WARNING: [Synth 8-7129] Port S_ACLK in module m01_couplers_imp_1UBGIXM is either unconnected or has no load
WARNING: [Synth 8-7129] Port S_ARESETN in module m01_couplers_imp_1UBGIXM is either unconnected or has no load
WARNING: [Synth 8-7129] Port M_ACLK in module m00_couplers_imp_I5GH1N is either unconnected or has no load
WARNING: [Synth 8-7129] Port M_ARESETN in module m00_couplers_imp_I5GH1N is either unconnected or has no load
WARNING: [Synth 8-7129] Port S_ACLK in module m00_couplers_imp_I5GH1N is either unconnected or has no load
WARNING: [Synth 8-7129] Port S_ARESETN in module m00_couplers_imp_I5GH1N is either unconnected or has no load
WARNING: [Synth 8-7129] Port M00_ACLK in module system_axi_cpu_interconnect_0 is either unconnected or has no load
WARNING: [Synth 8-7129] Port M00_ARESETN in module system_axi_cpu_interconnect_0 is either unconnected or has no load
WARNING: [Synth 8-7129] Port M01_ACLK in module system_axi_cpu_interconnect_0 is either unconnected or has no load
WARNING: [Synth 8-7129] Port M01_ARESETN in module system_axi_cpu_interconnect_0 is either unconnected or has no load
WARNING: [Synth 8-7129] Port M02_ACLK in module system_axi_cpu_interconnect_0 is either unconnected or has no load
WARNING: [Synth 8-7129] Port M02_ARESETN in module system_axi_cpu_interconnect_0 is either unconnected or has no load
WARNING: [Synth 8-7129] Port M03_ACLK in module system_axi_cpu_interconnect_0 is either unconnected or has no load
WARNING: [Synth 8-7129] Port M03_ARESETN in module system_axi_cpu_interconnect_0 is either unconnected or has no load
WARNING: [Synth 8-7129] Port M04_ACLK in module system_axi_cpu_interconnect_0 is either unconnected or has no load
WARNING: [Synth 8-7129] Port M04_ARESETN in module system_axi_cpu_interconnect_0 is either unconnected or has no load
WARNING: [Synth 8-7129] Port M05_ACLK in module system_axi_cpu_interconnect_0 is either unconnected or has no load
WARNING: [Synth 8-7129] Port M05_ARESETN in module system_axi_cpu_interconnect_0 is either unconnected or has no load
WARNING: [Synth 8-7129] Port S00_ACLK in module system_axi_cpu_interconnect_0 is either unconnected or has no load
WARNING: [Synth 8-7129] Port S00_ARESETN in module system_axi_cpu_interconnect_0 is either unconnected or has no load
---------------------------------------------------------------------------------
Finished RTL Elaboration : Time (s): cpu = 00:00:04 ; elapsed = 00:00:04 . Memory (MB): peak = 2158.977 ; gain = 490.652 ; free physical = 3223 ; free virtual = 9894
---------------------------------------------------------------------------------
---------------------------------------------------------------------------------
Start Handling Custom Attributes
---------------------------------------------------------------------------------
---------------------------------------------------------------------------------
Finished Handling Custom Attributes : Time (s): cpu = 00:00:04 ; elapsed = 00:00:04 . Memory (MB): peak = 2167.883 ; gain = 499.559 ; free physical = 3234 ; free virtual = 9896
---------------------------------------------------------------------------------
---------------------------------------------------------------------------------
Finished RTL Optimization Phase 1 : Time (s): cpu = 00:00:04 ; elapsed = 00:00:04 . Memory (MB): peak = 2167.883 ; gain = 499.559 ; free physical = 3234 ; free virtual = 9896
---------------------------------------------------------------------------------
Netlist sorting complete. Time (s): cpu = 00:00:00.02 ; elapsed = 00:00:00.02 . Memory (MB): peak = 2170.852 ; gain = 0.000 ; free physical = 3233 ; free virtual = 9894
INFO: [Netlist 29-17] Analyzing 2 Unisim elements for replacement
INFO: [Netlist 29-28] Unisim Transformation completed in 0 CPU seconds
INFO: [Project 1-570] Preparing netlist for logic optimization

Processing XDC Constraints
Initializing timing engine
Parsing XDC File [/home/luukieboy/Documents/thesis/hdl/projects/adrv9364z7020/ccbob_lvds/adrv9364z7020_ccbob_lvds.gen/sources_1/bd/system/ip/system_sys_ps7_0/system_sys_ps7_0/system_sys_ps7_0_in_context.xdc] for cell 'i_system_wrapper/system_i/sys_ps7'
Finished Parsing XDC File [/home/luukieboy/Documents/thesis/hdl/projects/adrv9364z7020/ccbob_lvds/adrv9364z7020_ccbob_lvds.gen/sources_1/bd/system/ip/system_sys_ps7_0/system_sys_ps7_0/system_sys_ps7_0_in_context.xdc] for cell 'i_system_wrapper/system_i/sys_ps7'
Parsing XDC File [/home/luukieboy/Documents/thesis/hdl/projects/adrv9364z7020/ccbob_lvds/adrv9364z7020_ccbob_lvds.gen/sources_1/bd/system/ip/system_axi_iic_main_0/system_axi_iic_main_0/system_axi_iic_main_0_in_context.xdc] for cell 'i_system_wrapper/system_i/axi_iic_main'
Finished Parsing XDC File [/home/luukieboy/Documents/thesis/hdl/projects/adrv9364z7020/ccbob_lvds/adrv9364z7020_ccbob_lvds.gen/sources_1/bd/system/ip/system_axi_iic_main_0/system_axi_iic_main_0/system_axi_iic_main_0_in_context.xdc] for cell 'i_system_wrapper/system_i/axi_iic_main'
Parsing XDC File [/home/luukieboy/Documents/thesis/hdl/projects/adrv9364z7020/ccbob_lvds/adrv9364z7020_ccbob_lvds.gen/sources_1/bd/system/ip/system_sys_rstgen_0/system_sys_rstgen_0/system_sys_rstgen_0_in_context.xdc] for cell 'i_system_wrapper/system_i/sys_rstgen'
Finished Parsing XDC File [/home/luukieboy/Documents/thesis/hdl/projects/adrv9364z7020/ccbob_lvds/adrv9364z7020_ccbob_lvds.gen/sources_1/bd/system/ip/system_sys_rstgen_0/system_sys_rstgen_0/system_sys_rstgen_0_in_context.xdc] for cell 'i_system_wrapper/system_i/sys_rstgen'
Parsing XDC File [/home/luukieboy/Documents/thesis/hdl/projects/adrv9364z7020/ccbob_lvds/adrv9364z7020_ccbob_lvds.gen/sources_1/bd/system/ip/system_sys_logic_inv_0/system_sys_logic_inv_0/system_sys_logic_inv_0_in_context.xdc] for cell 'i_system_wrapper/system_i/sys_logic_inv'
Finished Parsing XDC File [/home/luukieboy/Documents/thesis/hdl/projects/adrv9364z7020/ccbob_lvds/adrv9364z7020_ccbob_lvds.gen/sources_1/bd/system/ip/system_sys_logic_inv_0/system_sys_logic_inv_0/system_sys_logic_inv_0_in_context.xdc] for cell 'i_system_wrapper/system_i/sys_logic_inv'
Parsing XDC File [/home/luukieboy/Documents/thesis/hdl/projects/adrv9364z7020/ccbob_lvds/adrv9364z7020_ccbob_lvds.gen/sources_1/bd/system/ip/system_axi_sysid_0_0/system_axi_sysid_0_0/system_axi_sysid_0_0_in_context.xdc] for cell 'i_system_wrapper/system_i/axi_sysid_0'
Finished Parsing XDC File [/home/luukieboy/Documents/thesis/hdl/projects/adrv9364z7020/ccbob_lvds/adrv9364z7020_ccbob_lvds.gen/sources_1/bd/system/ip/system_axi_sysid_0_0/system_axi_sysid_0_0/system_axi_sysid_0_0_in_context.xdc] for cell 'i_system_wrapper/system_i/axi_sysid_0'
Parsing XDC File [/home/luukieboy/Documents/thesis/hdl/projects/adrv9364z7020/ccbob_lvds/adrv9364z7020_ccbob_lvds.gen/sources_1/bd/system/ip/system_rom_sys_0_0/system_rom_sys_0_0/system_rom_sys_0_0_in_context.xdc] for cell 'i_system_wrapper/system_i/rom_sys_0'
Finished Parsing XDC File [/home/luukieboy/Documents/thesis/hdl/projects/adrv9364z7020/ccbob_lvds/adrv9364z7020_ccbob_lvds.gen/sources_1/bd/system/ip/system_rom_sys_0_0/system_rom_sys_0_0/system_rom_sys_0_0_in_context.xdc] for cell 'i_system_wrapper/system_i/rom_sys_0'
Parsing XDC File [/home/luukieboy/Documents/thesis/hdl/projects/adrv9364z7020/ccbob_lvds/adrv9364z7020_ccbob_lvds.gen/sources_1/bd/system/ip/system_xbar_0/system_xbar_0/system_xbar_0_in_context.xdc] for cell 'i_system_wrapper/system_i/axi_cpu_interconnect/xbar'
Finished Parsing XDC File [/home/luukieboy/Documents/thesis/hdl/projects/adrv9364z7020/ccbob_lvds/adrv9364z7020_ccbob_lvds.gen/sources_1/bd/system/ip/system_xbar_0/system_xbar_0/system_xbar_0_in_context.xdc] for cell 'i_system_wrapper/system_i/axi_cpu_interconnect/xbar'
Parsing XDC File [/home/luukieboy/Documents/thesis/hdl/projects/adrv9364z7020/ccbob_lvds/adrv9364z7020_ccbob_lvds.gen/sources_1/bd/system/ip/system_auto_pc_0/system_auto_pc_0/system_auto_pc_0_in_context.xdc] for cell 'i_system_wrapper/system_i/axi_cpu_interconnect/s00_couplers/auto_pc'
Finished Parsing XDC File [/home/luukieboy/Documents/thesis/hdl/projects/adrv9364z7020/ccbob_lvds/adrv9364z7020_ccbob_lvds.gen/sources_1/bd/system/ip/system_auto_pc_0/system_auto_pc_0/system_auto_pc_0_in_context.xdc] for cell 'i_system_wrapper/system_i/axi_cpu_interconnect/s00_couplers/auto_pc'
Parsing XDC File [/home/luukieboy/Documents/thesis/hdl/projects/adrv9364z7020/ccbob_lvds/adrv9364z7020_ccbob_lvds.gen/sources_1/bd/system/ip/system_axi_ad9361_0/system_axi_ad9361_0/system_axi_ad9361_0_in_context.xdc] for cell 'i_system_wrapper/system_i/axi_ad9361'
Finished Parsing XDC File [/home/luukieboy/Documents/thesis/hdl/projects/adrv9364z7020/ccbob_lvds/adrv9364z7020_ccbob_lvds.gen/sources_1/bd/system/ip/system_axi_ad9361_0/system_axi_ad9361_0/system_axi_ad9361_0_in_context.xdc] for cell 'i_system_wrapper/system_i/axi_ad9361'
Parsing XDC File [/home/luukieboy/Documents/thesis/hdl/projects/adrv9364z7020/ccbob_lvds/adrv9364z7020_ccbob_lvds.gen/sources_1/bd/system/ip/system_util_ad9361_tdd_sync_0/system_util_ad9361_tdd_sync_0/system_util_ad9361_tdd_sync_0_in_context.xdc] for cell 'i_system_wrapper/system_i/util_ad9361_tdd_sync'
Finished Parsing XDC File [/home/luukieboy/Documents/thesis/hdl/projects/adrv9364z7020/ccbob_lvds/adrv9364z7020_ccbob_lvds.gen/sources_1/bd/system/ip/system_util_ad9361_tdd_sync_0/system_util_ad9361_tdd_sync_0/system_util_ad9361_tdd_sync_0_in_context.xdc] for cell 'i_system_wrapper/system_i/util_ad9361_tdd_sync'
Parsing XDC File [/home/luukieboy/Documents/thesis/hdl/projects/adrv9364z7020/ccbob_lvds/adrv9364z7020_ccbob_lvds.gen/sources_1/bd/system/ip/system_util_ad9361_divclk_sel_0/system_util_ad9361_divclk_sel_0/system_util_ad9361_divclk_sel_0_in_context.xdc] for cell 'i_system_wrapper/system_i/util_ad9361_divclk_sel'
Finished Parsing XDC File [/home/luukieboy/Documents/thesis/hdl/projects/adrv9364z7020/ccbob_lvds/adrv9364z7020_ccbob_lvds.gen/sources_1/bd/system/ip/system_util_ad9361_divclk_sel_0/system_util_ad9361_divclk_sel_0/system_util_ad9361_divclk_sel_0_in_context.xdc] for cell 'i_system_wrapper/system_i/util_ad9361_divclk_sel'
Parsing XDC File [/home/luukieboy/Documents/thesis/hdl/projects/adrv9364z7020/ccbob_lvds/adrv9364z7020_ccbob_lvds.gen/sources_1/bd/system/ip/system_util_ad9361_divclk_0/system_util_ad9361_divclk_0/system_util_ad9361_divclk_0_in_context.xdc] for cell 'i_system_wrapper/system_i/util_ad9361_divclk'
Finished Parsing XDC File [/home/luukieboy/Documents/thesis/hdl/projects/adrv9364z7020/ccbob_lvds/adrv9364z7020_ccbob_lvds.gen/sources_1/bd/system/ip/system_util_ad9361_divclk_0/system_util_ad9361_divclk_0/system_util_ad9361_divclk_0_in_context.xdc] for cell 'i_system_wrapper/system_i/util_ad9361_divclk'
Parsing XDC File [/home/luukieboy/Documents/thesis/hdl/projects/adrv9364z7020/ccbob_lvds/adrv9364z7020_ccbob_lvds.gen/sources_1/bd/system/ip/system_util_ad9361_divclk_reset_0/system_util_ad9361_divclk_reset_0/system_util_ad9361_divclk_reset_0_in_context.xdc] for cell 'i_system_wrapper/system_i/util_ad9361_divclk_reset'
Finished Parsing XDC File [/home/luukieboy/Documents/thesis/hdl/projects/adrv9364z7020/ccbob_lvds/adrv9364z7020_ccbob_lvds.gen/sources_1/bd/system/ip/system_util_ad9361_divclk_reset_0/system_util_ad9361_divclk_reset_0/system_util_ad9361_divclk_reset_0_in_context.xdc] for cell 'i_system_wrapper/system_i/util_ad9361_divclk_reset'
Parsing XDC File [/home/luukieboy/Documents/thesis/hdl/projects/adrv9364z7020/ccbob_lvds/adrv9364z7020_ccbob_lvds.gen/sources_1/bd/system/ip/system_util_ad9361_adc_fifo_0/system_util_ad9361_adc_fifo_0/system_util_ad9361_adc_fifo_0_in_context.xdc] for cell 'i_system_wrapper/system_i/util_ad9361_adc_fifo'
Finished Parsing XDC File [/home/luukieboy/Documents/thesis/hdl/projects/adrv9364z7020/ccbob_lvds/adrv9364z7020_ccbob_lvds.gen/sources_1/bd/system/ip/system_util_ad9361_adc_fifo_0/system_util_ad9361_adc_fifo_0/system_util_ad9361_adc_fifo_0_in_context.xdc] for cell 'i_system_wrapper/system_i/util_ad9361_adc_fifo'
Parsing XDC File [/home/luukieboy/Documents/thesis/hdl/projects/adrv9364z7020/ccbob_lvds/adrv9364z7020_ccbob_lvds.gen/sources_1/bd/system/ip/system_util_ad9361_adc_pack_0/system_util_ad9361_adc_pack_0/system_util_ad9361_adc_pack_0_in_context.xdc] for cell 'i_system_wrapper/system_i/util_ad9361_adc_pack'
Finished Parsing XDC File [/home/luukieboy/Documents/thesis/hdl/projects/adrv9364z7020/ccbob_lvds/adrv9364z7020_ccbob_lvds.gen/sources_1/bd/system/ip/system_util_ad9361_adc_pack_0/system_util_ad9361_adc_pack_0/system_util_ad9361_adc_pack_0_in_context.xdc] for cell 'i_system_wrapper/system_i/util_ad9361_adc_pack'
Parsing XDC File [/home/luukieboy/Documents/thesis/hdl/projects/adrv9364z7020/ccbob_lvds/adrv9364z7020_ccbob_lvds.gen/sources_1/bd/system/ip/system_axi_ad9361_adc_dma_0/system_axi_ad9361_adc_dma_0/system_axi_ad9361_adc_dma_0_in_context.xdc] for cell 'i_system_wrapper/system_i/axi_ad9361_adc_dma'
Finished Parsing XDC File [/home/luukieboy/Documents/thesis/hdl/projects/adrv9364z7020/ccbob_lvds/adrv9364z7020_ccbob_lvds.gen/sources_1/bd/system/ip/system_axi_ad9361_adc_dma_0/system_axi_ad9361_adc_dma_0/system_axi_ad9361_adc_dma_0_in_context.xdc] for cell 'i_system_wrapper/system_i/axi_ad9361_adc_dma'
Parsing XDC File [/home/luukieboy/Documents/thesis/hdl/projects/adrv9364z7020/ccbob_lvds/adrv9364z7020_ccbob_lvds.gen/sources_1/bd/system/ip/system_axi_ad9361_dac_fifo_0/system_axi_ad9361_dac_fifo_0/system_axi_ad9361_dac_fifo_0_in_context.xdc] for cell 'i_system_wrapper/system_i/axi_ad9361_dac_fifo'
Finished Parsing XDC File [/home/luukieboy/Documents/thesis/hdl/projects/adrv9364z7020/ccbob_lvds/adrv9364z7020_ccbob_lvds.gen/sources_1/bd/system/ip/system_axi_ad9361_dac_fifo_0/system_axi_ad9361_dac_fifo_0/system_axi_ad9361_dac_fifo_0_in_context.xdc] for cell 'i_system_wrapper/system_i/axi_ad9361_dac_fifo'
Parsing XDC File [/home/luukieboy/Documents/thesis/hdl/projects/adrv9364z7020/ccbob_lvds/adrv9364z7020_ccbob_lvds.gen/sources_1/bd/system/ip/system_util_ad9361_dac_upack_0/system_util_ad9361_dac_upack_0/system_util_ad9361_dac_upack_0_in_context.xdc] for cell 'i_system_wrapper/system_i/util_ad9361_dac_upack'
Finished Parsing XDC File [/home/luukieboy/Documents/thesis/hdl/projects/adrv9364z7020/ccbob_lvds/adrv9364z7020_ccbob_lvds.gen/sources_1/bd/system/ip/system_util_ad9361_dac_upack_0/system_util_ad9361_dac_upack_0/system_util_ad9361_dac_upack_0_in_context.xdc] for cell 'i_system_wrapper/system_i/util_ad9361_dac_upack'
Parsing XDC File [/home/luukieboy/Documents/thesis/hdl/projects/adrv9364z7020/ccbob_lvds/adrv9364z7020_ccbob_lvds.gen/sources_1/bd/system/ip/system_axi_ad9361_dac_dma_0/system_axi_ad9361_dac_dma_0/system_axi_ad9361_dac_dma_0_in_context.xdc] for cell 'i_system_wrapper/system_i/axi_ad9361_dac_dma'
Finished Parsing XDC File [/home/luukieboy/Documents/thesis/hdl/projects/adrv9364z7020/ccbob_lvds/adrv9364z7020_ccbob_lvds.gen/sources_1/bd/system/ip/system_axi_ad9361_dac_dma_0/system_axi_ad9361_dac_dma_0/system_axi_ad9361_dac_dma_0_in_context.xdc] for cell 'i_system_wrapper/system_i/axi_ad9361_dac_dma'
Parsing XDC File [/home/luukieboy/Documents/thesis/hdl/projects/adrv9364z7020/ccbob_lvds/adrv9364z7020_ccbob_lvds.gen/sources_1/bd/system/ip/system_axi_gpreg_0/system_axi_gpreg_0/system_axi_gpreg_0_in_context.xdc] for cell 'i_system_wrapper/system_i/axi_gpreg'
Finished Parsing XDC File [/home/luukieboy/Documents/thesis/hdl/projects/adrv9364z7020/ccbob_lvds/adrv9364z7020_ccbob_lvds.gen/sources_1/bd/system/ip/system_axi_gpreg_0/system_axi_gpreg_0/system_axi_gpreg_0_in_context.xdc] for cell 'i_system_wrapper/system_i/axi_gpreg'
Parsing XDC File [/home/luukieboy/Documents/thesis/hdl/projects/adrv9364z7020/common/adrv9364z7020_constr.xdc]
Finished Parsing XDC File [/home/luukieboy/Documents/thesis/hdl/projects/adrv9364z7020/common/adrv9364z7020_constr.xdc]
INFO: [Project 1-236] Implementation specific constraints were found while reading constraint file [/home/luukieboy/Documents/thesis/hdl/projects/adrv9364z7020/common/adrv9364z7020_constr.xdc]. These constraints will be ignored for synthesis but will be used in implementation. Impacted constraints are listed in the file [.Xil/system_top_propImpl.xdc].
Resolution: To avoid this warning, move constraints listed in [.Xil/system_top_propImpl.xdc] to another XDC file and exclude this new file from synthesis with the used_in_synthesis property (File Properties dialog in GUI) and re-run elaboration/synthesis.
Parsing XDC File [/home/luukieboy/Documents/thesis/hdl/projects/adrv9364z7020/common/adrv9364z7020_constr_lvds.xdc]
Finished Parsing XDC File [/home/luukieboy/Documents/thesis/hdl/projects/adrv9364z7020/common/adrv9364z7020_constr_lvds.xdc]
INFO: [Project 1-236] Implementation specific constraints were found while reading constraint file [/home/luukieboy/Documents/thesis/hdl/projects/adrv9364z7020/common/adrv9364z7020_constr_lvds.xdc]. These constraints will be ignored for synthesis but will be used in implementation. Impacted constraints are listed in the file [.Xil/system_top_propImpl.xdc].
Resolution: To avoid this warning, move constraints listed in [.Xil/system_top_propImpl.xdc] to another XDC file and exclude this new file from synthesis with the used_in_synthesis property (File Properties dialog in GUI) and re-run elaboration/synthesis.
Parsing XDC File [/home/luukieboy/Documents/thesis/hdl/projects/adrv9364z7020/common/ccbob_constr.xdc]
Finished Parsing XDC File [/home/luukieboy/Documents/thesis/hdl/projects/adrv9364z7020/common/ccbob_constr.xdc]
INFO: [Project 1-236] Implementation specific constraints were found while reading constraint file [/home/luukieboy/Documents/thesis/hdl/projects/adrv9364z7020/common/ccbob_constr.xdc]. These constraints will be ignored for synthesis but will be used in implementation. Impacted constraints are listed in the file [.Xil/system_top_propImpl.xdc].
Resolution: To avoid this warning, move constraints listed in [.Xil/system_top_propImpl.xdc] to another XDC file and exclude this new file from synthesis with the used_in_synthesis property (File Properties dialog in GUI) and re-run elaboration/synthesis.
Parsing XDC File [/home/luukieboy/Documents/thesis/hdl/projects/adrv9364z7020/ccbob_lvds/adrv9364z7020_ccbob_lvds.runs/synth_1/dont_touch.xdc]
Finished Parsing XDC File [/home/luukieboy/Documents/thesis/hdl/projects/adrv9364z7020/ccbob_lvds/adrv9364z7020_ccbob_lvds.runs/synth_1/dont_touch.xdc]
Completed Processing XDC Constraints

Netlist sorting complete. Time (s): cpu = 00:00:00 ; elapsed = 00:00:00 . Memory (MB): peak = 2302.633 ; gain = 0.000 ; free physical = 3215 ; free virtual = 9876
INFO: [Project 1-111] Unisim Transformation Summary:
  A total of 2 instances were transformed.
  IOBUF => IOBUF (IBUF, OBUFT): 2 instances

Constraint Validation Runtime : Time (s): cpu = 00:00:00 ; elapsed = 00:00:00 . Memory (MB): peak = 2302.668 ; gain = 0.000 ; free physical = 3214 ; free virtual = 9876
---------------------------------------------------------------------------------
Finished Constraint Validation : Time (s): cpu = 00:00:09 ; elapsed = 00:00:09 . Memory (MB): peak = 2302.668 ; gain = 634.344 ; free physical = 3204 ; free virtual = 9865
---------------------------------------------------------------------------------
---------------------------------------------------------------------------------
Start Loading Part and Timing Information
---------------------------------------------------------------------------------
Loading part: xc7z020clg400-1
---------------------------------------------------------------------------------
Finished Loading Part and Timing Information : Time (s): cpu = 00:00:09 ; elapsed = 00:00:09 . Memory (MB): peak = 2302.668 ; gain = 634.344 ; free physical = 3204 ; free virtual = 9865
---------------------------------------------------------------------------------
---------------------------------------------------------------------------------
Start Applying 'set_property' XDC Constraints
---------------------------------------------------------------------------------
Applied set_property IO_BUFFER_TYPE = NONE for ddr_addr[0]. (constraint file  /home/luukieboy/Documents/thesis/hdl/projects/adrv9364z7020/ccbob_lvds/adrv9364z7020_ccbob_lvds.gen/sources_1/bd/system/ip/system_sys_ps7_0/system_sys_ps7_0/system_sys_ps7_0_in_context.xdc, line 4).
Applied set_property CLOCK_BUFFER_TYPE = NONE for ddr_addr[0]. (constraint file  /home/luukieboy/Documents/thesis/hdl/projects/adrv9364z7020/ccbob_lvds/adrv9364z7020_ccbob_lvds.gen/sources_1/bd/system/ip/system_sys_ps7_0/system_sys_ps7_0/system_sys_ps7_0_in_context.xdc, line 5).
Applied set_property IO_BUFFER_TYPE = NONE for ddr_addr[10]. (constraint file  /home/luukieboy/Documents/thesis/hdl/projects/adrv9364z7020/ccbob_lvds/adrv9364z7020_ccbob_lvds.gen/sources_1/bd/system/ip/system_sys_ps7_0/system_sys_ps7_0/system_sys_ps7_0_in_context.xdc, line 6).
Applied set_property CLOCK_BUFFER_TYPE = NONE for ddr_addr[10]. (constraint file  /home/luukieboy/Documents/thesis/hdl/projects/adrv9364z7020/ccbob_lvds/adrv9364z7020_ccbob_lvds.gen/sources_1/bd/system/ip/system_sys_ps7_0/system_sys_ps7_0/system_sys_ps7_0_in_context.xdc, line 7).
Applied set_property IO_BUFFER_TYPE = NONE for ddr_addr[11]. (constraint file  /home/luukieboy/Documents/thesis/hdl/projects/adrv9364z7020/ccbob_lvds/adrv9364z7020_ccbob_lvds.gen/sources_1/bd/system/ip/system_sys_ps7_0/system_sys_ps7_0/system_sys_ps7_0_in_context.xdc, line 8).
Applied set_property CLOCK_BUFFER_TYPE = NONE for ddr_addr[11]. (constraint file  /home/luukieboy/Documents/thesis/hdl/projects/adrv9364z7020/ccbob_lvds/adrv9364z7020_ccbob_lvds.gen/sources_1/bd/system/ip/system_sys_ps7_0/system_sys_ps7_0/system_sys_ps7_0_in_context.xdc, line 9).
Applied set_property IO_BUFFER_TYPE = NONE for ddr_addr[12]. (constraint file  /home/luukieboy/Documents/thesis/hdl/projects/adrv9364z7020/ccbob_lvds/adrv9364z7020_ccbob_lvds.gen/sources_1/bd/system/ip/system_sys_ps7_0/system_sys_ps7_0/system_sys_ps7_0_in_context.xdc, line 10).
Applied set_property CLOCK_BUFFER_TYPE = NONE for ddr_addr[12]. (constraint file  /home/luukieboy/Documents/thesis/hdl/projects/adrv9364z7020/ccbob_lvds/adrv9364z7020_ccbob_lvds.gen/sources_1/bd/system/ip/system_sys_ps7_0/system_sys_ps7_0/system_sys_ps7_0_in_context.xdc, line 11).
Applied set_property IO_BUFFER_TYPE = NONE for ddr_addr[13]. (constraint file  /home/luukieboy/Documents/thesis/hdl/projects/adrv9364z7020/ccbob_lvds/adrv9364z7020_ccbob_lvds.gen/sources_1/bd/system/ip/system_sys_ps7_0/system_sys_ps7_0/system_sys_ps7_0_in_context.xdc, line 12).
Applied set_property CLOCK_BUFFER_TYPE = NONE for ddr_addr[13]. (constraint file  /home/luukieboy/Documents/thesis/hdl/projects/adrv9364z7020/ccbob_lvds/adrv9364z7020_ccbob_lvds.gen/sources_1/bd/system/ip/system_sys_ps7_0/system_sys_ps7_0/system_sys_ps7_0_in_context.xdc, line 13).
Applied set_property IO_BUFFER_TYPE = NONE for ddr_addr[14]. (constraint file  /home/luukieboy/Documents/thesis/hdl/projects/adrv9364z7020/ccbob_lvds/adrv9364z7020_ccbob_lvds.gen/sources_1/bd/system/ip/system_sys_ps7_0/system_sys_ps7_0/system_sys_ps7_0_in_context.xdc, line 14).
Applied set_property CLOCK_BUFFER_TYPE = NONE for ddr_addr[14]. (constraint file  /home/luukieboy/Documents/thesis/hdl/projects/adrv9364z7020/ccbob_lvds/adrv9364z7020_ccbob_lvds.gen/sources_1/bd/system/ip/system_sys_ps7_0/system_sys_ps7_0/system_sys_ps7_0_in_context.xdc, line 15).
Applied set_property IO_BUFFER_TYPE = NONE for ddr_addr[1]. (constraint file  /home/luukieboy/Documents/thesis/hdl/projects/adrv9364z7020/ccbob_lvds/adrv9364z7020_ccbob_lvds.gen/sources_1/bd/system/ip/system_sys_ps7_0/system_sys_ps7_0/system_sys_ps7_0_in_context.xdc, line 16).
Applied set_property CLOCK_BUFFER_TYPE = NONE for ddr_addr[1]. (constraint file  /home/luukieboy/Documents/thesis/hdl/projects/adrv9364z7020/ccbob_lvds/adrv9364z7020_ccbob_lvds.gen/sources_1/bd/system/ip/system_sys_ps7_0/system_sys_ps7_0/system_sys_ps7_0_in_context.xdc, line 17).
Applied set_property IO_BUFFER_TYPE = NONE for ddr_addr[2]. (constraint file  /home/luukieboy/Documents/thesis/hdl/projects/adrv9364z7020/ccbob_lvds/adrv9364z7020_ccbob_lvds.gen/sources_1/bd/system/ip/system_sys_ps7_0/system_sys_ps7_0/system_sys_ps7_0_in_context.xdc, line 18).
Applied set_property CLOCK_BUFFER_TYPE = NONE for ddr_addr[2]. (constraint file  /home/luukieboy/Documents/thesis/hdl/projects/adrv9364z7020/ccbob_lvds/adrv9364z7020_ccbob_lvds.gen/sources_1/bd/system/ip/system_sys_ps7_0/system_sys_ps7_0/system_sys_ps7_0_in_context.xdc, line 19).
Applied set_property IO_BUFFER_TYPE = NONE for ddr_addr[3]. (constraint file  /home/luukieboy/Documents/thesis/hdl/projects/adrv9364z7020/ccbob_lvds/adrv9364z7020_ccbob_lvds.gen/sources_1/bd/system/ip/system_sys_ps7_0/system_sys_ps7_0/system_sys_ps7_0_in_context.xdc, line 20).
Applied set_property CLOCK_BUFFER_TYPE = NONE for ddr_addr[3]. (constraint file  /home/luukieboy/Documents/thesis/hdl/projects/adrv9364z7020/ccbob_lvds/adrv9364z7020_ccbob_lvds.gen/sources_1/bd/system/ip/system_sys_ps7_0/system_sys_ps7_0/system_sys_ps7_0_in_context.xdc, line 21).
Applied set_property IO_BUFFER_TYPE = NONE for ddr_addr[4]. (constraint file  /home/luukieboy/Documents/thesis/hdl/projects/adrv9364z7020/ccbob_lvds/adrv9364z7020_ccbob_lvds.gen/sources_1/bd/system/ip/system_sys_ps7_0/system_sys_ps7_0/system_sys_ps7_0_in_context.xdc, line 22).
Applied set_property CLOCK_BUFFER_TYPE = NONE for ddr_addr[4]. (constraint file  /home/luukieboy/Documents/thesis/hdl/projects/adrv9364z7020/ccbob_lvds/adrv9364z7020_ccbob_lvds.gen/sources_1/bd/system/ip/system_sys_ps7_0/system_sys_ps7_0/system_sys_ps7_0_in_context.xdc, line 23).
Applied set_property IO_BUFFER_TYPE = NONE for ddr_addr[5]. (constraint file  /home/luukieboy/Documents/thesis/hdl/projects/adrv9364z7020/ccbob_lvds/adrv9364z7020_ccbob_lvds.gen/sources_1/bd/system/ip/system_sys_ps7_0/system_sys_ps7_0/system_sys_ps7_0_in_context.xdc, line 24).
Applied set_property CLOCK_BUFFER_TYPE = NONE for ddr_addr[5]. (constraint file  /home/luukieboy/Documents/thesis/hdl/projects/adrv9364z7020/ccbob_lvds/adrv9364z7020_ccbob_lvds.gen/sources_1/bd/system/ip/system_sys_ps7_0/system_sys_ps7_0/system_sys_ps7_0_in_context.xdc, line 25).
Applied set_property IO_BUFFER_TYPE = NONE for ddr_addr[6]. (constraint file  /home/luukieboy/Documents/thesis/hdl/projects/adrv9364z7020/ccbob_lvds/adrv9364z7020_ccbob_lvds.gen/sources_1/bd/system/ip/system_sys_ps7_0/system_sys_ps7_0/system_sys_ps7_0_in_context.xdc, line 26).
Applied set_property CLOCK_BUFFER_TYPE = NONE for ddr_addr[6]. (constraint file  /home/luukieboy/Documents/thesis/hdl/projects/adrv9364z7020/ccbob_lvds/adrv9364z7020_ccbob_lvds.gen/sources_1/bd/system/ip/system_sys_ps7_0/system_sys_ps7_0/system_sys_ps7_0_in_context.xdc, line 27).
Applied set_property IO_BUFFER_TYPE = NONE for ddr_addr[7]. (constraint file  /home/luukieboy/Documents/thesis/hdl/projects/adrv9364z7020/ccbob_lvds/adrv9364z7020_ccbob_lvds.gen/sources_1/bd/system/ip/system_sys_ps7_0/system_sys_ps7_0/system_sys_ps7_0_in_context.xdc, line 28).
Applied set_property CLOCK_BUFFER_TYPE = NONE for ddr_addr[7]. (constraint file  /home/luukieboy/Documents/thesis/hdl/projects/adrv9364z7020/ccbob_lvds/adrv9364z7020_ccbob_lvds.gen/sources_1/bd/system/ip/system_sys_ps7_0/system_sys_ps7_0/system_sys_ps7_0_in_context.xdc, line 29).
Applied set_property IO_BUFFER_TYPE = NONE for ddr_addr[8]. (constraint file  /home/luukieboy/Documents/thesis/hdl/projects/adrv9364z7020/ccbob_lvds/adrv9364z7020_ccbob_lvds.gen/sources_1/bd/system/ip/system_sys_ps7_0/system_sys_ps7_0/system_sys_ps7_0_in_context.xdc, line 30).
Applied set_property CLOCK_BUFFER_TYPE = NONE for ddr_addr[8]. (constraint file  /home/luukieboy/Documents/thesis/hdl/projects/adrv9364z7020/ccbob_lvds/adrv9364z7020_ccbob_lvds.gen/sources_1/bd/system/ip/system_sys_ps7_0/system_sys_ps7_0/system_sys_ps7_0_in_context.xdc, line 31).
Applied set_property IO_BUFFER_TYPE = NONE for ddr_addr[9]. (constraint file  /home/luukieboy/Documents/thesis/hdl/projects/adrv9364z7020/ccbob_lvds/adrv9364z7020_ccbob_lvds.gen/sources_1/bd/system/ip/system_sys_ps7_0/system_sys_ps7_0/system_sys_ps7_0_in_context.xdc, line 32).
Applied set_property CLOCK_BUFFER_TYPE = NONE for ddr_addr[9]. (constraint file  /home/luukieboy/Documents/thesis/hdl/projects/adrv9364z7020/ccbob_lvds/adrv9364z7020_ccbob_lvds.gen/sources_1/bd/system/ip/system_sys_ps7_0/system_sys_ps7_0/system_sys_ps7_0_in_context.xdc, line 33).
Applied set_property IO_BUFFER_TYPE = NONE for ddr_ba[0]. (constraint file  /home/luukieboy/Documents/thesis/hdl/projects/adrv9364z7020/ccbob_lvds/adrv9364z7020_ccbob_lvds.gen/sources_1/bd/system/ip/system_sys_ps7_0/system_sys_ps7_0/system_sys_ps7_0_in_context.xdc, line 34).
Applied set_property CLOCK_BUFFER_TYPE = NONE for ddr_ba[0]. (constraint file  /home/luukieboy/Documents/thesis/hdl/projects/adrv9364z7020/ccbob_lvds/adrv9364z7020_ccbob_lvds.gen/sources_1/bd/system/ip/system_sys_ps7_0/system_sys_ps7_0/system_sys_ps7_0_in_context.xdc, line 35).
Applied set_property IO_BUFFER_TYPE = NONE for ddr_ba[1]. (constraint file  /home/luukieboy/Documents/thesis/hdl/projects/adrv9364z7020/ccbob_lvds/adrv9364z7020_ccbob_lvds.gen/sources_1/bd/system/ip/system_sys_ps7_0/system_sys_ps7_0/system_sys_ps7_0_in_context.xdc, line 36).
Applied set_property CLOCK_BUFFER_TYPE = NONE for ddr_ba[1]. (constraint file  /home/luukieboy/Documents/thesis/hdl/projects/adrv9364z7020/ccbob_lvds/adrv9364z7020_ccbob_lvds.gen/sources_1/bd/system/ip/system_sys_ps7_0/system_sys_ps7_0/system_sys_ps7_0_in_context.xdc, line 37).
Applied set_property IO_BUFFER_TYPE = NONE for ddr_ba[2]. (constraint file  /home/luukieboy/Documents/thesis/hdl/projects/adrv9364z7020/ccbob_lvds/adrv9364z7020_ccbob_lvds.gen/sources_1/bd/system/ip/system_sys_ps7_0/system_sys_ps7_0/system_sys_ps7_0_in_context.xdc, line 38).
Applied set_property CLOCK_BUFFER_TYPE = NONE for ddr_ba[2]. (constraint file  /home/luukieboy/Documents/thesis/hdl/projects/adrv9364z7020/ccbob_lvds/adrv9364z7020_ccbob_lvds.gen/sources_1/bd/system/ip/system_sys_ps7_0/system_sys_ps7_0/system_sys_ps7_0_in_context.xdc, line 39).
Applied set_property IO_BUFFER_TYPE = NONE for ddr_cas_n. (constraint file  /home/luukieboy/Documents/thesis/hdl/projects/adrv9364z7020/ccbob_lvds/adrv9364z7020_ccbob_lvds.gen/sources_1/bd/system/ip/system_sys_ps7_0/system_sys_ps7_0/system_sys_ps7_0_in_context.xdc, line 40).
Applied set_property CLOCK_BUFFER_TYPE = NONE for ddr_cas_n. (constraint file  /home/luukieboy/Documents/thesis/hdl/projects/adrv9364z7020/ccbob_lvds/adrv9364z7020_ccbob_lvds.gen/sources_1/bd/system/ip/system_sys_ps7_0/system_sys_ps7_0/system_sys_ps7_0_in_context.xdc, line 41).
Applied set_property IO_BUFFER_TYPE = NONE for ddr_cke. (constraint file  /home/luukieboy/Documents/thesis/hdl/projects/adrv9364z7020/ccbob_lvds/adrv9364z7020_ccbob_lvds.gen/sources_1/bd/system/ip/system_sys_ps7_0/system_sys_ps7_0/system_sys_ps7_0_in_context.xdc, line 42).
Applied set_property CLOCK_BUFFER_TYPE = NONE for ddr_cke. (constraint file  /home/luukieboy/Documents/thesis/hdl/projects/adrv9364z7020/ccbob_lvds/adrv9364z7020_ccbob_lvds.gen/sources_1/bd/system/ip/system_sys_ps7_0/system_sys_ps7_0/system_sys_ps7_0_in_context.xdc, line 43).
Applied set_property IO_BUFFER_TYPE = NONE for ddr_cs_n. (constraint file  /home/luukieboy/Documents/thesis/hdl/projects/adrv9364z7020/ccbob_lvds/adrv9364z7020_ccbob_lvds.gen/sources_1/bd/system/ip/system_sys_ps7_0/system_sys_ps7_0/system_sys_ps7_0_in_context.xdc, line 44).
Applied set_property CLOCK_BUFFER_TYPE = NONE for ddr_cs_n. (constraint file  /home/luukieboy/Documents/thesis/hdl/projects/adrv9364z7020/ccbob_lvds/adrv9364z7020_ccbob_lvds.gen/sources_1/bd/system/ip/system_sys_ps7_0/system_sys_ps7_0/system_sys_ps7_0_in_context.xdc, line 45).
Applied set_property IO_BUFFER_TYPE = NONE for ddr_ck_p. (constraint file  /home/luukieboy/Documents/thesis/hdl/projects/adrv9364z7020/ccbob_lvds/adrv9364z7020_ccbob_lvds.gen/sources_1/bd/system/ip/system_sys_ps7_0/system_sys_ps7_0/system_sys_ps7_0_in_context.xdc, line 46).
Applied set_property CLOCK_BUFFER_TYPE = NONE for ddr_ck_p. (constraint file  /home/luukieboy/Documents/thesis/hdl/projects/adrv9364z7020/ccbob_lvds/adrv9364z7020_ccbob_lvds.gen/sources_1/bd/system/ip/system_sys_ps7_0/system_sys_ps7_0/system_sys_ps7_0_in_context.xdc, line 47).
Applied set_property IO_BUFFER_TYPE = NONE for ddr_ck_n. (constraint file  /home/luukieboy/Documents/thesis/hdl/projects/adrv9364z7020/ccbob_lvds/adrv9364z7020_ccbob_lvds.gen/sources_1/bd/system/ip/system_sys_ps7_0/system_sys_ps7_0/system_sys_ps7_0_in_context.xdc, line 48).
Applied set_property CLOCK_BUFFER_TYPE = NONE for ddr_ck_n. (constraint file  /home/luukieboy/Documents/thesis/hdl/projects/adrv9364z7020/ccbob_lvds/adrv9364z7020_ccbob_lvds.gen/sources_1/bd/system/ip/system_sys_ps7_0/system_sys_ps7_0/system_sys_ps7_0_in_context.xdc, line 49).
Applied set_property IO_BUFFER_TYPE = NONE for ddr_dm[0]. (constraint file  /home/luukieboy/Documents/thesis/hdl/projects/adrv9364z7020/ccbob_lvds/adrv9364z7020_ccbob_lvds.gen/sources_1/bd/system/ip/system_sys_ps7_0/system_sys_ps7_0/system_sys_ps7_0_in_context.xdc, line 50).
Applied set_property CLOCK_BUFFER_TYPE = NONE for ddr_dm[0]. (constraint file  /home/luukieboy/Documents/thesis/hdl/projects/adrv9364z7020/ccbob_lvds/adrv9364z7020_ccbob_lvds.gen/sources_1/bd/system/ip/system_sys_ps7_0/system_sys_ps7_0/system_sys_ps7_0_in_context.xdc, line 51).
Applied set_property IO_BUFFER_TYPE = NONE for ddr_dm[1]. (constraint file  /home/luukieboy/Documents/thesis/hdl/projects/adrv9364z7020/ccbob_lvds/adrv9364z7020_ccbob_lvds.gen/sources_1/bd/system/ip/system_sys_ps7_0/system_sys_ps7_0/system_sys_ps7_0_in_context.xdc, line 52).
Applied set_property CLOCK_BUFFER_TYPE = NONE for ddr_dm[1]. (constraint file  /home/luukieboy/Documents/thesis/hdl/projects/adrv9364z7020/ccbob_lvds/adrv9364z7020_ccbob_lvds.gen/sources_1/bd/system/ip/system_sys_ps7_0/system_sys_ps7_0/system_sys_ps7_0_in_context.xdc, line 53).
Applied set_property IO_BUFFER_TYPE = NONE for ddr_dm[2]. (constraint file  /home/luukieboy/Documents/thesis/hdl/projects/adrv9364z7020/ccbob_lvds/adrv9364z7020_ccbob_lvds.gen/sources_1/bd/system/ip/system_sys_ps7_0/system_sys_ps7_0/system_sys_ps7_0_in_context.xdc, line 54).
Applied set_property CLOCK_BUFFER_TYPE = NONE for ddr_dm[2]. (constraint file  /home/luukieboy/Documents/thesis/hdl/projects/adrv9364z7020/ccbob_lvds/adrv9364z7020_ccbob_lvds.gen/sources_1/bd/system/ip/system_sys_ps7_0/system_sys_ps7_0/system_sys_ps7_0_in_context.xdc, line 55).
Applied set_property IO_BUFFER_TYPE = NONE for ddr_dm[3]. (constraint file  /home/luukieboy/Documents/thesis/hdl/projects/adrv9364z7020/ccbob_lvds/adrv9364z7020_ccbob_lvds.gen/sources_1/bd/system/ip/system_sys_ps7_0/system_sys_ps7_0/system_sys_ps7_0_in_context.xdc, line 56).
Applied set_property CLOCK_BUFFER_TYPE = NONE for ddr_dm[3]. (constraint file  /home/luukieboy/Documents/thesis/hdl/projects/adrv9364z7020/ccbob_lvds/adrv9364z7020_ccbob_lvds.gen/sources_1/bd/system/ip/system_sys_ps7_0/system_sys_ps7_0/system_sys_ps7_0_in_context.xdc, line 57).
Applied set_property IO_BUFFER_TYPE = NONE for ddr_dqs_p[0]. (constraint file  /home/luukieboy/Documents/thesis/hdl/projects/adrv9364z7020/ccbob_lvds/adrv9364z7020_ccbob_lvds.gen/sources_1/bd/system/ip/system_sys_ps7_0/system_sys_ps7_0/system_sys_ps7_0_in_context.xdc, line 58).
Applied set_property CLOCK_BUFFER_TYPE = NONE for ddr_dqs_p[0]. (constraint file  /home/luukieboy/Documents/thesis/hdl/projects/adrv9364z7020/ccbob_lvds/adrv9364z7020_ccbob_lvds.gen/sources_1/bd/system/ip/system_sys_ps7_0/system_sys_ps7_0/system_sys_ps7_0_in_context.xdc, line 59).
Applied set_property IO_BUFFER_TYPE = NONE for ddr_dqs_p[1]. (constraint file  /home/luukieboy/Documents/thesis/hdl/projects/adrv9364z7020/ccbob_lvds/adrv9364z7020_ccbob_lvds.gen/sources_1/bd/system/ip/system_sys_ps7_0/system_sys_ps7_0/system_sys_ps7_0_in_context.xdc, line 60).
Applied set_property CLOCK_BUFFER_TYPE = NONE for ddr_dqs_p[1]. (constraint file  /home/luukieboy/Documents/thesis/hdl/projects/adrv9364z7020/ccbob_lvds/adrv9364z7020_ccbob_lvds.gen/sources_1/bd/system/ip/system_sys_ps7_0/system_sys_ps7_0/system_sys_ps7_0_in_context.xdc, line 61).
Applied set_property IO_BUFFER_TYPE = NONE for ddr_dqs_p[2]. (constraint file  /home/luukieboy/Documents/thesis/hdl/projects/adrv9364z7020/ccbob_lvds/adrv9364z7020_ccbob_lvds.gen/sources_1/bd/system/ip/system_sys_ps7_0/system_sys_ps7_0/system_sys_ps7_0_in_context.xdc, line 62).
Applied set_property CLOCK_BUFFER_TYPE = NONE for ddr_dqs_p[2]. (constraint file  /home/luukieboy/Documents/thesis/hdl/projects/adrv9364z7020/ccbob_lvds/adrv9364z7020_ccbob_lvds.gen/sources_1/bd/system/ip/system_sys_ps7_0/system_sys_ps7_0/system_sys_ps7_0_in_context.xdc, line 63).
Applied set_property IO_BUFFER_TYPE = NONE for ddr_dqs_p[3]. (constraint file  /home/luukieboy/Documents/thesis/hdl/projects/adrv9364z7020/ccbob_lvds/adrv9364z7020_ccbob_lvds.gen/sources_1/bd/system/ip/system_sys_ps7_0/system_sys_ps7_0/system_sys_ps7_0_in_context.xdc, line 64).
Applied set_property CLOCK_BUFFER_TYPE = NONE for ddr_dqs_p[3]. (constraint file  /home/luukieboy/Documents/thesis/hdl/projects/adrv9364z7020/ccbob_lvds/adrv9364z7020_ccbob_lvds.gen/sources_1/bd/system/ip/system_sys_ps7_0/system_sys_ps7_0/system_sys_ps7_0_in_context.xdc, line 65).
Applied set_property IO_BUFFER_TYPE = NONE for ddr_dqs_n[0]. (constraint file  /home/luukieboy/Documents/thesis/hdl/projects/adrv9364z7020/ccbob_lvds/adrv9364z7020_ccbob_lvds.gen/sources_1/bd/system/ip/system_sys_ps7_0/system_sys_ps7_0/system_sys_ps7_0_in_context.xdc, line 66).
Applied set_property CLOCK_BUFFER_TYPE = NONE for ddr_dqs_n[0]. (constraint file  /home/luukieboy/Documents/thesis/hdl/projects/adrv9364z7020/ccbob_lvds/adrv9364z7020_ccbob_lvds.gen/sources_1/bd/system/ip/system_sys_ps7_0/system_sys_ps7_0/system_sys_ps7_0_in_context.xdc, line 67).
Applied set_property IO_BUFFER_TYPE = NONE for ddr_dqs_n[1]. (constraint file  /home/luukieboy/Documents/thesis/hdl/projects/adrv9364z7020/ccbob_lvds/adrv9364z7020_ccbob_lvds.gen/sources_1/bd/system/ip/system_sys_ps7_0/system_sys_ps7_0/system_sys_ps7_0_in_context.xdc, line 68).
Applied set_property CLOCK_BUFFER_TYPE = NONE for ddr_dqs_n[1]. (constraint file  /home/luukieboy/Documents/thesis/hdl/projects/adrv9364z7020/ccbob_lvds/adrv9364z7020_ccbob_lvds.gen/sources_1/bd/system/ip/system_sys_ps7_0/system_sys_ps7_0/system_sys_ps7_0_in_context.xdc, line 69).
Applied set_property IO_BUFFER_TYPE = NONE for ddr_dqs_n[2]. (constraint file  /home/luukieboy/Documents/thesis/hdl/projects/adrv9364z7020/ccbob_lvds/adrv9364z7020_ccbob_lvds.gen/sources_1/bd/system/ip/system_sys_ps7_0/system_sys_ps7_0/system_sys_ps7_0_in_context.xdc, line 70).
Applied set_property CLOCK_BUFFER_TYPE = NONE for ddr_dqs_n[2]. (constraint file  /home/luukieboy/Documents/thesis/hdl/projects/adrv9364z7020/ccbob_lvds/adrv9364z7020_ccbob_lvds.gen/sources_1/bd/system/ip/system_sys_ps7_0/system_sys_ps7_0/system_sys_ps7_0_in_context.xdc, line 71).
Applied set_property IO_BUFFER_TYPE = NONE for ddr_dqs_n[3]. (constraint file  /home/luukieboy/Documents/thesis/hdl/projects/adrv9364z7020/ccbob_lvds/adrv9364z7020_ccbob_lvds.gen/sources_1/bd/system/ip/system_sys_ps7_0/system_sys_ps7_0/system_sys_ps7_0_in_context.xdc, line 72).
Applied set_property CLOCK_BUFFER_TYPE = NONE for ddr_dqs_n[3]. (constraint file  /home/luukieboy/Documents/thesis/hdl/projects/adrv9364z7020/ccbob_lvds/adrv9364z7020_ccbob_lvds.gen/sources_1/bd/system/ip/system_sys_ps7_0/system_sys_ps7_0/system_sys_ps7_0_in_context.xdc, line 73).
Applied set_property IO_BUFFER_TYPE = NONE for ddr_dq[0]. (constraint file  /home/luukieboy/Documents/thesis/hdl/projects/adrv9364z7020/ccbob_lvds/adrv9364z7020_ccbob_lvds.gen/sources_1/bd/system/ip/system_sys_ps7_0/system_sys_ps7_0/system_sys_ps7_0_in_context.xdc, line 74).
Applied set_property CLOCK_BUFFER_TYPE = NONE for ddr_dq[0]. (constraint file  /home/luukieboy/Documents/thesis/hdl/projects/adrv9364z7020/ccbob_lvds/adrv9364z7020_ccbob_lvds.gen/sources_1/bd/system/ip/system_sys_ps7_0/system_sys_ps7_0/system_sys_ps7_0_in_context.xdc, line 75).
Applied set_property IO_BUFFER_TYPE = NONE for ddr_dq[10]. (constraint file  /home/luukieboy/Documents/thesis/hdl/projects/adrv9364z7020/ccbob_lvds/adrv9364z7020_ccbob_lvds.gen/sources_1/bd/system/ip/system_sys_ps7_0/system_sys_ps7_0/system_sys_ps7_0_in_context.xdc, line 76).
Applied set_property CLOCK_BUFFER_TYPE = NONE for ddr_dq[10]. (constraint file  /home/luukieboy/Documents/thesis/hdl/projects/adrv9364z7020/ccbob_lvds/adrv9364z7020_ccbob_lvds.gen/sources_1/bd/system/ip/system_sys_ps7_0/system_sys_ps7_0/system_sys_ps7_0_in_context.xdc, line 77).
Applied set_property IO_BUFFER_TYPE = NONE for ddr_dq[11]. (constraint file  /home/luukieboy/Documents/thesis/hdl/projects/adrv9364z7020/ccbob_lvds/adrv9364z7020_ccbob_lvds.gen/sources_1/bd/system/ip/system_sys_ps7_0/system_sys_ps7_0/system_sys_ps7_0_in_context.xdc, line 78).
Applied set_property CLOCK_BUFFER_TYPE = NONE for ddr_dq[11]. (constraint file  /home/luukieboy/Documents/thesis/hdl/projects/adrv9364z7020/ccbob_lvds/adrv9364z7020_ccbob_lvds.gen/sources_1/bd/system/ip/system_sys_ps7_0/system_sys_ps7_0/system_sys_ps7_0_in_context.xdc, line 79).
Applied set_property IO_BUFFER_TYPE = NONE for ddr_dq[12]. (constraint file  /home/luukieboy/Documents/thesis/hdl/projects/adrv9364z7020/ccbob_lvds/adrv9364z7020_ccbob_lvds.gen/sources_1/bd/system/ip/system_sys_ps7_0/system_sys_ps7_0/system_sys_ps7_0_in_context.xdc, line 80).
Applied set_property CLOCK_BUFFER_TYPE = NONE for ddr_dq[12]. (constraint file  /home/luukieboy/Documents/thesis/hdl/projects/adrv9364z7020/ccbob_lvds/adrv9364z7020_ccbob_lvds.gen/sources_1/bd/system/ip/system_sys_ps7_0/system_sys_ps7_0/system_sys_ps7_0_in_context.xdc, line 81).
Applied set_property IO_BUFFER_TYPE = NONE for ddr_dq[13]. (constraint file  /home/luukieboy/Documents/thesis/hdl/projects/adrv9364z7020/ccbob_lvds/adrv9364z7020_ccbob_lvds.gen/sources_1/bd/system/ip/system_sys_ps7_0/system_sys_ps7_0/system_sys_ps7_0_in_context.xdc, line 82).
Applied set_property CLOCK_BUFFER_TYPE = NONE for ddr_dq[13]. (constraint file  /home/luukieboy/Documents/thesis/hdl/projects/adrv9364z7020/ccbob_lvds/adrv9364z7020_ccbob_lvds.gen/sources_1/bd/system/ip/system_sys_ps7_0/system_sys_ps7_0/system_sys_ps7_0_in_context.xdc, line 83).
Applied set_property IO_BUFFER_TYPE = NONE for ddr_dq[14]. (constraint file  /home/luukieboy/Documents/thesis/hdl/projects/adrv9364z7020/ccbob_lvds/adrv9364z7020_ccbob_lvds.gen/sources_1/bd/system/ip/system_sys_ps7_0/system_sys_ps7_0/system_sys_ps7_0_in_context.xdc, line 84).
Applied set_property CLOCK_BUFFER_TYPE = NONE for ddr_dq[14]. (constraint file  /home/luukieboy/Documents/thesis/hdl/projects/adrv9364z7020/ccbob_lvds/adrv9364z7020_ccbob_lvds.gen/sources_1/bd/system/ip/system_sys_ps7_0/system_sys_ps7_0/system_sys_ps7_0_in_context.xdc, line 85).
Applied set_property IO_BUFFER_TYPE = NONE for ddr_dq[15]. (constraint file  /home/luukieboy/Documents/thesis/hdl/projects/adrv9364z7020/ccbob_lvds/adrv9364z7020_ccbob_lvds.gen/sources_1/bd/system/ip/system_sys_ps7_0/system_sys_ps7_0/system_sys_ps7_0_in_context.xdc, line 86).
Applied set_property CLOCK_BUFFER_TYPE = NONE for ddr_dq[15]. (constraint file  /home/luukieboy/Documents/thesis/hdl/projects/adrv9364z7020/ccbob_lvds/adrv9364z7020_ccbob_lvds.gen/sources_1/bd/system/ip/system_sys_ps7_0/system_sys_ps7_0/system_sys_ps7_0_in_context.xdc, line 87).
Applied set_property IO_BUFFER_TYPE = NONE for ddr_dq[16]. (constraint file  /home/luukieboy/Documents/thesis/hdl/projects/adrv9364z7020/ccbob_lvds/adrv9364z7020_ccbob_lvds.gen/sources_1/bd/system/ip/system_sys_ps7_0/system_sys_ps7_0/system_sys_ps7_0_in_context.xdc, line 88).
Applied set_property CLOCK_BUFFER_TYPE = NONE for ddr_dq[16]. (constraint file  /home/luukieboy/Documents/thesis/hdl/projects/adrv9364z7020/ccbob_lvds/adrv9364z7020_ccbob_lvds.gen/sources_1/bd/system/ip/system_sys_ps7_0/system_sys_ps7_0/system_sys_ps7_0_in_context.xdc, line 89).
Applied set_property IO_BUFFER_TYPE = NONE for ddr_dq[17]. (constraint file  /home/luukieboy/Documents/thesis/hdl/projects/adrv9364z7020/ccbob_lvds/adrv9364z7020_ccbob_lvds.gen/sources_1/bd/system/ip/system_sys_ps7_0/system_sys_ps7_0/system_sys_ps7_0_in_context.xdc, line 90).
Applied set_property CLOCK_BUFFER_TYPE = NONE for ddr_dq[17]. (constraint file  /home/luukieboy/Documents/thesis/hdl/projects/adrv9364z7020/ccbob_lvds/adrv9364z7020_ccbob_lvds.gen/sources_1/bd/system/ip/system_sys_ps7_0/system_sys_ps7_0/system_sys_ps7_0_in_context.xdc, line 91).
Applied set_property IO_BUFFER_TYPE = NONE for ddr_dq[18]. (constraint file  /home/luukieboy/Documents/thesis/hdl/projects/adrv9364z7020/ccbob_lvds/adrv9364z7020_ccbob_lvds.gen/sources_1/bd/system/ip/system_sys_ps7_0/system_sys_ps7_0/system_sys_ps7_0_in_context.xdc, line 92).
Applied set_property CLOCK_BUFFER_TYPE = NONE for ddr_dq[18]. (constraint file  /home/luukieboy/Documents/thesis/hdl/projects/adrv9364z7020/ccbob_lvds/adrv9364z7020_ccbob_lvds.gen/sources_1/bd/system/ip/system_sys_ps7_0/system_sys_ps7_0/system_sys_ps7_0_in_context.xdc, line 93).
Applied set_property IO_BUFFER_TYPE = NONE for ddr_dq[19]. (constraint file  /home/luukieboy/Documents/thesis/hdl/projects/adrv9364z7020/ccbob_lvds/adrv9364z7020_ccbob_lvds.gen/sources_1/bd/system/ip/system_sys_ps7_0/system_sys_ps7_0/system_sys_ps7_0_in_context.xdc, line 94).
Applied set_property CLOCK_BUFFER_TYPE = NONE for ddr_dq[19]. (constraint file  /home/luukieboy/Documents/thesis/hdl/projects/adrv9364z7020/ccbob_lvds/adrv9364z7020_ccbob_lvds.gen/sources_1/bd/system/ip/system_sys_ps7_0/system_sys_ps7_0/system_sys_ps7_0_in_context.xdc, line 95).
Applied set_property IO_BUFFER_TYPE = NONE for ddr_dq[1]. (constraint file  /home/luukieboy/Documents/thesis/hdl/projects/adrv9364z7020/ccbob_lvds/adrv9364z7020_ccbob_lvds.gen/sources_1/bd/system/ip/system_sys_ps7_0/system_sys_ps7_0/system_sys_ps7_0_in_context.xdc, line 96).
Applied set_property CLOCK_BUFFER_TYPE = NONE for ddr_dq[1]. (constraint file  /home/luukieboy/Documents/thesis/hdl/projects/adrv9364z7020/ccbob_lvds/adrv9364z7020_ccbob_lvds.gen/sources_1/bd/system/ip/system_sys_ps7_0/system_sys_ps7_0/system_sys_ps7_0_in_context.xdc, line 97).
Applied set_property IO_BUFFER_TYPE = NONE for ddr_dq[20]. (constraint file  /home/luukieboy/Documents/thesis/hdl/projects/adrv9364z7020/ccbob_lvds/adrv9364z7020_ccbob_lvds.gen/sources_1/bd/system/ip/system_sys_ps7_0/system_sys_ps7_0/system_sys_ps7_0_in_context.xdc, line 98).
Applied set_property CLOCK_BUFFER_TYPE = NONE for ddr_dq[20]. (constraint file  /home/luukieboy/Documents/thesis/hdl/projects/adrv9364z7020/ccbob_lvds/adrv9364z7020_ccbob_lvds.gen/sources_1/bd/system/ip/system_sys_ps7_0/system_sys_ps7_0/system_sys_ps7_0_in_context.xdc, line 99).
Applied set_property IO_BUFFER_TYPE = NONE for ddr_dq[21]. (constraint file  /home/luukieboy/Documents/thesis/hdl/projects/adrv9364z7020/ccbob_lvds/adrv9364z7020_ccbob_lvds.gen/sources_1/bd/system/ip/system_sys_ps7_0/system_sys_ps7_0/system_sys_ps7_0_in_context.xdc, line 100).
Applied set_property CLOCK_BUFFER_TYPE = NONE for ddr_dq[21]. (constraint file  /home/luukieboy/Documents/thesis/hdl/projects/adrv9364z7020/ccbob_lvds/adrv9364z7020_ccbob_lvds.gen/sources_1/bd/system/ip/system_sys_ps7_0/system_sys_ps7_0/system_sys_ps7_0_in_context.xdc, line 101).
Applied set_property IO_BUFFER_TYPE = NONE for ddr_dq[22]. (constraint file  /home/luukieboy/Documents/thesis/hdl/projects/adrv9364z7020/ccbob_lvds/adrv9364z7020_ccbob_lvds.gen/sources_1/bd/system/ip/system_sys_ps7_0/system_sys_ps7_0/system_sys_ps7_0_in_context.xdc, line 102).
Applied set_property CLOCK_BUFFER_TYPE = NONE for ddr_dq[22]. (constraint file  /home/luukieboy/Documents/thesis/hdl/projects/adrv9364z7020/ccbob_lvds/adrv9364z7020_ccbob_lvds.gen/sources_1/bd/system/ip/system_sys_ps7_0/system_sys_ps7_0/system_sys_ps7_0_in_context.xdc, line 103).
Applied set_property IO_BUFFER_TYPE = NONE for ddr_dq[23]. (constraint file  /home/luukieboy/Documents/thesis/hdl/projects/adrv9364z7020/ccbob_lvds/adrv9364z7020_ccbob_lvds.gen/sources_1/bd/system/ip/system_sys_ps7_0/system_sys_ps7_0/system_sys_ps7_0_in_context.xdc, line 104).
Applied set_property CLOCK_BUFFER_TYPE = NONE for ddr_dq[23]. (constraint file  /home/luukieboy/Documents/thesis/hdl/projects/adrv9364z7020/ccbob_lvds/adrv9364z7020_ccbob_lvds.gen/sources_1/bd/system/ip/system_sys_ps7_0/system_sys_ps7_0/system_sys_ps7_0_in_context.xdc, line 105).
Applied set_property IO_BUFFER_TYPE = NONE for ddr_dq[24]. (constraint file  /home/luukieboy/Documents/thesis/hdl/projects/adrv9364z7020/ccbob_lvds/adrv9364z7020_ccbob_lvds.gen/sources_1/bd/system/ip/system_sys_ps7_0/system_sys_ps7_0/system_sys_ps7_0_in_context.xdc, line 106).
Applied set_property CLOCK_BUFFER_TYPE = NONE for ddr_dq[24]. (constraint file  /home/luukieboy/Documents/thesis/hdl/projects/adrv9364z7020/ccbob_lvds/adrv9364z7020_ccbob_lvds.gen/sources_1/bd/system/ip/system_sys_ps7_0/system_sys_ps7_0/system_sys_ps7_0_in_context.xdc, line 107).
Applied set_property IO_BUFFER_TYPE = NONE for ddr_dq[25]. (constraint file  /home/luukieboy/Documents/thesis/hdl/projects/adrv9364z7020/ccbob_lvds/adrv9364z7020_ccbob_lvds.gen/sources_1/bd/system/ip/system_sys_ps7_0/system_sys_ps7_0/system_sys_ps7_0_in_context.xdc, line 108).
Applied set_property CLOCK_BUFFER_TYPE = NONE for ddr_dq[25]. (constraint file  /home/luukieboy/Documents/thesis/hdl/projects/adrv9364z7020/ccbob_lvds/adrv9364z7020_ccbob_lvds.gen/sources_1/bd/system/ip/system_sys_ps7_0/system_sys_ps7_0/system_sys_ps7_0_in_context.xdc, line 109).
Applied set_property IO_BUFFER_TYPE = NONE for ddr_dq[26]. (constraint file  /home/luukieboy/Documents/thesis/hdl/projects/adrv9364z7020/ccbob_lvds/adrv9364z7020_ccbob_lvds.gen/sources_1/bd/system/ip/system_sys_ps7_0/system_sys_ps7_0/system_sys_ps7_0_in_context.xdc, line 110).
Applied set_property CLOCK_BUFFER_TYPE = NONE for ddr_dq[26]. (constraint file  /home/luukieboy/Documents/thesis/hdl/projects/adrv9364z7020/ccbob_lvds/adrv9364z7020_ccbob_lvds.gen/sources_1/bd/system/ip/system_sys_ps7_0/system_sys_ps7_0/system_sys_ps7_0_in_context.xdc, line 111).
Applied set_property IO_BUFFER_TYPE = NONE for ddr_dq[27]. (constraint file  /home/luukieboy/Documents/thesis/hdl/projects/adrv9364z7020/ccbob_lvds/adrv9364z7020_ccbob_lvds.gen/sources_1/bd/system/ip/system_sys_ps7_0/system_sys_ps7_0/system_sys_ps7_0_in_context.xdc, line 112).
Applied set_property CLOCK_BUFFER_TYPE = NONE for ddr_dq[27]. (constraint file  /home/luukieboy/Documents/thesis/hdl/projects/adrv9364z7020/ccbob_lvds/adrv9364z7020_ccbob_lvds.gen/sources_1/bd/system/ip/system_sys_ps7_0/system_sys_ps7_0/system_sys_ps7_0_in_context.xdc, line 113).
Applied set_property IO_BUFFER_TYPE = NONE for ddr_dq[28]. (constraint file  /home/luukieboy/Documents/thesis/hdl/projects/adrv9364z7020/ccbob_lvds/adrv9364z7020_ccbob_lvds.gen/sources_1/bd/system/ip/system_sys_ps7_0/system_sys_ps7_0/system_sys_ps7_0_in_context.xdc, line 114).
Applied set_property CLOCK_BUFFER_TYPE = NONE for ddr_dq[28]. (constraint file  /home/luukieboy/Documents/thesis/hdl/projects/adrv9364z7020/ccbob_lvds/adrv9364z7020_ccbob_lvds.gen/sources_1/bd/system/ip/system_sys_ps7_0/system_sys_ps7_0/system_sys_ps7_0_in_context.xdc, line 115).
Applied set_property IO_BUFFER_TYPE = NONE for ddr_dq[29]. (constraint file  /home/luukieboy/Documents/thesis/hdl/projects/adrv9364z7020/ccbob_lvds/adrv9364z7020_ccbob_lvds.gen/sources_1/bd/system/ip/system_sys_ps7_0/system_sys_ps7_0/system_sys_ps7_0_in_context.xdc, line 116).
Applied set_property CLOCK_BUFFER_TYPE = NONE for ddr_dq[29]. (constraint file  /home/luukieboy/Documents/thesis/hdl/projects/adrv9364z7020/ccbob_lvds/adrv9364z7020_ccbob_lvds.gen/sources_1/bd/system/ip/system_sys_ps7_0/system_sys_ps7_0/system_sys_ps7_0_in_context.xdc, line 117).
Applied set_property IO_BUFFER_TYPE = NONE for ddr_dq[2]. (constraint file  /home/luukieboy/Documents/thesis/hdl/projects/adrv9364z7020/ccbob_lvds/adrv9364z7020_ccbob_lvds.gen/sources_1/bd/system/ip/system_sys_ps7_0/system_sys_ps7_0/system_sys_ps7_0_in_context.xdc, line 118).
Applied set_property CLOCK_BUFFER_TYPE = NONE for ddr_dq[2]. (constraint file  /home/luukieboy/Documents/thesis/hdl/projects/adrv9364z7020/ccbob_lvds/adrv9364z7020_ccbob_lvds.gen/sources_1/bd/system/ip/system_sys_ps7_0/system_sys_ps7_0/system_sys_ps7_0_in_context.xdc, line 119).
Applied set_property IO_BUFFER_TYPE = NONE for ddr_dq[30]. (constraint file  /home/luukieboy/Documents/thesis/hdl/projects/adrv9364z7020/ccbob_lvds/adrv9364z7020_ccbob_lvds.gen/sources_1/bd/system/ip/system_sys_ps7_0/system_sys_ps7_0/system_sys_ps7_0_in_context.xdc, line 120).
Applied set_property CLOCK_BUFFER_TYPE = NONE for ddr_dq[30]. (constraint file  /home/luukieboy/Documents/thesis/hdl/projects/adrv9364z7020/ccbob_lvds/adrv9364z7020_ccbob_lvds.gen/sources_1/bd/system/ip/system_sys_ps7_0/system_sys_ps7_0/system_sys_ps7_0_in_context.xdc, line 121).
Applied set_property IO_BUFFER_TYPE = NONE for ddr_dq[31]. (constraint file  /home/luukieboy/Documents/thesis/hdl/projects/adrv9364z7020/ccbob_lvds/adrv9364z7020_ccbob_lvds.gen/sources_1/bd/system/ip/system_sys_ps7_0/system_sys_ps7_0/system_sys_ps7_0_in_context.xdc, line 122).
Applied set_property CLOCK_BUFFER_TYPE = NONE for ddr_dq[31]. (constraint file  /home/luukieboy/Documents/thesis/hdl/projects/adrv9364z7020/ccbob_lvds/adrv9364z7020_ccbob_lvds.gen/sources_1/bd/system/ip/system_sys_ps7_0/system_sys_ps7_0/system_sys_ps7_0_in_context.xdc, line 123).
Applied set_property IO_BUFFER_TYPE = NONE for ddr_dq[3]. (constraint file  /home/luukieboy/Documents/thesis/hdl/projects/adrv9364z7020/ccbob_lvds/adrv9364z7020_ccbob_lvds.gen/sources_1/bd/system/ip/system_sys_ps7_0/system_sys_ps7_0/system_sys_ps7_0_in_context.xdc, line 124).
Applied set_property CLOCK_BUFFER_TYPE = NONE for ddr_dq[3]. (constraint file  /home/luukieboy/Documents/thesis/hdl/projects/adrv9364z7020/ccbob_lvds/adrv9364z7020_ccbob_lvds.gen/sources_1/bd/system/ip/system_sys_ps7_0/system_sys_ps7_0/system_sys_ps7_0_in_context.xdc, line 125).
Applied set_property IO_BUFFER_TYPE = NONE for ddr_dq[4]. (constraint file  /home/luukieboy/Documents/thesis/hdl/projects/adrv9364z7020/ccbob_lvds/adrv9364z7020_ccbob_lvds.gen/sources_1/bd/system/ip/system_sys_ps7_0/system_sys_ps7_0/system_sys_ps7_0_in_context.xdc, line 126).
Applied set_property CLOCK_BUFFER_TYPE = NONE for ddr_dq[4]. (constraint file  /home/luukieboy/Documents/thesis/hdl/projects/adrv9364z7020/ccbob_lvds/adrv9364z7020_ccbob_lvds.gen/sources_1/bd/system/ip/system_sys_ps7_0/system_sys_ps7_0/system_sys_ps7_0_in_context.xdc, line 127).
Applied set_property IO_BUFFER_TYPE = NONE for ddr_dq[5]. (constraint file  /home/luukieboy/Documents/thesis/hdl/projects/adrv9364z7020/ccbob_lvds/adrv9364z7020_ccbob_lvds.gen/sources_1/bd/system/ip/system_sys_ps7_0/system_sys_ps7_0/system_sys_ps7_0_in_context.xdc, line 128).
Applied set_property CLOCK_BUFFER_TYPE = NONE for ddr_dq[5]. (constraint file  /home/luukieboy/Documents/thesis/hdl/projects/adrv9364z7020/ccbob_lvds/adrv9364z7020_ccbob_lvds.gen/sources_1/bd/system/ip/system_sys_ps7_0/system_sys_ps7_0/system_sys_ps7_0_in_context.xdc, line 129).
Applied set_property IO_BUFFER_TYPE = NONE for ddr_dq[6]. (constraint file  /home/luukieboy/Documents/thesis/hdl/projects/adrv9364z7020/ccbob_lvds/adrv9364z7020_ccbob_lvds.gen/sources_1/bd/system/ip/system_sys_ps7_0/system_sys_ps7_0/system_sys_ps7_0_in_context.xdc, line 130).
Applied set_property CLOCK_BUFFER_TYPE = NONE for ddr_dq[6]. (constraint file  /home/luukieboy/Documents/thesis/hdl/projects/adrv9364z7020/ccbob_lvds/adrv9364z7020_ccbob_lvds.gen/sources_1/bd/system/ip/system_sys_ps7_0/system_sys_ps7_0/system_sys_ps7_0_in_context.xdc, line 131).
Applied set_property IO_BUFFER_TYPE = NONE for ddr_dq[7]. (constraint file  /home/luukieboy/Documents/thesis/hdl/projects/adrv9364z7020/ccbob_lvds/adrv9364z7020_ccbob_lvds.gen/sources_1/bd/system/ip/system_sys_ps7_0/system_sys_ps7_0/system_sys_ps7_0_in_context.xdc, line 132).
Applied set_property CLOCK_BUFFER_TYPE = NONE for ddr_dq[7]. (constraint file  /home/luukieboy/Documents/thesis/hdl/projects/adrv9364z7020/ccbob_lvds/adrv9364z7020_ccbob_lvds.gen/sources_1/bd/system/ip/system_sys_ps7_0/system_sys_ps7_0/system_sys_ps7_0_in_context.xdc, line 133).
Applied set_property IO_BUFFER_TYPE = NONE for ddr_dq[8]. (constraint file  /home/luukieboy/Documents/thesis/hdl/projects/adrv9364z7020/ccbob_lvds/adrv9364z7020_ccbob_lvds.gen/sources_1/bd/system/ip/system_sys_ps7_0/system_sys_ps7_0/system_sys_ps7_0_in_context.xdc, line 134).
Applied set_property CLOCK_BUFFER_TYPE = NONE for ddr_dq[8]. (constraint file  /home/luukieboy/Documents/thesis/hdl/projects/adrv9364z7020/ccbob_lvds/adrv9364z7020_ccbob_lvds.gen/sources_1/bd/system/ip/system_sys_ps7_0/system_sys_ps7_0/system_sys_ps7_0_in_context.xdc, line 135).
Applied set_property IO_BUFFER_TYPE = NONE for ddr_dq[9]. (constraint file  /home/luukieboy/Documents/thesis/hdl/projects/adrv9364z7020/ccbob_lvds/adrv9364z7020_ccbob_lvds.gen/sources_1/bd/system/ip/system_sys_ps7_0/system_sys_ps7_0/system_sys_ps7_0_in_context.xdc, line 136).
Applied set_property CLOCK_BUFFER_TYPE = NONE for ddr_dq[9]. (constraint file  /home/luukieboy/Documents/thesis/hdl/projects/adrv9364z7020/ccbob_lvds/adrv9364z7020_ccbob_lvds.gen/sources_1/bd/system/ip/system_sys_ps7_0/system_sys_ps7_0/system_sys_ps7_0_in_context.xdc, line 137).
Applied set_property IO_BUFFER_TYPE = NONE for ddr_reset_n. (constraint file  /home/luukieboy/Documents/thesis/hdl/projects/adrv9364z7020/ccbob_lvds/adrv9364z7020_ccbob_lvds.gen/sources_1/bd/system/ip/system_sys_ps7_0/system_sys_ps7_0/system_sys_ps7_0_in_context.xdc, line 138).
Applied set_property CLOCK_BUFFER_TYPE = NONE for ddr_reset_n. (constraint file  /home/luukieboy/Documents/thesis/hdl/projects/adrv9364z7020/ccbob_lvds/adrv9364z7020_ccbob_lvds.gen/sources_1/bd/system/ip/system_sys_ps7_0/system_sys_ps7_0/system_sys_ps7_0_in_context.xdc, line 139).
Applied set_property IO_BUFFER_TYPE = NONE for ddr_odt. (constraint file  /home/luukieboy/Documents/thesis/hdl/projects/adrv9364z7020/ccbob_lvds/adrv9364z7020_ccbob_lvds.gen/sources_1/bd/system/ip/system_sys_ps7_0/system_sys_ps7_0/system_sys_ps7_0_in_context.xdc, line 140).
Applied set_property CLOCK_BUFFER_TYPE = NONE for ddr_odt. (constraint file  /home/luukieboy/Documents/thesis/hdl/projects/adrv9364z7020/ccbob_lvds/adrv9364z7020_ccbob_lvds.gen/sources_1/bd/system/ip/system_sys_ps7_0/system_sys_ps7_0/system_sys_ps7_0_in_context.xdc, line 141).
Applied set_property IO_BUFFER_TYPE = NONE for ddr_ras_n. (constraint file  /home/luukieboy/Documents/thesis/hdl/projects/adrv9364z7020/ccbob_lvds/adrv9364z7020_ccbob_lvds.gen/sources_1/bd/system/ip/system_sys_ps7_0/system_sys_ps7_0/system_sys_ps7_0_in_context.xdc, line 142).
Applied set_property CLOCK_BUFFER_TYPE = NONE for ddr_ras_n. (constraint file  /home/luukieboy/Documents/thesis/hdl/projects/adrv9364z7020/ccbob_lvds/adrv9364z7020_ccbob_lvds.gen/sources_1/bd/system/ip/system_sys_ps7_0/system_sys_ps7_0/system_sys_ps7_0_in_context.xdc, line 143).
Applied set_property IO_BUFFER_TYPE = NONE for fixed_io_ddr_vrn. (constraint file  /home/luukieboy/Documents/thesis/hdl/projects/adrv9364z7020/ccbob_lvds/adrv9364z7020_ccbob_lvds.gen/sources_1/bd/system/ip/system_sys_ps7_0/system_sys_ps7_0/system_sys_ps7_0_in_context.xdc, line 144).
Applied set_property CLOCK_BUFFER_TYPE = NONE for fixed_io_ddr_vrn. (constraint file  /home/luukieboy/Documents/thesis/hdl/projects/adrv9364z7020/ccbob_lvds/adrv9364z7020_ccbob_lvds.gen/sources_1/bd/system/ip/system_sys_ps7_0/system_sys_ps7_0/system_sys_ps7_0_in_context.xdc, line 145).
Applied set_property IO_BUFFER_TYPE = NONE for fixed_io_ddr_vrp. (constraint file  /home/luukieboy/Documents/thesis/hdl/projects/adrv9364z7020/ccbob_lvds/adrv9364z7020_ccbob_lvds.gen/sources_1/bd/system/ip/system_sys_ps7_0/system_sys_ps7_0/system_sys_ps7_0_in_context.xdc, line 146).
Applied set_property CLOCK_BUFFER_TYPE = NONE for fixed_io_ddr_vrp. (constraint file  /home/luukieboy/Documents/thesis/hdl/projects/adrv9364z7020/ccbob_lvds/adrv9364z7020_ccbob_lvds.gen/sources_1/bd/system/ip/system_sys_ps7_0/system_sys_ps7_0/system_sys_ps7_0_in_context.xdc, line 147).
Applied set_property IO_BUFFER_TYPE = NONE for ddr_we_n. (constraint file  /home/luukieboy/Documents/thesis/hdl/projects/adrv9364z7020/ccbob_lvds/adrv9364z7020_ccbob_lvds.gen/sources_1/bd/system/ip/system_sys_ps7_0/system_sys_ps7_0/system_sys_ps7_0_in_context.xdc, line 148).
Applied set_property CLOCK_BUFFER_TYPE = NONE for ddr_we_n. (constraint file  /home/luukieboy/Documents/thesis/hdl/projects/adrv9364z7020/ccbob_lvds/adrv9364z7020_ccbob_lvds.gen/sources_1/bd/system/ip/system_sys_ps7_0/system_sys_ps7_0/system_sys_ps7_0_in_context.xdc, line 149).
Applied set_property IO_BUFFER_TYPE = NONE for fixed_io_mio[0]. (constraint file  /home/luukieboy/Documents/thesis/hdl/projects/adrv9364z7020/ccbob_lvds/adrv9364z7020_ccbob_lvds.gen/sources_1/bd/system/ip/system_sys_ps7_0/system_sys_ps7_0/system_sys_ps7_0_in_context.xdc, line 150).
Applied set_property CLOCK_BUFFER_TYPE = NONE for fixed_io_mio[0]. (constraint file  /home/luukieboy/Documents/thesis/hdl/projects/adrv9364z7020/ccbob_lvds/adrv9364z7020_ccbob_lvds.gen/sources_1/bd/system/ip/system_sys_ps7_0/system_sys_ps7_0/system_sys_ps7_0_in_context.xdc, line 151).
Applied set_property IO_BUFFER_TYPE = NONE for fixed_io_mio[10]. (constraint file  /home/luukieboy/Documents/thesis/hdl/projects/adrv9364z7020/ccbob_lvds/adrv9364z7020_ccbob_lvds.gen/sources_1/bd/system/ip/system_sys_ps7_0/system_sys_ps7_0/system_sys_ps7_0_in_context.xdc, line 152).
Applied set_property CLOCK_BUFFER_TYPE = NONE for fixed_io_mio[10]. (constraint file  /home/luukieboy/Documents/thesis/hdl/projects/adrv9364z7020/ccbob_lvds/adrv9364z7020_ccbob_lvds.gen/sources_1/bd/system/ip/system_sys_ps7_0/system_sys_ps7_0/system_sys_ps7_0_in_context.xdc, line 153).
Applied set_property IO_BUFFER_TYPE = NONE for fixed_io_mio[11]. (constraint file  /home/luukieboy/Documents/thesis/hdl/projects/adrv9364z7020/ccbob_lvds/adrv9364z7020_ccbob_lvds.gen/sources_1/bd/system/ip/system_sys_ps7_0/system_sys_ps7_0/system_sys_ps7_0_in_context.xdc, line 154).
Applied set_property CLOCK_BUFFER_TYPE = NONE for fixed_io_mio[11]. (constraint file  /home/luukieboy/Documents/thesis/hdl/projects/adrv9364z7020/ccbob_lvds/adrv9364z7020_ccbob_lvds.gen/sources_1/bd/system/ip/system_sys_ps7_0/system_sys_ps7_0/system_sys_ps7_0_in_context.xdc, line 155).
Applied set_property IO_BUFFER_TYPE = NONE for fixed_io_mio[12]. (constraint file  /home/luukieboy/Documents/thesis/hdl/projects/adrv9364z7020/ccbob_lvds/adrv9364z7020_ccbob_lvds.gen/sources_1/bd/system/ip/system_sys_ps7_0/system_sys_ps7_0/system_sys_ps7_0_in_context.xdc, line 156).
Applied set_property CLOCK_BUFFER_TYPE = NONE for fixed_io_mio[12]. (constraint file  /home/luukieboy/Documents/thesis/hdl/projects/adrv9364z7020/ccbob_lvds/adrv9364z7020_ccbob_lvds.gen/sources_1/bd/system/ip/system_sys_ps7_0/system_sys_ps7_0/system_sys_ps7_0_in_context.xdc, line 157).
Applied set_property IO_BUFFER_TYPE = NONE for fixed_io_mio[13]. (constraint file  /home/luukieboy/Documents/thesis/hdl/projects/adrv9364z7020/ccbob_lvds/adrv9364z7020_ccbob_lvds.gen/sources_1/bd/system/ip/system_sys_ps7_0/system_sys_ps7_0/system_sys_ps7_0_in_context.xdc, line 158).
Applied set_property CLOCK_BUFFER_TYPE = NONE for fixed_io_mio[13]. (constraint file  /home/luukieboy/Documents/thesis/hdl/projects/adrv9364z7020/ccbob_lvds/adrv9364z7020_ccbob_lvds.gen/sources_1/bd/system/ip/system_sys_ps7_0/system_sys_ps7_0/system_sys_ps7_0_in_context.xdc, line 159).
Applied set_property IO_BUFFER_TYPE = NONE for fixed_io_mio[14]. (constraint file  /home/luukieboy/Documents/thesis/hdl/projects/adrv9364z7020/ccbob_lvds/adrv9364z7020_ccbob_lvds.gen/sources_1/bd/system/ip/system_sys_ps7_0/system_sys_ps7_0/system_sys_ps7_0_in_context.xdc, line 160).
Applied set_property CLOCK_BUFFER_TYPE = NONE for fixed_io_mio[14]. (constraint file  /home/luukieboy/Documents/thesis/hdl/projects/adrv9364z7020/ccbob_lvds/adrv9364z7020_ccbob_lvds.gen/sources_1/bd/system/ip/system_sys_ps7_0/system_sys_ps7_0/system_sys_ps7_0_in_context.xdc, line 161).
Applied set_property IO_BUFFER_TYPE = NONE for fixed_io_mio[15]. (constraint file  /home/luukieboy/Documents/thesis/hdl/projects/adrv9364z7020/ccbob_lvds/adrv9364z7020_ccbob_lvds.gen/sources_1/bd/system/ip/system_sys_ps7_0/system_sys_ps7_0/system_sys_ps7_0_in_context.xdc, line 162).
Applied set_property CLOCK_BUFFER_TYPE = NONE for fixed_io_mio[15]. (constraint file  /home/luukieboy/Documents/thesis/hdl/projects/adrv9364z7020/ccbob_lvds/adrv9364z7020_ccbob_lvds.gen/sources_1/bd/system/ip/system_sys_ps7_0/system_sys_ps7_0/system_sys_ps7_0_in_context.xdc, line 163).
Applied set_property IO_BUFFER_TYPE = NONE for fixed_io_mio[16]. (constraint file  /home/luukieboy/Documents/thesis/hdl/projects/adrv9364z7020/ccbob_lvds/adrv9364z7020_ccbob_lvds.gen/sources_1/bd/system/ip/system_sys_ps7_0/system_sys_ps7_0/system_sys_ps7_0_in_context.xdc, line 164).
Applied set_property CLOCK_BUFFER_TYPE = NONE for fixed_io_mio[16]. (constraint file  /home/luukieboy/Documents/thesis/hdl/projects/adrv9364z7020/ccbob_lvds/adrv9364z7020_ccbob_lvds.gen/sources_1/bd/system/ip/system_sys_ps7_0/system_sys_ps7_0/system_sys_ps7_0_in_context.xdc, line 165).
Applied set_property IO_BUFFER_TYPE = NONE for fixed_io_mio[17]. (constraint file  /home/luukieboy/Documents/thesis/hdl/projects/adrv9364z7020/ccbob_lvds/adrv9364z7020_ccbob_lvds.gen/sources_1/bd/system/ip/system_sys_ps7_0/system_sys_ps7_0/system_sys_ps7_0_in_context.xdc, line 166).
Applied set_property CLOCK_BUFFER_TYPE = NONE for fixed_io_mio[17]. (constraint file  /home/luukieboy/Documents/thesis/hdl/projects/adrv9364z7020/ccbob_lvds/adrv9364z7020_ccbob_lvds.gen/sources_1/bd/system/ip/system_sys_ps7_0/system_sys_ps7_0/system_sys_ps7_0_in_context.xdc, line 167).
Applied set_property IO_BUFFER_TYPE = NONE for fixed_io_mio[18]. (constraint file  /home/luukieboy/Documents/thesis/hdl/projects/adrv9364z7020/ccbob_lvds/adrv9364z7020_ccbob_lvds.gen/sources_1/bd/system/ip/system_sys_ps7_0/system_sys_ps7_0/system_sys_ps7_0_in_context.xdc, line 168).
Applied set_property CLOCK_BUFFER_TYPE = NONE for fixed_io_mio[18]. (constraint file  /home/luukieboy/Documents/thesis/hdl/projects/adrv9364z7020/ccbob_lvds/adrv9364z7020_ccbob_lvds.gen/sources_1/bd/system/ip/system_sys_ps7_0/system_sys_ps7_0/system_sys_ps7_0_in_context.xdc, line 169).
Applied set_property IO_BUFFER_TYPE = NONE for fixed_io_mio[19]. (constraint file  /home/luukieboy/Documents/thesis/hdl/projects/adrv9364z7020/ccbob_lvds/adrv9364z7020_ccbob_lvds.gen/sources_1/bd/system/ip/system_sys_ps7_0/system_sys_ps7_0/system_sys_ps7_0_in_context.xdc, line 170).
Applied set_property CLOCK_BUFFER_TYPE = NONE for fixed_io_mio[19]. (constraint file  /home/luukieboy/Documents/thesis/hdl/projects/adrv9364z7020/ccbob_lvds/adrv9364z7020_ccbob_lvds.gen/sources_1/bd/system/ip/system_sys_ps7_0/system_sys_ps7_0/system_sys_ps7_0_in_context.xdc, line 171).
Applied set_property IO_BUFFER_TYPE = NONE for fixed_io_mio[1]. (constraint file  /home/luukieboy/Documents/thesis/hdl/projects/adrv9364z7020/ccbob_lvds/adrv9364z7020_ccbob_lvds.gen/sources_1/bd/system/ip/system_sys_ps7_0/system_sys_ps7_0/system_sys_ps7_0_in_context.xdc, line 172).
Applied set_property CLOCK_BUFFER_TYPE = NONE for fixed_io_mio[1]. (constraint file  /home/luukieboy/Documents/thesis/hdl/projects/adrv9364z7020/ccbob_lvds/adrv9364z7020_ccbob_lvds.gen/sources_1/bd/system/ip/system_sys_ps7_0/system_sys_ps7_0/system_sys_ps7_0_in_context.xdc, line 173).
Applied set_property IO_BUFFER_TYPE = NONE for fixed_io_mio[20]. (constraint file  /home/luukieboy/Documents/thesis/hdl/projects/adrv9364z7020/ccbob_lvds/adrv9364z7020_ccbob_lvds.gen/sources_1/bd/system/ip/system_sys_ps7_0/system_sys_ps7_0/system_sys_ps7_0_in_context.xdc, line 174).
Applied set_property CLOCK_BUFFER_TYPE = NONE for fixed_io_mio[20]. (constraint file  /home/luukieboy/Documents/thesis/hdl/projects/adrv9364z7020/ccbob_lvds/adrv9364z7020_ccbob_lvds.gen/sources_1/bd/system/ip/system_sys_ps7_0/system_sys_ps7_0/system_sys_ps7_0_in_context.xdc, line 175).
Applied set_property IO_BUFFER_TYPE = NONE for fixed_io_mio[21]. (constraint file  /home/luukieboy/Documents/thesis/hdl/projects/adrv9364z7020/ccbob_lvds/adrv9364z7020_ccbob_lvds.gen/sources_1/bd/system/ip/system_sys_ps7_0/system_sys_ps7_0/system_sys_ps7_0_in_context.xdc, line 176).
Applied set_property CLOCK_BUFFER_TYPE = NONE for fixed_io_mio[21]. (constraint file  /home/luukieboy/Documents/thesis/hdl/projects/adrv9364z7020/ccbob_lvds/adrv9364z7020_ccbob_lvds.gen/sources_1/bd/system/ip/system_sys_ps7_0/system_sys_ps7_0/system_sys_ps7_0_in_context.xdc, line 177).
Applied set_property IO_BUFFER_TYPE = NONE for fixed_io_mio[22]. (constraint file  /home/luukieboy/Documents/thesis/hdl/projects/adrv9364z7020/ccbob_lvds/adrv9364z7020_ccbob_lvds.gen/sources_1/bd/system/ip/system_sys_ps7_0/system_sys_ps7_0/system_sys_ps7_0_in_context.xdc, line 178).
Applied set_property CLOCK_BUFFER_TYPE = NONE for fixed_io_mio[22]. (constraint file  /home/luukieboy/Documents/thesis/hdl/projects/adrv9364z7020/ccbob_lvds/adrv9364z7020_ccbob_lvds.gen/sources_1/bd/system/ip/system_sys_ps7_0/system_sys_ps7_0/system_sys_ps7_0_in_context.xdc, line 179).
Applied set_property IO_BUFFER_TYPE = NONE for fixed_io_mio[23]. (constraint file  /home/luukieboy/Documents/thesis/hdl/projects/adrv9364z7020/ccbob_lvds/adrv9364z7020_ccbob_lvds.gen/sources_1/bd/system/ip/system_sys_ps7_0/system_sys_ps7_0/system_sys_ps7_0_in_context.xdc, line 180).
Applied set_property CLOCK_BUFFER_TYPE = NONE for fixed_io_mio[23]. (constraint file  /home/luukieboy/Documents/thesis/hdl/projects/adrv9364z7020/ccbob_lvds/adrv9364z7020_ccbob_lvds.gen/sources_1/bd/system/ip/system_sys_ps7_0/system_sys_ps7_0/system_sys_ps7_0_in_context.xdc, line 181).
Applied set_property IO_BUFFER_TYPE = NONE for fixed_io_mio[24]. (constraint file  /home/luukieboy/Documents/thesis/hdl/projects/adrv9364z7020/ccbob_lvds/adrv9364z7020_ccbob_lvds.gen/sources_1/bd/system/ip/system_sys_ps7_0/system_sys_ps7_0/system_sys_ps7_0_in_context.xdc, line 182).
Applied set_property CLOCK_BUFFER_TYPE = NONE for fixed_io_mio[24]. (constraint file  /home/luukieboy/Documents/thesis/hdl/projects/adrv9364z7020/ccbob_lvds/adrv9364z7020_ccbob_lvds.gen/sources_1/bd/system/ip/system_sys_ps7_0/system_sys_ps7_0/system_sys_ps7_0_in_context.xdc, line 183).
Applied set_property IO_BUFFER_TYPE = NONE for fixed_io_mio[25]. (constraint file  /home/luukieboy/Documents/thesis/hdl/projects/adrv9364z7020/ccbob_lvds/adrv9364z7020_ccbob_lvds.gen/sources_1/bd/system/ip/system_sys_ps7_0/system_sys_ps7_0/system_sys_ps7_0_in_context.xdc, line 184).
Applied set_property CLOCK_BUFFER_TYPE = NONE for fixed_io_mio[25]. (constraint file  /home/luukieboy/Documents/thesis/hdl/projects/adrv9364z7020/ccbob_lvds/adrv9364z7020_ccbob_lvds.gen/sources_1/bd/system/ip/system_sys_ps7_0/system_sys_ps7_0/system_sys_ps7_0_in_context.xdc, line 185).
Applied set_property IO_BUFFER_TYPE = NONE for fixed_io_mio[26]. (constraint file  /home/luukieboy/Documents/thesis/hdl/projects/adrv9364z7020/ccbob_lvds/adrv9364z7020_ccbob_lvds.gen/sources_1/bd/system/ip/system_sys_ps7_0/system_sys_ps7_0/system_sys_ps7_0_in_context.xdc, line 186).
Applied set_property CLOCK_BUFFER_TYPE = NONE for fixed_io_mio[26]. (constraint file  /home/luukieboy/Documents/thesis/hdl/projects/adrv9364z7020/ccbob_lvds/adrv9364z7020_ccbob_lvds.gen/sources_1/bd/system/ip/system_sys_ps7_0/system_sys_ps7_0/system_sys_ps7_0_in_context.xdc, line 187).
Applied set_property IO_BUFFER_TYPE = NONE for fixed_io_mio[27]. (constraint file  /home/luukieboy/Documents/thesis/hdl/projects/adrv9364z7020/ccbob_lvds/adrv9364z7020_ccbob_lvds.gen/sources_1/bd/system/ip/system_sys_ps7_0/system_sys_ps7_0/system_sys_ps7_0_in_context.xdc, line 188).
Applied set_property CLOCK_BUFFER_TYPE = NONE for fixed_io_mio[27]. (constraint file  /home/luukieboy/Documents/thesis/hdl/projects/adrv9364z7020/ccbob_lvds/adrv9364z7020_ccbob_lvds.gen/sources_1/bd/system/ip/system_sys_ps7_0/system_sys_ps7_0/system_sys_ps7_0_in_context.xdc, line 189).
Applied set_property IO_BUFFER_TYPE = NONE for fixed_io_mio[28]. (constraint file  /home/luukieboy/Documents/thesis/hdl/projects/adrv9364z7020/ccbob_lvds/adrv9364z7020_ccbob_lvds.gen/sources_1/bd/system/ip/system_sys_ps7_0/system_sys_ps7_0/system_sys_ps7_0_in_context.xdc, line 190).
Applied set_property CLOCK_BUFFER_TYPE = NONE for fixed_io_mio[28]. (constraint file  /home/luukieboy/Documents/thesis/hdl/projects/adrv9364z7020/ccbob_lvds/adrv9364z7020_ccbob_lvds.gen/sources_1/bd/system/ip/system_sys_ps7_0/system_sys_ps7_0/system_sys_ps7_0_in_context.xdc, line 191).
Applied set_property IO_BUFFER_TYPE = NONE for fixed_io_mio[29]. (constraint file  /home/luukieboy/Documents/thesis/hdl/projects/adrv9364z7020/ccbob_lvds/adrv9364z7020_ccbob_lvds.gen/sources_1/bd/system/ip/system_sys_ps7_0/system_sys_ps7_0/system_sys_ps7_0_in_context.xdc, line 192).
Applied set_property CLOCK_BUFFER_TYPE = NONE for fixed_io_mio[29]. (constraint file  /home/luukieboy/Documents/thesis/hdl/projects/adrv9364z7020/ccbob_lvds/adrv9364z7020_ccbob_lvds.gen/sources_1/bd/system/ip/system_sys_ps7_0/system_sys_ps7_0/system_sys_ps7_0_in_context.xdc, line 193).
Applied set_property IO_BUFFER_TYPE = NONE for fixed_io_mio[2]. (constraint file  /home/luukieboy/Documents/thesis/hdl/projects/adrv9364z7020/ccbob_lvds/adrv9364z7020_ccbob_lvds.gen/sources_1/bd/system/ip/system_sys_ps7_0/system_sys_ps7_0/system_sys_ps7_0_in_context.xdc, line 194).
Applied set_property CLOCK_BUFFER_TYPE = NONE for fixed_io_mio[2]. (constraint file  /home/luukieboy/Documents/thesis/hdl/projects/adrv9364z7020/ccbob_lvds/adrv9364z7020_ccbob_lvds.gen/sources_1/bd/system/ip/system_sys_ps7_0/system_sys_ps7_0/system_sys_ps7_0_in_context.xdc, line 195).
Applied set_property IO_BUFFER_TYPE = NONE for fixed_io_mio[30]. (constraint file  /home/luukieboy/Documents/thesis/hdl/projects/adrv9364z7020/ccbob_lvds/adrv9364z7020_ccbob_lvds.gen/sources_1/bd/system/ip/system_sys_ps7_0/system_sys_ps7_0/system_sys_ps7_0_in_context.xdc, line 196).
Applied set_property CLOCK_BUFFER_TYPE = NONE for fixed_io_mio[30]. (constraint file  /home/luukieboy/Documents/thesis/hdl/projects/adrv9364z7020/ccbob_lvds/adrv9364z7020_ccbob_lvds.gen/sources_1/bd/system/ip/system_sys_ps7_0/system_sys_ps7_0/system_sys_ps7_0_in_context.xdc, line 197).
Applied set_property IO_BUFFER_TYPE = NONE for fixed_io_mio[31]. (constraint file  /home/luukieboy/Documents/thesis/hdl/projects/adrv9364z7020/ccbob_lvds/adrv9364z7020_ccbob_lvds.gen/sources_1/bd/system/ip/system_sys_ps7_0/system_sys_ps7_0/system_sys_ps7_0_in_context.xdc, line 198).
Applied set_property CLOCK_BUFFER_TYPE = NONE for fixed_io_mio[31]. (constraint file  /home/luukieboy/Documents/thesis/hdl/projects/adrv9364z7020/ccbob_lvds/adrv9364z7020_ccbob_lvds.gen/sources_1/bd/system/ip/system_sys_ps7_0/system_sys_ps7_0/system_sys_ps7_0_in_context.xdc, line 199).
Applied set_property IO_BUFFER_TYPE = NONE for fixed_io_mio[32]. (constraint file  /home/luukieboy/Documents/thesis/hdl/projects/adrv9364z7020/ccbob_lvds/adrv9364z7020_ccbob_lvds.gen/sources_1/bd/system/ip/system_sys_ps7_0/system_sys_ps7_0/system_sys_ps7_0_in_context.xdc, line 200).
Applied set_property CLOCK_BUFFER_TYPE = NONE for fixed_io_mio[32]. (constraint file  /home/luukieboy/Documents/thesis/hdl/projects/adrv9364z7020/ccbob_lvds/adrv9364z7020_ccbob_lvds.gen/sources_1/bd/system/ip/system_sys_ps7_0/system_sys_ps7_0/system_sys_ps7_0_in_context.xdc, line 201).
Applied set_property IO_BUFFER_TYPE = NONE for fixed_io_mio[33]. (constraint file  /home/luukieboy/Documents/thesis/hdl/projects/adrv9364z7020/ccbob_lvds/adrv9364z7020_ccbob_lvds.gen/sources_1/bd/system/ip/system_sys_ps7_0/system_sys_ps7_0/system_sys_ps7_0_in_context.xdc, line 202).
Applied set_property CLOCK_BUFFER_TYPE = NONE for fixed_io_mio[33]. (constraint file  /home/luukieboy/Documents/thesis/hdl/projects/adrv9364z7020/ccbob_lvds/adrv9364z7020_ccbob_lvds.gen/sources_1/bd/system/ip/system_sys_ps7_0/system_sys_ps7_0/system_sys_ps7_0_in_context.xdc, line 203).
Applied set_property IO_BUFFER_TYPE = NONE for fixed_io_mio[34]. (constraint file  /home/luukieboy/Documents/thesis/hdl/projects/adrv9364z7020/ccbob_lvds/adrv9364z7020_ccbob_lvds.gen/sources_1/bd/system/ip/system_sys_ps7_0/system_sys_ps7_0/system_sys_ps7_0_in_context.xdc, line 204).
Applied set_property CLOCK_BUFFER_TYPE = NONE for fixed_io_mio[34]. (constraint file  /home/luukieboy/Documents/thesis/hdl/projects/adrv9364z7020/ccbob_lvds/adrv9364z7020_ccbob_lvds.gen/sources_1/bd/system/ip/system_sys_ps7_0/system_sys_ps7_0/system_sys_ps7_0_in_context.xdc, line 205).
Applied set_property IO_BUFFER_TYPE = NONE for fixed_io_mio[35]. (constraint file  /home/luukieboy/Documents/thesis/hdl/projects/adrv9364z7020/ccbob_lvds/adrv9364z7020_ccbob_lvds.gen/sources_1/bd/system/ip/system_sys_ps7_0/system_sys_ps7_0/system_sys_ps7_0_in_context.xdc, line 206).
Applied set_property CLOCK_BUFFER_TYPE = NONE for fixed_io_mio[35]. (constraint file  /home/luukieboy/Documents/thesis/hdl/projects/adrv9364z7020/ccbob_lvds/adrv9364z7020_ccbob_lvds.gen/sources_1/bd/system/ip/system_sys_ps7_0/system_sys_ps7_0/system_sys_ps7_0_in_context.xdc, line 207).
Applied set_property IO_BUFFER_TYPE = NONE for fixed_io_mio[36]. (constraint file  /home/luukieboy/Documents/thesis/hdl/projects/adrv9364z7020/ccbob_lvds/adrv9364z7020_ccbob_lvds.gen/sources_1/bd/system/ip/system_sys_ps7_0/system_sys_ps7_0/system_sys_ps7_0_in_context.xdc, line 208).
Applied set_property CLOCK_BUFFER_TYPE = NONE for fixed_io_mio[36]. (constraint file  /home/luukieboy/Documents/thesis/hdl/projects/adrv9364z7020/ccbob_lvds/adrv9364z7020_ccbob_lvds.gen/sources_1/bd/system/ip/system_sys_ps7_0/system_sys_ps7_0/system_sys_ps7_0_in_context.xdc, line 209).
Applied set_property IO_BUFFER_TYPE = NONE for fixed_io_mio[37]. (constraint file  /home/luukieboy/Documents/thesis/hdl/projects/adrv9364z7020/ccbob_lvds/adrv9364z7020_ccbob_lvds.gen/sources_1/bd/system/ip/system_sys_ps7_0/system_sys_ps7_0/system_sys_ps7_0_in_context.xdc, line 210).
Applied set_property CLOCK_BUFFER_TYPE = NONE for fixed_io_mio[37]. (constraint file  /home/luukieboy/Documents/thesis/hdl/projects/adrv9364z7020/ccbob_lvds/adrv9364z7020_ccbob_lvds.gen/sources_1/bd/system/ip/system_sys_ps7_0/system_sys_ps7_0/system_sys_ps7_0_in_context.xdc, line 211).
Applied set_property IO_BUFFER_TYPE = NONE for fixed_io_mio[38]. (constraint file  /home/luukieboy/Documents/thesis/hdl/projects/adrv9364z7020/ccbob_lvds/adrv9364z7020_ccbob_lvds.gen/sources_1/bd/system/ip/system_sys_ps7_0/system_sys_ps7_0/system_sys_ps7_0_in_context.xdc, line 212).
Applied set_property CLOCK_BUFFER_TYPE = NONE for fixed_io_mio[38]. (constraint file  /home/luukieboy/Documents/thesis/hdl/projects/adrv9364z7020/ccbob_lvds/adrv9364z7020_ccbob_lvds.gen/sources_1/bd/system/ip/system_sys_ps7_0/system_sys_ps7_0/system_sys_ps7_0_in_context.xdc, line 213).
Applied set_property IO_BUFFER_TYPE = NONE for fixed_io_mio[39]. (constraint file  /home/luukieboy/Documents/thesis/hdl/projects/adrv9364z7020/ccbob_lvds/adrv9364z7020_ccbob_lvds.gen/sources_1/bd/system/ip/system_sys_ps7_0/system_sys_ps7_0/system_sys_ps7_0_in_context.xdc, line 214).
Applied set_property CLOCK_BUFFER_TYPE = NONE for fixed_io_mio[39]. (constraint file  /home/luukieboy/Documents/thesis/hdl/projects/adrv9364z7020/ccbob_lvds/adrv9364z7020_ccbob_lvds.gen/sources_1/bd/system/ip/system_sys_ps7_0/system_sys_ps7_0/system_sys_ps7_0_in_context.xdc, line 215).
Applied set_property IO_BUFFER_TYPE = NONE for fixed_io_mio[3]. (constraint file  /home/luukieboy/Documents/thesis/hdl/projects/adrv9364z7020/ccbob_lvds/adrv9364z7020_ccbob_lvds.gen/sources_1/bd/system/ip/system_sys_ps7_0/system_sys_ps7_0/system_sys_ps7_0_in_context.xdc, line 216).
Applied set_property CLOCK_BUFFER_TYPE = NONE for fixed_io_mio[3]. (constraint file  /home/luukieboy/Documents/thesis/hdl/projects/adrv9364z7020/ccbob_lvds/adrv9364z7020_ccbob_lvds.gen/sources_1/bd/system/ip/system_sys_ps7_0/system_sys_ps7_0/system_sys_ps7_0_in_context.xdc, line 217).
Applied set_property IO_BUFFER_TYPE = NONE for fixed_io_mio[40]. (constraint file  /home/luukieboy/Documents/thesis/hdl/projects/adrv9364z7020/ccbob_lvds/adrv9364z7020_ccbob_lvds.gen/sources_1/bd/system/ip/system_sys_ps7_0/system_sys_ps7_0/system_sys_ps7_0_in_context.xdc, line 218).
Applied set_property CLOCK_BUFFER_TYPE = NONE for fixed_io_mio[40]. (constraint file  /home/luukieboy/Documents/thesis/hdl/projects/adrv9364z7020/ccbob_lvds/adrv9364z7020_ccbob_lvds.gen/sources_1/bd/system/ip/system_sys_ps7_0/system_sys_ps7_0/system_sys_ps7_0_in_context.xdc, line 219).
Applied set_property IO_BUFFER_TYPE = NONE for fixed_io_mio[41]. (constraint file  /home/luukieboy/Documents/thesis/hdl/projects/adrv9364z7020/ccbob_lvds/adrv9364z7020_ccbob_lvds.gen/sources_1/bd/system/ip/system_sys_ps7_0/system_sys_ps7_0/system_sys_ps7_0_in_context.xdc, line 220).
Applied set_property CLOCK_BUFFER_TYPE = NONE for fixed_io_mio[41]. (constraint file  /home/luukieboy/Documents/thesis/hdl/projects/adrv9364z7020/ccbob_lvds/adrv9364z7020_ccbob_lvds.gen/sources_1/bd/system/ip/system_sys_ps7_0/system_sys_ps7_0/system_sys_ps7_0_in_context.xdc, line 221).
Applied set_property IO_BUFFER_TYPE = NONE for fixed_io_mio[42]. (constraint file  /home/luukieboy/Documents/thesis/hdl/projects/adrv9364z7020/ccbob_lvds/adrv9364z7020_ccbob_lvds.gen/sources_1/bd/system/ip/system_sys_ps7_0/system_sys_ps7_0/system_sys_ps7_0_in_context.xdc, line 222).
Applied set_property CLOCK_BUFFER_TYPE = NONE for fixed_io_mio[42]. (constraint file  /home/luukieboy/Documents/thesis/hdl/projects/adrv9364z7020/ccbob_lvds/adrv9364z7020_ccbob_lvds.gen/sources_1/bd/system/ip/system_sys_ps7_0/system_sys_ps7_0/system_sys_ps7_0_in_context.xdc, line 223).
Applied set_property IO_BUFFER_TYPE = NONE for fixed_io_mio[43]. (constraint file  /home/luukieboy/Documents/thesis/hdl/projects/adrv9364z7020/ccbob_lvds/adrv9364z7020_ccbob_lvds.gen/sources_1/bd/system/ip/system_sys_ps7_0/system_sys_ps7_0/system_sys_ps7_0_in_context.xdc, line 224).
Applied set_property CLOCK_BUFFER_TYPE = NONE for fixed_io_mio[43]. (constraint file  /home/luukieboy/Documents/thesis/hdl/projects/adrv9364z7020/ccbob_lvds/adrv9364z7020_ccbob_lvds.gen/sources_1/bd/system/ip/system_sys_ps7_0/system_sys_ps7_0/system_sys_ps7_0_in_context.xdc, line 225).
Applied set_property IO_BUFFER_TYPE = NONE for fixed_io_mio[44]. (constraint file  /home/luukieboy/Documents/thesis/hdl/projects/adrv9364z7020/ccbob_lvds/adrv9364z7020_ccbob_lvds.gen/sources_1/bd/system/ip/system_sys_ps7_0/system_sys_ps7_0/system_sys_ps7_0_in_context.xdc, line 226).
Applied set_property CLOCK_BUFFER_TYPE = NONE for fixed_io_mio[44]. (constraint file  /home/luukieboy/Documents/thesis/hdl/projects/adrv9364z7020/ccbob_lvds/adrv9364z7020_ccbob_lvds.gen/sources_1/bd/system/ip/system_sys_ps7_0/system_sys_ps7_0/system_sys_ps7_0_in_context.xdc, line 227).
Applied set_property IO_BUFFER_TYPE = NONE for fixed_io_mio[45]. (constraint file  /home/luukieboy/Documents/thesis/hdl/projects/adrv9364z7020/ccbob_lvds/adrv9364z7020_ccbob_lvds.gen/sources_1/bd/system/ip/system_sys_ps7_0/system_sys_ps7_0/system_sys_ps7_0_in_context.xdc, line 228).
Applied set_property CLOCK_BUFFER_TYPE = NONE for fixed_io_mio[45]. (constraint file  /home/luukieboy/Documents/thesis/hdl/projects/adrv9364z7020/ccbob_lvds/adrv9364z7020_ccbob_lvds.gen/sources_1/bd/system/ip/system_sys_ps7_0/system_sys_ps7_0/system_sys_ps7_0_in_context.xdc, line 229).
Applied set_property IO_BUFFER_TYPE = NONE for fixed_io_mio[46]. (constraint file  /home/luukieboy/Documents/thesis/hdl/projects/adrv9364z7020/ccbob_lvds/adrv9364z7020_ccbob_lvds.gen/sources_1/bd/system/ip/system_sys_ps7_0/system_sys_ps7_0/system_sys_ps7_0_in_context.xdc, line 230).
Applied set_property CLOCK_BUFFER_TYPE = NONE for fixed_io_mio[46]. (constraint file  /home/luukieboy/Documents/thesis/hdl/projects/adrv9364z7020/ccbob_lvds/adrv9364z7020_ccbob_lvds.gen/sources_1/bd/system/ip/system_sys_ps7_0/system_sys_ps7_0/system_sys_ps7_0_in_context.xdc, line 231).
Applied set_property IO_BUFFER_TYPE = NONE for fixed_io_mio[47]. (constraint file  /home/luukieboy/Documents/thesis/hdl/projects/adrv9364z7020/ccbob_lvds/adrv9364z7020_ccbob_lvds.gen/sources_1/bd/system/ip/system_sys_ps7_0/system_sys_ps7_0/system_sys_ps7_0_in_context.xdc, line 232).
Applied set_property CLOCK_BUFFER_TYPE = NONE for fixed_io_mio[47]. (constraint file  /home/luukieboy/Documents/thesis/hdl/projects/adrv9364z7020/ccbob_lvds/adrv9364z7020_ccbob_lvds.gen/sources_1/bd/system/ip/system_sys_ps7_0/system_sys_ps7_0/system_sys_ps7_0_in_context.xdc, line 233).
Applied set_property IO_BUFFER_TYPE = NONE for fixed_io_mio[48]. (constraint file  /home/luukieboy/Documents/thesis/hdl/projects/adrv9364z7020/ccbob_lvds/adrv9364z7020_ccbob_lvds.gen/sources_1/bd/system/ip/system_sys_ps7_0/system_sys_ps7_0/system_sys_ps7_0_in_context.xdc, line 234).
Applied set_property CLOCK_BUFFER_TYPE = NONE for fixed_io_mio[48]. (constraint file  /home/luukieboy/Documents/thesis/hdl/projects/adrv9364z7020/ccbob_lvds/adrv9364z7020_ccbob_lvds.gen/sources_1/bd/system/ip/system_sys_ps7_0/system_sys_ps7_0/system_sys_ps7_0_in_context.xdc, line 235).
Applied set_property IO_BUFFER_TYPE = NONE for fixed_io_mio[49]. (constraint file  /home/luukieboy/Documents/thesis/hdl/projects/adrv9364z7020/ccbob_lvds/adrv9364z7020_ccbob_lvds.gen/sources_1/bd/system/ip/system_sys_ps7_0/system_sys_ps7_0/system_sys_ps7_0_in_context.xdc, line 236).
Applied set_property CLOCK_BUFFER_TYPE = NONE for fixed_io_mio[49]. (constraint file  /home/luukieboy/Documents/thesis/hdl/projects/adrv9364z7020/ccbob_lvds/adrv9364z7020_ccbob_lvds.gen/sources_1/bd/system/ip/system_sys_ps7_0/system_sys_ps7_0/system_sys_ps7_0_in_context.xdc, line 237).
Applied set_property IO_BUFFER_TYPE = NONE for fixed_io_mio[4]. (constraint file  /home/luukieboy/Documents/thesis/hdl/projects/adrv9364z7020/ccbob_lvds/adrv9364z7020_ccbob_lvds.gen/sources_1/bd/system/ip/system_sys_ps7_0/system_sys_ps7_0/system_sys_ps7_0_in_context.xdc, line 238).
Applied set_property CLOCK_BUFFER_TYPE = NONE for fixed_io_mio[4]. (constraint file  /home/luukieboy/Documents/thesis/hdl/projects/adrv9364z7020/ccbob_lvds/adrv9364z7020_ccbob_lvds.gen/sources_1/bd/system/ip/system_sys_ps7_0/system_sys_ps7_0/system_sys_ps7_0_in_context.xdc, line 239).
Applied set_property IO_BUFFER_TYPE = NONE for fixed_io_mio[50]. (constraint file  /home/luukieboy/Documents/thesis/hdl/projects/adrv9364z7020/ccbob_lvds/adrv9364z7020_ccbob_lvds.gen/sources_1/bd/system/ip/system_sys_ps7_0/system_sys_ps7_0/system_sys_ps7_0_in_context.xdc, line 240).
Applied set_property CLOCK_BUFFER_TYPE = NONE for fixed_io_mio[50]. (constraint file  /home/luukieboy/Documents/thesis/hdl/projects/adrv9364z7020/ccbob_lvds/adrv9364z7020_ccbob_lvds.gen/sources_1/bd/system/ip/system_sys_ps7_0/system_sys_ps7_0/system_sys_ps7_0_in_context.xdc, line 241).
Applied set_property IO_BUFFER_TYPE = NONE for fixed_io_mio[51]. (constraint file  /home/luukieboy/Documents/thesis/hdl/projects/adrv9364z7020/ccbob_lvds/adrv9364z7020_ccbob_lvds.gen/sources_1/bd/system/ip/system_sys_ps7_0/system_sys_ps7_0/system_sys_ps7_0_in_context.xdc, line 242).
Applied set_property CLOCK_BUFFER_TYPE = NONE for fixed_io_mio[51]. (constraint file  /home/luukieboy/Documents/thesis/hdl/projects/adrv9364z7020/ccbob_lvds/adrv9364z7020_ccbob_lvds.gen/sources_1/bd/system/ip/system_sys_ps7_0/system_sys_ps7_0/system_sys_ps7_0_in_context.xdc, line 243).
Applied set_property IO_BUFFER_TYPE = NONE for fixed_io_mio[52]. (constraint file  /home/luukieboy/Documents/thesis/hdl/projects/adrv9364z7020/ccbob_lvds/adrv9364z7020_ccbob_lvds.gen/sources_1/bd/system/ip/system_sys_ps7_0/system_sys_ps7_0/system_sys_ps7_0_in_context.xdc, line 244).
Applied set_property CLOCK_BUFFER_TYPE = NONE for fixed_io_mio[52]. (constraint file  /home/luukieboy/Documents/thesis/hdl/projects/adrv9364z7020/ccbob_lvds/adrv9364z7020_ccbob_lvds.gen/sources_1/bd/system/ip/system_sys_ps7_0/system_sys_ps7_0/system_sys_ps7_0_in_context.xdc, line 245).
Applied set_property IO_BUFFER_TYPE = NONE for fixed_io_mio[53]. (constraint file  /home/luukieboy/Documents/thesis/hdl/projects/adrv9364z7020/ccbob_lvds/adrv9364z7020_ccbob_lvds.gen/sources_1/bd/system/ip/system_sys_ps7_0/system_sys_ps7_0/system_sys_ps7_0_in_context.xdc, line 246).
Applied set_property CLOCK_BUFFER_TYPE = NONE for fixed_io_mio[53]. (constraint file  /home/luukieboy/Documents/thesis/hdl/projects/adrv9364z7020/ccbob_lvds/adrv9364z7020_ccbob_lvds.gen/sources_1/bd/system/ip/system_sys_ps7_0/system_sys_ps7_0/system_sys_ps7_0_in_context.xdc, line 247).
Applied set_property IO_BUFFER_TYPE = NONE for fixed_io_mio[5]. (constraint file  /home/luukieboy/Documents/thesis/hdl/projects/adrv9364z7020/ccbob_lvds/adrv9364z7020_ccbob_lvds.gen/sources_1/bd/system/ip/system_sys_ps7_0/system_sys_ps7_0/system_sys_ps7_0_in_context.xdc, line 248).
Applied set_property CLOCK_BUFFER_TYPE = NONE for fixed_io_mio[5]. (constraint file  /home/luukieboy/Documents/thesis/hdl/projects/adrv9364z7020/ccbob_lvds/adrv9364z7020_ccbob_lvds.gen/sources_1/bd/system/ip/system_sys_ps7_0/system_sys_ps7_0/system_sys_ps7_0_in_context.xdc, line 249).
Applied set_property IO_BUFFER_TYPE = NONE for fixed_io_mio[6]. (constraint file  /home/luukieboy/Documents/thesis/hdl/projects/adrv9364z7020/ccbob_lvds/adrv9364z7020_ccbob_lvds.gen/sources_1/bd/system/ip/system_sys_ps7_0/system_sys_ps7_0/system_sys_ps7_0_in_context.xdc, line 250).
Applied set_property CLOCK_BUFFER_TYPE = NONE for fixed_io_mio[6]. (constraint file  /home/luukieboy/Documents/thesis/hdl/projects/adrv9364z7020/ccbob_lvds/adrv9364z7020_ccbob_lvds.gen/sources_1/bd/system/ip/system_sys_ps7_0/system_sys_ps7_0/system_sys_ps7_0_in_context.xdc, line 251).
Applied set_property IO_BUFFER_TYPE = NONE for fixed_io_mio[7]. (constraint file  /home/luukieboy/Documents/thesis/hdl/projects/adrv9364z7020/ccbob_lvds/adrv9364z7020_ccbob_lvds.gen/sources_1/bd/system/ip/system_sys_ps7_0/system_sys_ps7_0/system_sys_ps7_0_in_context.xdc, line 252).
Applied set_property CLOCK_BUFFER_TYPE = NONE for fixed_io_mio[7]. (constraint file  /home/luukieboy/Documents/thesis/hdl/projects/adrv9364z7020/ccbob_lvds/adrv9364z7020_ccbob_lvds.gen/sources_1/bd/system/ip/system_sys_ps7_0/system_sys_ps7_0/system_sys_ps7_0_in_context.xdc, line 253).
Applied set_property IO_BUFFER_TYPE = NONE for fixed_io_mio[8]. (constraint file  /home/luukieboy/Documents/thesis/hdl/projects/adrv9364z7020/ccbob_lvds/adrv9364z7020_ccbob_lvds.gen/sources_1/bd/system/ip/system_sys_ps7_0/system_sys_ps7_0/system_sys_ps7_0_in_context.xdc, line 254).
Applied set_property CLOCK_BUFFER_TYPE = NONE for fixed_io_mio[8]. (constraint file  /home/luukieboy/Documents/thesis/hdl/projects/adrv9364z7020/ccbob_lvds/adrv9364z7020_ccbob_lvds.gen/sources_1/bd/system/ip/system_sys_ps7_0/system_sys_ps7_0/system_sys_ps7_0_in_context.xdc, line 255).
Applied set_property IO_BUFFER_TYPE = NONE for fixed_io_mio[9]. (constraint file  /home/luukieboy/Documents/thesis/hdl/projects/adrv9364z7020/ccbob_lvds/adrv9364z7020_ccbob_lvds.gen/sources_1/bd/system/ip/system_sys_ps7_0/system_sys_ps7_0/system_sys_ps7_0_in_context.xdc, line 256).
Applied set_property CLOCK_BUFFER_TYPE = NONE for fixed_io_mio[9]. (constraint file  /home/luukieboy/Documents/thesis/hdl/projects/adrv9364z7020/ccbob_lvds/adrv9364z7020_ccbob_lvds.gen/sources_1/bd/system/ip/system_sys_ps7_0/system_sys_ps7_0/system_sys_ps7_0_in_context.xdc, line 257).
Applied set_property IO_BUFFER_TYPE = NONE for fixed_io_ps_clk. (constraint file  /home/luukieboy/Documents/thesis/hdl/projects/adrv9364z7020/ccbob_lvds/adrv9364z7020_ccbob_lvds.gen/sources_1/bd/system/ip/system_sys_ps7_0/system_sys_ps7_0/system_sys_ps7_0_in_context.xdc, line 258).
Applied set_property CLOCK_BUFFER_TYPE = NONE for fixed_io_ps_clk. (constraint file  /home/luukieboy/Documents/thesis/hdl/projects/adrv9364z7020/ccbob_lvds/adrv9364z7020_ccbob_lvds.gen/sources_1/bd/system/ip/system_sys_ps7_0/system_sys_ps7_0/system_sys_ps7_0_in_context.xdc, line 259).
Applied set_property IO_BUFFER_TYPE = NONE for fixed_io_ps_porb. (constraint file  /home/luukieboy/Documents/thesis/hdl/projects/adrv9364z7020/ccbob_lvds/adrv9364z7020_ccbob_lvds.gen/sources_1/bd/system/ip/system_sys_ps7_0/system_sys_ps7_0/system_sys_ps7_0_in_context.xdc, line 260).
Applied set_property CLOCK_BUFFER_TYPE = NONE for fixed_io_ps_porb. (constraint file  /home/luukieboy/Documents/thesis/hdl/projects/adrv9364z7020/ccbob_lvds/adrv9364z7020_ccbob_lvds.gen/sources_1/bd/system/ip/system_sys_ps7_0/system_sys_ps7_0/system_sys_ps7_0_in_context.xdc, line 261).
Applied set_property IO_BUFFER_TYPE = NONE for fixed_io_ps_srstb. (constraint file  /home/luukieboy/Documents/thesis/hdl/projects/adrv9364z7020/ccbob_lvds/adrv9364z7020_ccbob_lvds.gen/sources_1/bd/system/ip/system_sys_ps7_0/system_sys_ps7_0/system_sys_ps7_0_in_context.xdc, line 262).
Applied set_property CLOCK_BUFFER_TYPE = NONE for fixed_io_ps_srstb. (constraint file  /home/luukieboy/Documents/thesis/hdl/projects/adrv9364z7020/ccbob_lvds/adrv9364z7020_ccbob_lvds.gen/sources_1/bd/system/ip/system_sys_ps7_0/system_sys_ps7_0/system_sys_ps7_0_in_context.xdc, line 263).
Applied set_property IO_BUFFER_TYPE = NONE for enable. (constraint file  /home/luukieboy/Documents/thesis/hdl/projects/adrv9364z7020/ccbob_lvds/adrv9364z7020_ccbob_lvds.gen/sources_1/bd/system/ip/system_axi_ad9361_0/system_axi_ad9361_0/system_axi_ad9361_0_in_context.xdc, line 1).
Applied set_property CLOCK_BUFFER_TYPE = NONE for enable. (constraint file  /home/luukieboy/Documents/thesis/hdl/projects/adrv9364z7020/ccbob_lvds/adrv9364z7020_ccbob_lvds.gen/sources_1/bd/system/ip/system_axi_ad9361_0/system_axi_ad9361_0/system_axi_ad9361_0_in_context.xdc, line 2).
Applied set_property IO_BUFFER_TYPE = NONE for rx_clk_in_n. (constraint file  /home/luukieboy/Documents/thesis/hdl/projects/adrv9364z7020/ccbob_lvds/adrv9364z7020_ccbob_lvds.gen/sources_1/bd/system/ip/system_axi_ad9361_0/system_axi_ad9361_0/system_axi_ad9361_0_in_context.xdc, line 3).
Applied set_property CLOCK_BUFFER_TYPE = NONE for rx_clk_in_n. (constraint file  /home/luukieboy/Documents/thesis/hdl/projects/adrv9364z7020/ccbob_lvds/adrv9364z7020_ccbob_lvds.gen/sources_1/bd/system/ip/system_axi_ad9361_0/system_axi_ad9361_0/system_axi_ad9361_0_in_context.xdc, line 4).
Applied set_property IO_BUFFER_TYPE = NONE for rx_clk_in_p. (constraint file  /home/luukieboy/Documents/thesis/hdl/projects/adrv9364z7020/ccbob_lvds/adrv9364z7020_ccbob_lvds.gen/sources_1/bd/system/ip/system_axi_ad9361_0/system_axi_ad9361_0/system_axi_ad9361_0_in_context.xdc, line 5).
Applied set_property CLOCK_BUFFER_TYPE = NONE for rx_clk_in_p. (constraint file  /home/luukieboy/Documents/thesis/hdl/projects/adrv9364z7020/ccbob_lvds/adrv9364z7020_ccbob_lvds.gen/sources_1/bd/system/ip/system_axi_ad9361_0/system_axi_ad9361_0/system_axi_ad9361_0_in_context.xdc, line 6).
Applied set_property IO_BUFFER_TYPE = NONE for rx_data_in_n[0]. (constraint file  /home/luukieboy/Documents/thesis/hdl/projects/adrv9364z7020/ccbob_lvds/adrv9364z7020_ccbob_lvds.gen/sources_1/bd/system/ip/system_axi_ad9361_0/system_axi_ad9361_0/system_axi_ad9361_0_in_context.xdc, line 7).
Applied set_property CLOCK_BUFFER_TYPE = NONE for rx_data_in_n[0]. (constraint file  /home/luukieboy/Documents/thesis/hdl/projects/adrv9364z7020/ccbob_lvds/adrv9364z7020_ccbob_lvds.gen/sources_1/bd/system/ip/system_axi_ad9361_0/system_axi_ad9361_0/system_axi_ad9361_0_in_context.xdc, line 8).
Applied set_property IO_BUFFER_TYPE = NONE for rx_data_in_n[1]. (constraint file  /home/luukieboy/Documents/thesis/hdl/projects/adrv9364z7020/ccbob_lvds/adrv9364z7020_ccbob_lvds.gen/sources_1/bd/system/ip/system_axi_ad9361_0/system_axi_ad9361_0/system_axi_ad9361_0_in_context.xdc, line 9).
Applied set_property CLOCK_BUFFER_TYPE = NONE for rx_data_in_n[1]. (constraint file  /home/luukieboy/Documents/thesis/hdl/projects/adrv9364z7020/ccbob_lvds/adrv9364z7020_ccbob_lvds.gen/sources_1/bd/system/ip/system_axi_ad9361_0/system_axi_ad9361_0/system_axi_ad9361_0_in_context.xdc, line 10).
Applied set_property IO_BUFFER_TYPE = NONE for rx_data_in_n[2]. (constraint file  /home/luukieboy/Documents/thesis/hdl/projects/adrv9364z7020/ccbob_lvds/adrv9364z7020_ccbob_lvds.gen/sources_1/bd/system/ip/system_axi_ad9361_0/system_axi_ad9361_0/system_axi_ad9361_0_in_context.xdc, line 11).
Applied set_property CLOCK_BUFFER_TYPE = NONE for rx_data_in_n[2]. (constraint file  /home/luukieboy/Documents/thesis/hdl/projects/adrv9364z7020/ccbob_lvds/adrv9364z7020_ccbob_lvds.gen/sources_1/bd/system/ip/system_axi_ad9361_0/system_axi_ad9361_0/system_axi_ad9361_0_in_context.xdc, line 12).
Applied set_property IO_BUFFER_TYPE = NONE for rx_data_in_n[3]. (constraint file  /home/luukieboy/Documents/thesis/hdl/projects/adrv9364z7020/ccbob_lvds/adrv9364z7020_ccbob_lvds.gen/sources_1/bd/system/ip/system_axi_ad9361_0/system_axi_ad9361_0/system_axi_ad9361_0_in_context.xdc, line 13).
Applied set_property CLOCK_BUFFER_TYPE = NONE for rx_data_in_n[3]. (constraint file  /home/luukieboy/Documents/thesis/hdl/projects/adrv9364z7020/ccbob_lvds/adrv9364z7020_ccbob_lvds.gen/sources_1/bd/system/ip/system_axi_ad9361_0/system_axi_ad9361_0/system_axi_ad9361_0_in_context.xdc, line 14).
Applied set_property IO_BUFFER_TYPE = NONE for rx_data_in_n[4]. (constraint file  /home/luukieboy/Documents/thesis/hdl/projects/adrv9364z7020/ccbob_lvds/adrv9364z7020_ccbob_lvds.gen/sources_1/bd/system/ip/system_axi_ad9361_0/system_axi_ad9361_0/system_axi_ad9361_0_in_context.xdc, line 15).
Applied set_property CLOCK_BUFFER_TYPE = NONE for rx_data_in_n[4]. (constraint file  /home/luukieboy/Documents/thesis/hdl/projects/adrv9364z7020/ccbob_lvds/adrv9364z7020_ccbob_lvds.gen/sources_1/bd/system/ip/system_axi_ad9361_0/system_axi_ad9361_0/system_axi_ad9361_0_in_context.xdc, line 16).
Applied set_property IO_BUFFER_TYPE = NONE for rx_data_in_n[5]. (constraint file  /home/luukieboy/Documents/thesis/hdl/projects/adrv9364z7020/ccbob_lvds/adrv9364z7020_ccbob_lvds.gen/sources_1/bd/system/ip/system_axi_ad9361_0/system_axi_ad9361_0/system_axi_ad9361_0_in_context.xdc, line 17).
Applied set_property CLOCK_BUFFER_TYPE = NONE for rx_data_in_n[5]. (constraint file  /home/luukieboy/Documents/thesis/hdl/projects/adrv9364z7020/ccbob_lvds/adrv9364z7020_ccbob_lvds.gen/sources_1/bd/system/ip/system_axi_ad9361_0/system_axi_ad9361_0/system_axi_ad9361_0_in_context.xdc, line 18).
Applied set_property IO_BUFFER_TYPE = NONE for rx_data_in_p[0]. (constraint file  /home/luukieboy/Documents/thesis/hdl/projects/adrv9364z7020/ccbob_lvds/adrv9364z7020_ccbob_lvds.gen/sources_1/bd/system/ip/system_axi_ad9361_0/system_axi_ad9361_0/system_axi_ad9361_0_in_context.xdc, line 19).
Applied set_property CLOCK_BUFFER_TYPE = NONE for rx_data_in_p[0]. (constraint file  /home/luukieboy/Documents/thesis/hdl/projects/adrv9364z7020/ccbob_lvds/adrv9364z7020_ccbob_lvds.gen/sources_1/bd/system/ip/system_axi_ad9361_0/system_axi_ad9361_0/system_axi_ad9361_0_in_context.xdc, line 20).
Applied set_property IO_BUFFER_TYPE = NONE for rx_data_in_p[1]. (constraint file  /home/luukieboy/Documents/thesis/hdl/projects/adrv9364z7020/ccbob_lvds/adrv9364z7020_ccbob_lvds.gen/sources_1/bd/system/ip/system_axi_ad9361_0/system_axi_ad9361_0/system_axi_ad9361_0_in_context.xdc, line 21).
Applied set_property CLOCK_BUFFER_TYPE = NONE for rx_data_in_p[1]. (constraint file  /home/luukieboy/Documents/thesis/hdl/projects/adrv9364z7020/ccbob_lvds/adrv9364z7020_ccbob_lvds.gen/sources_1/bd/system/ip/system_axi_ad9361_0/system_axi_ad9361_0/system_axi_ad9361_0_in_context.xdc, line 22).
Applied set_property IO_BUFFER_TYPE = NONE for rx_data_in_p[2]. (constraint file  /home/luukieboy/Documents/thesis/hdl/projects/adrv9364z7020/ccbob_lvds/adrv9364z7020_ccbob_lvds.gen/sources_1/bd/system/ip/system_axi_ad9361_0/system_axi_ad9361_0/system_axi_ad9361_0_in_context.xdc, line 23).
Applied set_property CLOCK_BUFFER_TYPE = NONE for rx_data_in_p[2]. (constraint file  /home/luukieboy/Documents/thesis/hdl/projects/adrv9364z7020/ccbob_lvds/adrv9364z7020_ccbob_lvds.gen/sources_1/bd/system/ip/system_axi_ad9361_0/system_axi_ad9361_0/system_axi_ad9361_0_in_context.xdc, line 24).
Applied set_property IO_BUFFER_TYPE = NONE for rx_data_in_p[3]. (constraint file  /home/luukieboy/Documents/thesis/hdl/projects/adrv9364z7020/ccbob_lvds/adrv9364z7020_ccbob_lvds.gen/sources_1/bd/system/ip/system_axi_ad9361_0/system_axi_ad9361_0/system_axi_ad9361_0_in_context.xdc, line 25).
Applied set_property CLOCK_BUFFER_TYPE = NONE for rx_data_in_p[3]. (constraint file  /home/luukieboy/Documents/thesis/hdl/projects/adrv9364z7020/ccbob_lvds/adrv9364z7020_ccbob_lvds.gen/sources_1/bd/system/ip/system_axi_ad9361_0/system_axi_ad9361_0/system_axi_ad9361_0_in_context.xdc, line 26).
Applied set_property IO_BUFFER_TYPE = NONE for rx_data_in_p[4]. (constraint file  /home/luukieboy/Documents/thesis/hdl/projects/adrv9364z7020/ccbob_lvds/adrv9364z7020_ccbob_lvds.gen/sources_1/bd/system/ip/system_axi_ad9361_0/system_axi_ad9361_0/system_axi_ad9361_0_in_context.xdc, line 27).
Applied set_property CLOCK_BUFFER_TYPE = NONE for rx_data_in_p[4]. (constraint file  /home/luukieboy/Documents/thesis/hdl/projects/adrv9364z7020/ccbob_lvds/adrv9364z7020_ccbob_lvds.gen/sources_1/bd/system/ip/system_axi_ad9361_0/system_axi_ad9361_0/system_axi_ad9361_0_in_context.xdc, line 28).
Applied set_property IO_BUFFER_TYPE = NONE for rx_data_in_p[5]. (constraint file  /home/luukieboy/Documents/thesis/hdl/projects/adrv9364z7020/ccbob_lvds/adrv9364z7020_ccbob_lvds.gen/sources_1/bd/system/ip/system_axi_ad9361_0/system_axi_ad9361_0/system_axi_ad9361_0_in_context.xdc, line 29).
Applied set_property CLOCK_BUFFER_TYPE = NONE for rx_data_in_p[5]. (constraint file  /home/luukieboy/Documents/thesis/hdl/projects/adrv9364z7020/ccbob_lvds/adrv9364z7020_ccbob_lvds.gen/sources_1/bd/system/ip/system_axi_ad9361_0/system_axi_ad9361_0/system_axi_ad9361_0_in_context.xdc, line 30).
Applied set_property IO_BUFFER_TYPE = NONE for rx_frame_in_n. (constraint file  /home/luukieboy/Documents/thesis/hdl/projects/adrv9364z7020/ccbob_lvds/adrv9364z7020_ccbob_lvds.gen/sources_1/bd/system/ip/system_axi_ad9361_0/system_axi_ad9361_0/system_axi_ad9361_0_in_context.xdc, line 31).
Applied set_property CLOCK_BUFFER_TYPE = NONE for rx_frame_in_n. (constraint file  /home/luukieboy/Documents/thesis/hdl/projects/adrv9364z7020/ccbob_lvds/adrv9364z7020_ccbob_lvds.gen/sources_1/bd/system/ip/system_axi_ad9361_0/system_axi_ad9361_0/system_axi_ad9361_0_in_context.xdc, line 32).
Applied set_property IO_BUFFER_TYPE = NONE for rx_frame_in_p. (constraint file  /home/luukieboy/Documents/thesis/hdl/projects/adrv9364z7020/ccbob_lvds/adrv9364z7020_ccbob_lvds.gen/sources_1/bd/system/ip/system_axi_ad9361_0/system_axi_ad9361_0/system_axi_ad9361_0_in_context.xdc, line 33).
Applied set_property CLOCK_BUFFER_TYPE = NONE for rx_frame_in_p. (constraint file  /home/luukieboy/Documents/thesis/hdl/projects/adrv9364z7020/ccbob_lvds/adrv9364z7020_ccbob_lvds.gen/sources_1/bd/system/ip/system_axi_ad9361_0/system_axi_ad9361_0/system_axi_ad9361_0_in_context.xdc, line 34).
Applied set_property IO_BUFFER_TYPE = NONE for tx_clk_out_n. (constraint file  /home/luukieboy/Documents/thesis/hdl/projects/adrv9364z7020/ccbob_lvds/adrv9364z7020_ccbob_lvds.gen/sources_1/bd/system/ip/system_axi_ad9361_0/system_axi_ad9361_0/system_axi_ad9361_0_in_context.xdc, line 35).
Applied set_property CLOCK_BUFFER_TYPE = NONE for tx_clk_out_n. (constraint file  /home/luukieboy/Documents/thesis/hdl/projects/adrv9364z7020/ccbob_lvds/adrv9364z7020_ccbob_lvds.gen/sources_1/bd/system/ip/system_axi_ad9361_0/system_axi_ad9361_0/system_axi_ad9361_0_in_context.xdc, line 36).
Applied set_property IO_BUFFER_TYPE = NONE for tx_clk_out_p. (constraint file  /home/luukieboy/Documents/thesis/hdl/projects/adrv9364z7020/ccbob_lvds/adrv9364z7020_ccbob_lvds.gen/sources_1/bd/system/ip/system_axi_ad9361_0/system_axi_ad9361_0/system_axi_ad9361_0_in_context.xdc, line 37).
Applied set_property CLOCK_BUFFER_TYPE = NONE for tx_clk_out_p. (constraint file  /home/luukieboy/Documents/thesis/hdl/projects/adrv9364z7020/ccbob_lvds/adrv9364z7020_ccbob_lvds.gen/sources_1/bd/system/ip/system_axi_ad9361_0/system_axi_ad9361_0/system_axi_ad9361_0_in_context.xdc, line 38).
Applied set_property IO_BUFFER_TYPE = NONE for tx_data_out_n[0]. (constraint file  /home/luukieboy/Documents/thesis/hdl/projects/adrv9364z7020/ccbob_lvds/adrv9364z7020_ccbob_lvds.gen/sources_1/bd/system/ip/system_axi_ad9361_0/system_axi_ad9361_0/system_axi_ad9361_0_in_context.xdc, line 39).
Applied set_property CLOCK_BUFFER_TYPE = NONE for tx_data_out_n[0]. (constraint file  /home/luukieboy/Documents/thesis/hdl/projects/adrv9364z7020/ccbob_lvds/adrv9364z7020_ccbob_lvds.gen/sources_1/bd/system/ip/system_axi_ad9361_0/system_axi_ad9361_0/system_axi_ad9361_0_in_context.xdc, line 40).
Applied set_property IO_BUFFER_TYPE = NONE for tx_data_out_n[1]. (constraint file  /home/luukieboy/Documents/thesis/hdl/projects/adrv9364z7020/ccbob_lvds/adrv9364z7020_ccbob_lvds.gen/sources_1/bd/system/ip/system_axi_ad9361_0/system_axi_ad9361_0/system_axi_ad9361_0_in_context.xdc, line 41).
Applied set_property CLOCK_BUFFER_TYPE = NONE for tx_data_out_n[1]. (constraint file  /home/luukieboy/Documents/thesis/hdl/projects/adrv9364z7020/ccbob_lvds/adrv9364z7020_ccbob_lvds.gen/sources_1/bd/system/ip/system_axi_ad9361_0/system_axi_ad9361_0/system_axi_ad9361_0_in_context.xdc, line 42).
Applied set_property IO_BUFFER_TYPE = NONE for tx_data_out_n[2]. (constraint file  /home/luukieboy/Documents/thesis/hdl/projects/adrv9364z7020/ccbob_lvds/adrv9364z7020_ccbob_lvds.gen/sources_1/bd/system/ip/system_axi_ad9361_0/system_axi_ad9361_0/system_axi_ad9361_0_in_context.xdc, line 43).
Applied set_property CLOCK_BUFFER_TYPE = NONE for tx_data_out_n[2]. (constraint file  /home/luukieboy/Documents/thesis/hdl/projects/adrv9364z7020/ccbob_lvds/adrv9364z7020_ccbob_lvds.gen/sources_1/bd/system/ip/system_axi_ad9361_0/system_axi_ad9361_0/system_axi_ad9361_0_in_context.xdc, line 44).
Applied set_property IO_BUFFER_TYPE = NONE for tx_data_out_n[3]. (constraint file  /home/luukieboy/Documents/thesis/hdl/projects/adrv9364z7020/ccbob_lvds/adrv9364z7020_ccbob_lvds.gen/sources_1/bd/system/ip/system_axi_ad9361_0/system_axi_ad9361_0/system_axi_ad9361_0_in_context.xdc, line 45).
Applied set_property CLOCK_BUFFER_TYPE = NONE for tx_data_out_n[3]. (constraint file  /home/luukieboy/Documents/thesis/hdl/projects/adrv9364z7020/ccbob_lvds/adrv9364z7020_ccbob_lvds.gen/sources_1/bd/system/ip/system_axi_ad9361_0/system_axi_ad9361_0/system_axi_ad9361_0_in_context.xdc, line 46).
Applied set_property IO_BUFFER_TYPE = NONE for tx_data_out_n[4]. (constraint file  /home/luukieboy/Documents/thesis/hdl/projects/adrv9364z7020/ccbob_lvds/adrv9364z7020_ccbob_lvds.gen/sources_1/bd/system/ip/system_axi_ad9361_0/system_axi_ad9361_0/system_axi_ad9361_0_in_context.xdc, line 47).
Applied set_property CLOCK_BUFFER_TYPE = NONE for tx_data_out_n[4]. (constraint file  /home/luukieboy/Documents/thesis/hdl/projects/adrv9364z7020/ccbob_lvds/adrv9364z7020_ccbob_lvds.gen/sources_1/bd/system/ip/system_axi_ad9361_0/system_axi_ad9361_0/system_axi_ad9361_0_in_context.xdc, line 48).
Applied set_property IO_BUFFER_TYPE = NONE for tx_data_out_n[5]. (constraint file  /home/luukieboy/Documents/thesis/hdl/projects/adrv9364z7020/ccbob_lvds/adrv9364z7020_ccbob_lvds.gen/sources_1/bd/system/ip/system_axi_ad9361_0/system_axi_ad9361_0/system_axi_ad9361_0_in_context.xdc, line 49).
Applied set_property CLOCK_BUFFER_TYPE = NONE for tx_data_out_n[5]. (constraint file  /home/luukieboy/Documents/thesis/hdl/projects/adrv9364z7020/ccbob_lvds/adrv9364z7020_ccbob_lvds.gen/sources_1/bd/system/ip/system_axi_ad9361_0/system_axi_ad9361_0/system_axi_ad9361_0_in_context.xdc, line 50).
Applied set_property IO_BUFFER_TYPE = NONE for tx_data_out_p[0]. (constraint file  /home/luukieboy/Documents/thesis/hdl/projects/adrv9364z7020/ccbob_lvds/adrv9364z7020_ccbob_lvds.gen/sources_1/bd/system/ip/system_axi_ad9361_0/system_axi_ad9361_0/system_axi_ad9361_0_in_context.xdc, line 51).
Applied set_property CLOCK_BUFFER_TYPE = NONE for tx_data_out_p[0]. (constraint file  /home/luukieboy/Documents/thesis/hdl/projects/adrv9364z7020/ccbob_lvds/adrv9364z7020_ccbob_lvds.gen/sources_1/bd/system/ip/system_axi_ad9361_0/system_axi_ad9361_0/system_axi_ad9361_0_in_context.xdc, line 52).
Applied set_property IO_BUFFER_TYPE = NONE for tx_data_out_p[1]. (constraint file  /home/luukieboy/Documents/thesis/hdl/projects/adrv9364z7020/ccbob_lvds/adrv9364z7020_ccbob_lvds.gen/sources_1/bd/system/ip/system_axi_ad9361_0/system_axi_ad9361_0/system_axi_ad9361_0_in_context.xdc, line 53).
Applied set_property CLOCK_BUFFER_TYPE = NONE for tx_data_out_p[1]. (constraint file  /home/luukieboy/Documents/thesis/hdl/projects/adrv9364z7020/ccbob_lvds/adrv9364z7020_ccbob_lvds.gen/sources_1/bd/system/ip/system_axi_ad9361_0/system_axi_ad9361_0/system_axi_ad9361_0_in_context.xdc, line 54).
Applied set_property IO_BUFFER_TYPE = NONE for tx_data_out_p[2]. (constraint file  /home/luukieboy/Documents/thesis/hdl/projects/adrv9364z7020/ccbob_lvds/adrv9364z7020_ccbob_lvds.gen/sources_1/bd/system/ip/system_axi_ad9361_0/system_axi_ad9361_0/system_axi_ad9361_0_in_context.xdc, line 55).
Applied set_property CLOCK_BUFFER_TYPE = NONE for tx_data_out_p[2]. (constraint file  /home/luukieboy/Documents/thesis/hdl/projects/adrv9364z7020/ccbob_lvds/adrv9364z7020_ccbob_lvds.gen/sources_1/bd/system/ip/system_axi_ad9361_0/system_axi_ad9361_0/system_axi_ad9361_0_in_context.xdc, line 56).
Applied set_property IO_BUFFER_TYPE = NONE for tx_data_out_p[3]. (constraint file  /home/luukieboy/Documents/thesis/hdl/projects/adrv9364z7020/ccbob_lvds/adrv9364z7020_ccbob_lvds.gen/sources_1/bd/system/ip/system_axi_ad9361_0/system_axi_ad9361_0/system_axi_ad9361_0_in_context.xdc, line 57).
Applied set_property CLOCK_BUFFER_TYPE = NONE for tx_data_out_p[3]. (constraint file  /home/luukieboy/Documents/thesis/hdl/projects/adrv9364z7020/ccbob_lvds/adrv9364z7020_ccbob_lvds.gen/sources_1/bd/system/ip/system_axi_ad9361_0/system_axi_ad9361_0/system_axi_ad9361_0_in_context.xdc, line 58).
Applied set_property IO_BUFFER_TYPE = NONE for tx_data_out_p[4]. (constraint file  /home/luukieboy/Documents/thesis/hdl/projects/adrv9364z7020/ccbob_lvds/adrv9364z7020_ccbob_lvds.gen/sources_1/bd/system/ip/system_axi_ad9361_0/system_axi_ad9361_0/system_axi_ad9361_0_in_context.xdc, line 59).
Applied set_property CLOCK_BUFFER_TYPE = NONE for tx_data_out_p[4]. (constraint file  /home/luukieboy/Documents/thesis/hdl/projects/adrv9364z7020/ccbob_lvds/adrv9364z7020_ccbob_lvds.gen/sources_1/bd/system/ip/system_axi_ad9361_0/system_axi_ad9361_0/system_axi_ad9361_0_in_context.xdc, line 60).
Applied set_property IO_BUFFER_TYPE = NONE for tx_data_out_p[5]. (constraint file  /home/luukieboy/Documents/thesis/hdl/projects/adrv9364z7020/ccbob_lvds/adrv9364z7020_ccbob_lvds.gen/sources_1/bd/system/ip/system_axi_ad9361_0/system_axi_ad9361_0/system_axi_ad9361_0_in_context.xdc, line 61).
Applied set_property CLOCK_BUFFER_TYPE = NONE for tx_data_out_p[5]. (constraint file  /home/luukieboy/Documents/thesis/hdl/projects/adrv9364z7020/ccbob_lvds/adrv9364z7020_ccbob_lvds.gen/sources_1/bd/system/ip/system_axi_ad9361_0/system_axi_ad9361_0/system_axi_ad9361_0_in_context.xdc, line 62).
Applied set_property IO_BUFFER_TYPE = NONE for tx_frame_out_n. (constraint file  /home/luukieboy/Documents/thesis/hdl/projects/adrv9364z7020/ccbob_lvds/adrv9364z7020_ccbob_lvds.gen/sources_1/bd/system/ip/system_axi_ad9361_0/system_axi_ad9361_0/system_axi_ad9361_0_in_context.xdc, line 63).
Applied set_property CLOCK_BUFFER_TYPE = NONE for tx_frame_out_n. (constraint file  /home/luukieboy/Documents/thesis/hdl/projects/adrv9364z7020/ccbob_lvds/adrv9364z7020_ccbob_lvds.gen/sources_1/bd/system/ip/system_axi_ad9361_0/system_axi_ad9361_0/system_axi_ad9361_0_in_context.xdc, line 64).
Applied set_property IO_BUFFER_TYPE = NONE for tx_frame_out_p. (constraint file  /home/luukieboy/Documents/thesis/hdl/projects/adrv9364z7020/ccbob_lvds/adrv9364z7020_ccbob_lvds.gen/sources_1/bd/system/ip/system_axi_ad9361_0/system_axi_ad9361_0/system_axi_ad9361_0_in_context.xdc, line 65).
Applied set_property CLOCK_BUFFER_TYPE = NONE for tx_frame_out_p. (constraint file  /home/luukieboy/Documents/thesis/hdl/projects/adrv9364z7020/ccbob_lvds/adrv9364z7020_ccbob_lvds.gen/sources_1/bd/system/ip/system_axi_ad9361_0/system_axi_ad9361_0/system_axi_ad9361_0_in_context.xdc, line 66).
Applied set_property IO_BUFFER_TYPE = NONE for txnrx. (constraint file  /home/luukieboy/Documents/thesis/hdl/projects/adrv9364z7020/ccbob_lvds/adrv9364z7020_ccbob_lvds.gen/sources_1/bd/system/ip/system_axi_ad9361_0/system_axi_ad9361_0/system_axi_ad9361_0_in_context.xdc, line 67).
Applied set_property CLOCK_BUFFER_TYPE = NONE for txnrx. (constraint file  /home/luukieboy/Documents/thesis/hdl/projects/adrv9364z7020/ccbob_lvds/adrv9364z7020_ccbob_lvds.gen/sources_1/bd/system/ip/system_axi_ad9361_0/system_axi_ad9361_0/system_axi_ad9361_0_in_context.xdc, line 68).
Applied set_property KEEP_HIERARCHY = SOFT for i_system_wrapper/system_i. (constraint file  auto generated constraint).
Applied set_property KEEP_HIERARCHY = SOFT for i_system_wrapper/system_i/sys_ps7. (constraint file  auto generated constraint).
Applied set_property KEEP_HIERARCHY = SOFT for i_system_wrapper/system_i/axi_iic_main. (constraint file  auto generated constraint).
Applied set_property KEEP_HIERARCHY = SOFT for i_system_wrapper/system_i/sys_concat_intc. (constraint file  auto generated constraint).
Applied set_property KEEP_HIERARCHY = SOFT for i_system_wrapper/system_i/sys_rstgen. (constraint file  auto generated constraint).
Applied set_property KEEP_HIERARCHY = SOFT for i_system_wrapper/system_i/sys_logic_inv. (constraint file  auto generated constraint).
Applied set_property KEEP_HIERARCHY = SOFT for i_system_wrapper/system_i/axi_sysid_0. (constraint file  auto generated constraint).
Applied set_property KEEP_HIERARCHY = SOFT for i_system_wrapper/system_i/rom_sys_0. (constraint file  auto generated constraint).
Applied set_property KEEP_HIERARCHY = SOFT for i_system_wrapper/system_i/GND_1. (constraint file  auto generated constraint).
Applied set_property KEEP_HIERARCHY = SOFT for i_system_wrapper/system_i/axi_cpu_interconnect/xbar. (constraint file  auto generated constraint).
Applied set_property KEEP_HIERARCHY = SOFT for i_system_wrapper/system_i/axi_cpu_interconnect/s00_couplers/auto_pc. (constraint file  auto generated constraint).
Applied set_property KEEP_HIERARCHY = SOFT for i_system_wrapper/system_i/axi_cpu_interconnect. (constraint file  auto generated constraint).
Applied set_property KEEP_HIERARCHY = SOFT for i_system_wrapper/system_i/axi_ad9361. (constraint file  auto generated constraint).
Applied set_property KEEP_HIERARCHY = SOFT for i_system_wrapper/system_i/util_ad9361_tdd_sync. (constraint file  auto generated constraint).
Applied set_property KEEP_HIERARCHY = SOFT for i_system_wrapper/system_i/util_ad9361_divclk_sel_concat. (constraint file  auto generated constraint).
Applied set_property KEEP_HIERARCHY = SOFT for i_system_wrapper/system_i/util_ad9361_divclk_sel. (constraint file  auto generated constraint).
Applied set_property KEEP_HIERARCHY = SOFT for i_system_wrapper/system_i/util_ad9361_divclk. (constraint file  auto generated constraint).
Applied set_property KEEP_HIERARCHY = SOFT for i_system_wrapper/system_i/util_ad9361_divclk_reset. (constraint file  auto generated constraint).
Applied set_property KEEP_HIERARCHY = SOFT for i_system_wrapper/system_i/util_ad9361_adc_fifo. (constraint file  auto generated constraint).
Applied set_property KEEP_HIERARCHY = SOFT for i_system_wrapper/system_i/util_ad9361_adc_pack. (constraint file  auto generated constraint).
Applied set_property KEEP_HIERARCHY = SOFT for i_system_wrapper/system_i/axi_ad9361_adc_dma. (constraint file  auto generated constraint).
Applied set_property KEEP_HIERARCHY = SOFT for i_system_wrapper/system_i/axi_ad9361_dac_fifo. (constraint file  auto generated constraint).
Applied set_property KEEP_HIERARCHY = SOFT for i_system_wrapper/system_i/util_ad9361_dac_upack. (constraint file  auto generated constraint).
Applied set_property KEEP_HIERARCHY = SOFT for i_system_wrapper/system_i/axi_ad9361_dac_dma. (constraint file  auto generated constraint).
Applied set_property KEEP_HIERARCHY = SOFT for i_system_wrapper/system_i/axi_hp1_interconnect. (constraint file  auto generated constraint).
Applied set_property KEEP_HIERARCHY = SOFT for i_system_wrapper/system_i/axi_hp2_interconnect. (constraint file  auto generated constraint).
Applied set_property KEEP_HIERARCHY = SOFT for i_system_wrapper/system_i/axi_gpreg. (constraint file  auto generated constraint).
---------------------------------------------------------------------------------
Finished applying 'set_property' XDC Constraints : Time (s): cpu = 00:00:09 ; elapsed = 00:00:09 . Memory (MB): peak = 2302.668 ; gain = 634.344 ; free physical = 3203 ; free virtual = 9865
---------------------------------------------------------------------------------
---------------------------------------------------------------------------------
Finished RTL Optimization Phase 2 : Time (s): cpu = 00:00:09 ; elapsed = 00:00:09 . Memory (MB): peak = 2302.668 ; gain = 634.344 ; free physical = 3200 ; free virtual = 9863
---------------------------------------------------------------------------------
---------------------------------------------------------------------------------
Start RTL Component Statistics 
---------------------------------------------------------------------------------
Detailed RTL Component Info : 
---------------------------------------------------------------------------------
Finished RTL Component Statistics 
---------------------------------------------------------------------------------
---------------------------------------------------------------------------------
Start Part Resource Summary
---------------------------------------------------------------------------------
Part Resources:
DSPs: 220 (col length:60)
BRAMs: 280 (col length: RAMB18 60 RAMB36 30)
---------------------------------------------------------------------------------
Finished Part Resource Summary
---------------------------------------------------------------------------------
---------------------------------------------------------------------------------
Start Cross Boundary and Area Optimization
---------------------------------------------------------------------------------
WARNING: [Synth 8-7080] Parallel synthesis criteria is not met
WARNING: [Synth 8-7129] Port ACLK in module system_axi_hp2_interconnect_0 is either unconnected or has no load
WARNING: [Synth 8-7129] Port ARESETN in module system_axi_hp2_interconnect_0 is either unconnected or has no load
WARNING: [Synth 8-7129] Port M00_ACLK in module system_axi_hp2_interconnect_0 is either unconnected or has no load
WARNING: [Synth 8-7129] Port M00_ARESETN in module system_axi_hp2_interconnect_0 is either unconnected or has no load
WARNING: [Synth 8-7129] Port S00_ACLK in module system_axi_hp2_interconnect_0 is either unconnected or has no load
WARNING: [Synth 8-7129] Port S00_ARESETN in module system_axi_hp2_interconnect_0 is either unconnected or has no load
WARNING: [Synth 8-7129] Port ACLK in module system_axi_hp1_interconnect_0 is either unconnected or has no load
WARNING: [Synth 8-7129] Port ARESETN in module system_axi_hp1_interconnect_0 is either unconnected or has no load
WARNING: [Synth 8-7129] Port M00_ACLK in module system_axi_hp1_interconnect_0 is either unconnected or has no load
WARNING: [Synth 8-7129] Port M00_ARESETN in module system_axi_hp1_interconnect_0 is either unconnected or has no load
WARNING: [Synth 8-7129] Port S00_ACLK in module system_axi_hp1_interconnect_0 is either unconnected or has no load
WARNING: [Synth 8-7129] Port S00_ARESETN in module system_axi_hp1_interconnect_0 is either unconnected or has no load
WARNING: [Synth 8-7129] Port M00_ACLK in module system_axi_cpu_interconnect_0 is either unconnected or has no load
WARNING: [Synth 8-7129] Port M00_ARESETN in module system_axi_cpu_interconnect_0 is either unconnected or has no load
WARNING: [Synth 8-7129] Port M01_ACLK in module system_axi_cpu_interconnect_0 is either unconnected or has no load
WARNING: [Synth 8-7129] Port M01_ARESETN in module system_axi_cpu_interconnect_0 is either unconnected or has no load
WARNING: [Synth 8-7129] Port M02_ACLK in module system_axi_cpu_interconnect_0 is either unconnected or has no load
WARNING: [Synth 8-7129] Port M02_ARESETN in module system_axi_cpu_interconnect_0 is either unconnected or has no load
WARNING: [Synth 8-7129] Port M03_ACLK in module system_axi_cpu_interconnect_0 is either unconnected or has no load
WARNING: [Synth 8-7129] Port M03_ARESETN in module system_axi_cpu_interconnect_0 is either unconnected or has no load
WARNING: [Synth 8-7129] Port M04_ACLK in module system_axi_cpu_interconnect_0 is either unconnected or has no load
WARNING: [Synth 8-7129] Port M04_ARESETN in module system_axi_cpu_interconnect_0 is either unconnected or has no load
WARNING: [Synth 8-7129] Port M05_ACLK in module system_axi_cpu_interconnect_0 is either unconnected or has no load
WARNING: [Synth 8-7129] Port M05_ARESETN in module system_axi_cpu_interconnect_0 is either unconnected or has no load
WARNING: [Synth 8-7129] Port S00_ACLK in module system_axi_cpu_interconnect_0 is either unconnected or has no load
WARNING: [Synth 8-7129] Port S00_ARESETN in module system_axi_cpu_interconnect_0 is either unconnected or has no load
---------------------------------------------------------------------------------
Finished Cross Boundary and Area Optimization : Time (s): cpu = 00:00:10 ; elapsed = 00:00:10 . Memory (MB): peak = 2302.668 ; gain = 634.344 ; free physical = 3199 ; free virtual = 9867
---------------------------------------------------------------------------------
---------------------------------------------------------------------------------
Start Applying XDC Timing Constraints
---------------------------------------------------------------------------------
---------------------------------------------------------------------------------
Finished Applying XDC Timing Constraints : Time (s): cpu = 00:00:13 ; elapsed = 00:00:13 . Memory (MB): peak = 2302.668 ; gain = 634.344 ; free physical = 3199 ; free virtual = 9867
---------------------------------------------------------------------------------
---------------------------------------------------------------------------------
Start Timing Optimization
---------------------------------------------------------------------------------
---------------------------------------------------------------------------------
Finished Timing Optimization : Time (s): cpu = 00:00:13 ; elapsed = 00:00:13 . Memory (MB): peak = 2302.668 ; gain = 634.344 ; free physical = 3199 ; free virtual = 9867
---------------------------------------------------------------------------------
---------------------------------------------------------------------------------
Start Technology Mapping
---------------------------------------------------------------------------------
---------------------------------------------------------------------------------
Finished Technology Mapping : Time (s): cpu = 00:00:13 ; elapsed = 00:00:13 . Memory (MB): peak = 2302.668 ; gain = 634.344 ; free physical = 3199 ; free virtual = 9867
---------------------------------------------------------------------------------
---------------------------------------------------------------------------------
Start IO Insertion
---------------------------------------------------------------------------------
---------------------------------------------------------------------------------
Start Flattening Before IO Insertion
---------------------------------------------------------------------------------
---------------------------------------------------------------------------------
Finished Flattening Before IO Insertion
---------------------------------------------------------------------------------
---------------------------------------------------------------------------------
Start Final Netlist Cleanup
---------------------------------------------------------------------------------
---------------------------------------------------------------------------------
Finished Final Netlist Cleanup
---------------------------------------------------------------------------------
---------------------------------------------------------------------------------
Finished IO Insertion : Time (s): cpu = 00:00:16 ; elapsed = 00:00:16 . Memory (MB): peak = 2302.668 ; gain = 634.344 ; free physical = 3168 ; free virtual = 9863
---------------------------------------------------------------------------------
---------------------------------------------------------------------------------
Start Renaming Generated Instances
---------------------------------------------------------------------------------
---------------------------------------------------------------------------------
Finished Renaming Generated Instances : Time (s): cpu = 00:00:16 ; elapsed = 00:00:16 . Memory (MB): peak = 2302.668 ; gain = 634.344 ; free physical = 3168 ; free virtual = 9863
---------------------------------------------------------------------------------
---------------------------------------------------------------------------------
Start Rebuilding User Hierarchy
---------------------------------------------------------------------------------
---------------------------------------------------------------------------------
Finished Rebuilding User Hierarchy : Time (s): cpu = 00:00:16 ; elapsed = 00:00:16 . Memory (MB): peak = 2302.668 ; gain = 634.344 ; free physical = 3168 ; free virtual = 9863
---------------------------------------------------------------------------------
---------------------------------------------------------------------------------
Start Renaming Generated Ports
---------------------------------------------------------------------------------
---------------------------------------------------------------------------------
Finished Renaming Generated Ports : Time (s): cpu = 00:00:16 ; elapsed = 00:00:16 . Memory (MB): peak = 2302.668 ; gain = 634.344 ; free physical = 3168 ; free virtual = 9863
---------------------------------------------------------------------------------
---------------------------------------------------------------------------------
Start Handling Custom Attributes
---------------------------------------------------------------------------------
---------------------------------------------------------------------------------
Finished Handling Custom Attributes : Time (s): cpu = 00:00:16 ; elapsed = 00:00:16 . Memory (MB): peak = 2302.668 ; gain = 634.344 ; free physical = 3168 ; free virtual = 9863
---------------------------------------------------------------------------------
---------------------------------------------------------------------------------
Start Renaming Generated Nets
---------------------------------------------------------------------------------
---------------------------------------------------------------------------------
Finished Renaming Generated Nets : Time (s): cpu = 00:00:16 ; elapsed = 00:00:16 . Memory (MB): peak = 2302.668 ; gain = 634.344 ; free physical = 3168 ; free virtual = 9863
---------------------------------------------------------------------------------
---------------------------------------------------------------------------------
Start Writing Synthesis Report
---------------------------------------------------------------------------------

Report BlackBoxes: 
+------+----------------------------------+----------+
|      |BlackBox name                     |Instances |
+------+----------------------------------+----------+
|1     |system_xbar_0                     |         1|
|2     |system_auto_pc_0                  |         1|
|3     |system_axi_ad9361_0               |         1|
|4     |system_axi_ad9361_adc_dma_0       |         1|
|5     |system_axi_ad9361_dac_dma_0       |         1|
|6     |system_axi_ad9361_dac_fifo_0      |         1|
|7     |system_axi_gpreg_0                |         1|
|8     |system_axi_iic_main_0             |         1|
|9     |system_axi_sysid_0_0              |         1|
|10    |system_rom_sys_0_0                |         1|
|11    |system_sys_logic_inv_0            |         1|
|12    |system_sys_ps7_0                  |         1|
|13    |system_sys_rstgen_0               |         1|
|14    |system_util_ad9361_adc_fifo_0     |         1|
|15    |system_util_ad9361_adc_pack_0     |         1|
|16    |system_util_ad9361_dac_upack_0    |         1|
|17    |system_util_ad9361_divclk_0       |         1|
|18    |system_util_ad9361_divclk_reset_0 |         1|
|19    |system_util_ad9361_divclk_sel_0   |         1|
|20    |system_util_ad9361_tdd_sync_0     |         1|
+------+----------------------------------+----------+

Report Cell Usage: 
+------+--------------------------------+------+
|      |Cell                            |Count |
+------+--------------------------------+------+
|1     |system_auto_pc                  |     1|
|2     |system_axi_ad9361               |     1|
|3     |system_axi_ad9361_adc_dma       |     1|
|4     |system_axi_ad9361_dac_dma       |     1|
|5     |system_axi_ad9361_dac_fifo      |     1|
|6     |system_axi_gpreg                |     1|
|7     |system_axi_iic_main             |     1|
|8     |system_axi_sysid_0              |     1|
|9     |system_rom_sys_0                |     1|
|10    |system_sys_logic_inv            |     1|
|11    |system_sys_ps7                  |     1|
|12    |system_sys_rstgen               |     1|
|13    |system_util_ad9361_adc_fifo     |     1|
|14    |system_util_ad9361_adc_pack     |     1|
|15    |system_util_ad9361_dac_upack    |     1|
|16    |system_util_ad9361_divclk       |     1|
|17    |system_util_ad9361_divclk_reset |     1|
|18    |system_util_ad9361_divclk_sel   |     1|
|19    |system_util_ad9361_tdd_sync     |     1|
|20    |system_xbar                     |     1|
|21    |IBUF                            |    30|
|22    |IOBUF                           |    29|
|23    |OBUF                            |    32|
+------+--------------------------------+------+
---------------------------------------------------------------------------------
Finished Writing Synthesis Report : Time (s): cpu = 00:00:16 ; elapsed = 00:00:16 . Memory (MB): peak = 2302.668 ; gain = 634.344 ; free physical = 3168 ; free virtual = 9863
---------------------------------------------------------------------------------
Synthesis finished with 0 errors, 0 critical warnings and 27 warnings.
Synthesis Optimization Runtime : Time (s): cpu = 00:00:14 ; elapsed = 00:00:15 . Memory (MB): peak = 2302.668 ; gain = 499.559 ; free physical = 3168 ; free virtual = 9863
Synthesis Optimization Complete : Time (s): cpu = 00:00:16 ; elapsed = 00:00:16 . Memory (MB): peak = 2302.668 ; gain = 634.344 ; free physical = 3168 ; free virtual = 9863
INFO: [Project 1-571] Translating synthesized netlist
Netlist sorting complete. Time (s): cpu = 00:00:00.01 ; elapsed = 00:00:00.01 . Memory (MB): peak = 2302.668 ; gain = 0.000 ; free physical = 3451 ; free virtual = 10146
INFO: [Netlist 29-17] Analyzing 29 Unisim elements for replacement
INFO: [Netlist 29-28] Unisim Transformation completed in 0 CPU seconds
INFO: [Project 1-570] Preparing netlist for logic optimization
INFO: [Opt 31-138] Pushed 0 inverter(s) to 0 load pin(s).
Netlist sorting complete. Time (s): cpu = 00:00:00 ; elapsed = 00:00:00 . Memory (MB): peak = 2302.668 ; gain = 0.000 ; free physical = 3451 ; free virtual = 10146
INFO: [Project 1-111] Unisim Transformation Summary:
  A total of 29 instances were transformed.
  IOBUF => IOBUF (IBUF, OBUFT): 29 instances

Synth Design complete | Checksum: c018d8e0
INFO: [Common 17-83] Releasing license: Synthesis
110 Infos, 395 Warnings, 0 Critical Warnings and 0 Errors encountered.
synth_design completed successfully
synth_design: Time (s): cpu = 00:00:21 ; elapsed = 00:00:19 . Memory (MB): peak = 2302.668 ; gain = 977.875 ; free physical = 3451 ; free virtual = 10146
INFO: [Common 17-2834] synth_design peak Physical Memory [PSS] (MB): overall = 1869.720; main = 1535.816; forked = 385.927
INFO: [Common 17-2834] synth_design peak Virtual Memory [VSS] (MB): overall = 3267.242; main = 2270.621; forked = 996.621
Write ShapeDB Complete: Time (s): cpu = 00:00:00 ; elapsed = 00:00:00 . Memory (MB): peak = 2302.668 ; gain = 0.000 ; free physical = 3451 ; free virtual = 10146
INFO: [Common 17-1381] The checkpoint '/home/luukieboy/Documents/thesis/hdl/projects/adrv9364z7020/ccbob_lvds/adrv9364z7020_ccbob_lvds.runs/synth_1/system_top.dcp' has been generated.
INFO: [runtcl-4] Executing : report_utilization -file system_top_utilization_synth.rpt -pb system_top_utilization_synth.pb
INFO: [Common 17-206] Exiting Vivado at Thu Apr 16 14:21:59 2026...
[Thu Apr 16 14:22:02 2026] synth_1 finished
wait_on_runs: Time (s): cpu = 00:04:44 ; elapsed = 00:01:44 . Memory (MB): peak = 2174.098 ; gain = 0.000 ; free physical = 4796 ; free virtual = 11454
Design is defaulting to impl run constrset: constrs_1
Design is defaulting to synth run part: xc7z020clg400-1
INFO: [Device 21-403] Loading part xc7z020clg400-1
INFO: [Project 1-454] Reading design checkpoint '/home/luukieboy/Documents/thesis/hdl/projects/adrv9364z7020/ccbob_lvds/adrv9364z7020_ccbob_lvds.gen/sources_1/bd/system/ip/system_axi_ad9361_0/system_axi_ad9361_0.dcp' for cell 'i_system_wrapper/system_i/axi_ad9361'
INFO: [Project 1-454] Reading design checkpoint '/home/luukieboy/Documents/thesis/hdl/projects/adrv9364z7020/ccbob_lvds/adrv9364z7020_ccbob_lvds.gen/sources_1/bd/system/ip/system_axi_ad9361_adc_dma_0/system_axi_ad9361_adc_dma_0.dcp' for cell 'i_system_wrapper/system_i/axi_ad9361_adc_dma'
INFO: [Project 1-454] Reading design checkpoint '/home/luukieboy/Documents/thesis/hdl/projects/adrv9364z7020/ccbob_lvds/adrv9364z7020_ccbob_lvds.gen/sources_1/bd/system/ip/system_axi_ad9361_dac_dma_0/system_axi_ad9361_dac_dma_0.dcp' for cell 'i_system_wrapper/system_i/axi_ad9361_dac_dma'
INFO: [Project 1-454] Reading design checkpoint '/home/luukieboy/Documents/thesis/hdl/projects/adrv9364z7020/ccbob_lvds/adrv9364z7020_ccbob_lvds.gen/sources_1/bd/system/ip/system_axi_ad9361_dac_fifo_0/system_axi_ad9361_dac_fifo_0.dcp' for cell 'i_system_wrapper/system_i/axi_ad9361_dac_fifo'
INFO: [Project 1-454] Reading design checkpoint '/home/luukieboy/Documents/thesis/hdl/projects/adrv9364z7020/ccbob_lvds/adrv9364z7020_ccbob_lvds.gen/sources_1/bd/system/ip/system_axi_gpreg_0/system_axi_gpreg_0.dcp' for cell 'i_system_wrapper/system_i/axi_gpreg'
INFO: [Project 1-454] Reading design checkpoint '/home/luukieboy/Documents/thesis/hdl/projects/adrv9364z7020/ccbob_lvds/adrv9364z7020_ccbob_lvds.gen/sources_1/bd/system/ip/system_axi_iic_main_0/system_axi_iic_main_0.dcp' for cell 'i_system_wrapper/system_i/axi_iic_main'
INFO: [Project 1-454] Reading design checkpoint '/home/luukieboy/Documents/thesis/hdl/projects/adrv9364z7020/ccbob_lvds/adrv9364z7020_ccbob_lvds.gen/sources_1/bd/system/ip/system_axi_sysid_0_0/system_axi_sysid_0_0.dcp' for cell 'i_system_wrapper/system_i/axi_sysid_0'
INFO: [Project 1-454] Reading design checkpoint '/home/luukieboy/Documents/thesis/hdl/projects/adrv9364z7020/ccbob_lvds/adrv9364z7020_ccbob_lvds.gen/sources_1/bd/system/ip/system_rom_sys_0_0/system_rom_sys_0_0.dcp' for cell 'i_system_wrapper/system_i/rom_sys_0'
INFO: [Project 1-454] Reading design checkpoint '/home/luukieboy/Documents/thesis/hdl/projects/adrv9364z7020/ccbob_lvds/adrv9364z7020_ccbob_lvds.gen/sources_1/bd/system/ip/system_sys_logic_inv_0/system_sys_logic_inv_0.dcp' for cell 'i_system_wrapper/system_i/sys_logic_inv'
INFO: [Project 1-454] Reading design checkpoint '/home/luukieboy/Documents/thesis/hdl/projects/adrv9364z7020/ccbob_lvds/adrv9364z7020_ccbob_lvds.gen/sources_1/bd/system/ip/system_sys_ps7_0/system_sys_ps7_0.dcp' for cell 'i_system_wrapper/system_i/sys_ps7'
INFO: [Project 1-454] Reading design checkpoint '/home/luukieboy/Documents/thesis/hdl/projects/adrv9364z7020/ccbob_lvds/adrv9364z7020_ccbob_lvds.gen/sources_1/bd/system/ip/system_sys_rstgen_0/system_sys_rstgen_0.dcp' for cell 'i_system_wrapper/system_i/sys_rstgen'
INFO: [Project 1-454] Reading design checkpoint '/home/luukieboy/Documents/thesis/hdl/projects/adrv9364z7020/ccbob_lvds/adrv9364z7020_ccbob_lvds.gen/sources_1/bd/system/ip/system_util_ad9361_adc_fifo_0/system_util_ad9361_adc_fifo_0.dcp' for cell 'i_system_wrapper/system_i/util_ad9361_adc_fifo'
INFO: [Project 1-454] Reading design checkpoint '/home/luukieboy/Documents/thesis/hdl/projects/adrv9364z7020/ccbob_lvds/adrv9364z7020_ccbob_lvds.gen/sources_1/bd/system/ip/system_util_ad9361_adc_pack_0/system_util_ad9361_adc_pack_0.dcp' for cell 'i_system_wrapper/system_i/util_ad9361_adc_pack'
INFO: [Project 1-454] Reading design checkpoint '/home/luukieboy/Documents/thesis/hdl/projects/adrv9364z7020/ccbob_lvds/adrv9364z7020_ccbob_lvds.gen/sources_1/bd/system/ip/system_util_ad9361_dac_upack_0/system_util_ad9361_dac_upack_0.dcp' for cell 'i_system_wrapper/system_i/util_ad9361_dac_upack'
INFO: [Project 1-454] Reading design checkpoint '/home/luukieboy/Documents/thesis/hdl/projects/adrv9364z7020/ccbob_lvds/adrv9364z7020_ccbob_lvds.gen/sources_1/bd/system/ip/system_util_ad9361_divclk_0/system_util_ad9361_divclk_0.dcp' for cell 'i_system_wrapper/system_i/util_ad9361_divclk'
INFO: [Project 1-454] Reading design checkpoint '/home/luukieboy/Documents/thesis/hdl/projects/adrv9364z7020/ccbob_lvds/adrv9364z7020_ccbob_lvds.gen/sources_1/bd/system/ip/system_util_ad9361_divclk_reset_0/system_util_ad9361_divclk_reset_0.dcp' for cell 'i_system_wrapper/system_i/util_ad9361_divclk_reset'
INFO: [Project 1-454] Reading design checkpoint '/home/luukieboy/Documents/thesis/hdl/projects/adrv9364z7020/ccbob_lvds/adrv9364z7020_ccbob_lvds.gen/sources_1/bd/system/ip/system_util_ad9361_divclk_sel_0/system_util_ad9361_divclk_sel_0.dcp' for cell 'i_system_wrapper/system_i/util_ad9361_divclk_sel'
INFO: [Project 1-454] Reading design checkpoint '/home/luukieboy/Documents/thesis/hdl/projects/adrv9364z7020/ccbob_lvds/adrv9364z7020_ccbob_lvds.gen/sources_1/bd/system/ip/system_util_ad9361_tdd_sync_0/system_util_ad9361_tdd_sync_0.dcp' for cell 'i_system_wrapper/system_i/util_ad9361_tdd_sync'
INFO: [Project 1-454] Reading design checkpoint '/home/luukieboy/Documents/thesis/hdl/projects/adrv9364z7020/ccbob_lvds/adrv9364z7020_ccbob_lvds.gen/sources_1/bd/system/ip/system_xbar_0/system_xbar_0.dcp' for cell 'i_system_wrapper/system_i/axi_cpu_interconnect/xbar'
INFO: [Project 1-454] Reading design checkpoint '/home/luukieboy/Documents/thesis/hdl/projects/adrv9364z7020/ccbob_lvds/adrv9364z7020_ccbob_lvds.gen/sources_1/bd/system/ip/system_auto_pc_0/system_auto_pc_0.dcp' for cell 'i_system_wrapper/system_i/axi_cpu_interconnect/s00_couplers/auto_pc'
Netlist sorting complete. Time (s): cpu = 00:00:00.19 ; elapsed = 00:00:00.2 . Memory (MB): peak = 2174.098 ; gain = 0.000 ; free physical = 4808 ; free virtual = 11482
INFO: [Netlist 29-17] Analyzing 1704 Unisim elements for replacement
INFO: [Netlist 29-28] Unisim Transformation completed in 0 CPU seconds
INFO: [Project 1-479] Netlist was created with Vivado 2023.2
INFO: [Project 1-570] Preparing netlist for logic optimization
Parsing XDC File [/home/luukieboy/Documents/thesis/hdl/projects/adrv9364z7020/ccbob_lvds/adrv9364z7020_ccbob_lvds.gen/sources_1/bd/system/ip/system_sys_ps7_0/system_sys_ps7_0.xdc] for cell 'i_system_wrapper/system_i/sys_ps7/inst'
Finished Parsing XDC File [/home/luukieboy/Documents/thesis/hdl/projects/adrv9364z7020/ccbob_lvds/adrv9364z7020_ccbob_lvds.gen/sources_1/bd/system/ip/system_sys_ps7_0/system_sys_ps7_0.xdc] for cell 'i_system_wrapper/system_i/sys_ps7/inst'
Parsing XDC File [/home/luukieboy/Documents/thesis/hdl/projects/adrv9364z7020/ccbob_lvds/adrv9364z7020_ccbob_lvds.gen/sources_1/bd/system/ip/system_axi_iic_main_0/system_axi_iic_main_0_board.xdc] for cell 'i_system_wrapper/system_i/axi_iic_main/U0'
Finished Parsing XDC File [/home/luukieboy/Documents/thesis/hdl/projects/adrv9364z7020/ccbob_lvds/adrv9364z7020_ccbob_lvds.gen/sources_1/bd/system/ip/system_axi_iic_main_0/system_axi_iic_main_0_board.xdc] for cell 'i_system_wrapper/system_i/axi_iic_main/U0'
Parsing XDC File [/home/luukieboy/Documents/thesis/hdl/projects/adrv9364z7020/ccbob_lvds/adrv9364z7020_ccbob_lvds.gen/sources_1/bd/system/ip/system_sys_rstgen_0/system_sys_rstgen_0_board.xdc] for cell 'i_system_wrapper/system_i/sys_rstgen/U0'
Finished Parsing XDC File [/home/luukieboy/Documents/thesis/hdl/projects/adrv9364z7020/ccbob_lvds/adrv9364z7020_ccbob_lvds.gen/sources_1/bd/system/ip/system_sys_rstgen_0/system_sys_rstgen_0_board.xdc] for cell 'i_system_wrapper/system_i/sys_rstgen/U0'
Parsing XDC File [/home/luukieboy/Documents/thesis/hdl/projects/adrv9364z7020/ccbob_lvds/adrv9364z7020_ccbob_lvds.gen/sources_1/bd/system/ip/system_sys_rstgen_0/system_sys_rstgen_0.xdc] for cell 'i_system_wrapper/system_i/sys_rstgen/U0'
Finished Parsing XDC File [/home/luukieboy/Documents/thesis/hdl/projects/adrv9364z7020/ccbob_lvds/adrv9364z7020_ccbob_lvds.gen/sources_1/bd/system/ip/system_sys_rstgen_0/system_sys_rstgen_0.xdc] for cell 'i_system_wrapper/system_i/sys_rstgen/U0'
Parsing XDC File [/home/luukieboy/Documents/thesis/hdl/projects/adrv9364z7020/ccbob_lvds/adrv9364z7020_ccbob_lvds.gen/sources_1/bd/system/ip/xilinx/common/up_xfer_cntrl_constr.xdc] for cell 'i_system_wrapper/system_i/axi_ad9361/inst'
Finished Parsing XDC File [/home/luukieboy/Documents/thesis/hdl/projects/adrv9364z7020/ccbob_lvds/adrv9364z7020_ccbob_lvds.gen/sources_1/bd/system/ip/xilinx/common/up_xfer_cntrl_constr.xdc] for cell 'i_system_wrapper/system_i/axi_ad9361/inst'
Parsing XDC File [/home/luukieboy/Documents/thesis/hdl/projects/adrv9364z7020/ccbob_lvds/adrv9364z7020_ccbob_lvds.gen/sources_1/bd/system/ip/xilinx/common/ad_rst_constr.xdc] for cell 'i_system_wrapper/system_i/axi_ad9361/inst'
Finished Parsing XDC File [/home/luukieboy/Documents/thesis/hdl/projects/adrv9364z7020/ccbob_lvds/adrv9364z7020_ccbob_lvds.gen/sources_1/bd/system/ip/xilinx/common/ad_rst_constr.xdc] for cell 'i_system_wrapper/system_i/axi_ad9361/inst'
Parsing XDC File [/home/luukieboy/Documents/thesis/hdl/projects/adrv9364z7020/ccbob_lvds/adrv9364z7020_ccbob_lvds.gen/sources_1/bd/system/ip/xilinx/common/up_xfer_status_constr.xdc] for cell 'i_system_wrapper/system_i/axi_ad9361/inst'
Finished Parsing XDC File [/home/luukieboy/Documents/thesis/hdl/projects/adrv9364z7020/ccbob_lvds/adrv9364z7020_ccbob_lvds.gen/sources_1/bd/system/ip/xilinx/common/up_xfer_status_constr.xdc] for cell 'i_system_wrapper/system_i/axi_ad9361/inst'
Parsing XDC File [/home/luukieboy/Documents/thesis/hdl/projects/adrv9364z7020/ccbob_lvds/adrv9364z7020_ccbob_lvds.gen/sources_1/bd/system/ip/xilinx/common/up_clock_mon_constr.xdc] for cell 'i_system_wrapper/system_i/axi_ad9361/inst'
Finished Parsing XDC File [/home/luukieboy/Documents/thesis/hdl/projects/adrv9364z7020/ccbob_lvds/adrv9364z7020_ccbob_lvds.gen/sources_1/bd/system/ip/xilinx/common/up_clock_mon_constr.xdc] for cell 'i_system_wrapper/system_i/axi_ad9361/inst'
Parsing XDC File [/home/luukieboy/Documents/thesis/hdl/projects/adrv9364z7020/ccbob_lvds/adrv9364z7020_ccbob_lvds.gen/sources_1/bd/system/ip/system_axi_ad9361_0/axi_ad9361_constr.xdc] for cell 'i_system_wrapper/system_i/axi_ad9361/inst'
Finished Parsing XDC File [/home/luukieboy/Documents/thesis/hdl/projects/adrv9364z7020/ccbob_lvds/adrv9364z7020_ccbob_lvds.gen/sources_1/bd/system/ip/system_axi_ad9361_0/axi_ad9361_constr.xdc] for cell 'i_system_wrapper/system_i/axi_ad9361/inst'
Parsing XDC File [/home/luukieboy/Documents/thesis/hdl/projects/adrv9364z7020/ccbob_lvds/adrv9364z7020_ccbob_lvds.gen/sources_1/bd/system/ip/system_util_ad9361_tdd_sync_0/util_tdd_sync_constr.xdc] for cell 'i_system_wrapper/system_i/util_ad9361_tdd_sync/inst'
Finished Parsing XDC File [/home/luukieboy/Documents/thesis/hdl/projects/adrv9364z7020/ccbob_lvds/adrv9364z7020_ccbob_lvds.gen/sources_1/bd/system/ip/system_util_ad9361_tdd_sync_0/util_tdd_sync_constr.xdc] for cell 'i_system_wrapper/system_i/util_ad9361_tdd_sync/inst'
Parsing XDC File [/home/luukieboy/Documents/thesis/hdl/projects/adrv9364z7020/ccbob_lvds/adrv9364z7020_ccbob_lvds.gen/sources_1/bd/system/ip/system_util_ad9361_divclk_reset_0/system_util_ad9361_divclk_reset_0_board.xdc] for cell 'i_system_wrapper/system_i/util_ad9361_divclk_reset/U0'
Finished Parsing XDC File [/home/luukieboy/Documents/thesis/hdl/projects/adrv9364z7020/ccbob_lvds/adrv9364z7020_ccbob_lvds.gen/sources_1/bd/system/ip/system_util_ad9361_divclk_reset_0/system_util_ad9361_divclk_reset_0_board.xdc] for cell 'i_system_wrapper/system_i/util_ad9361_divclk_reset/U0'
Parsing XDC File [/home/luukieboy/Documents/thesis/hdl/projects/adrv9364z7020/ccbob_lvds/adrv9364z7020_ccbob_lvds.gen/sources_1/bd/system/ip/system_util_ad9361_divclk_reset_0/system_util_ad9361_divclk_reset_0.xdc] for cell 'i_system_wrapper/system_i/util_ad9361_divclk_reset/U0'
Finished Parsing XDC File [/home/luukieboy/Documents/thesis/hdl/projects/adrv9364z7020/ccbob_lvds/adrv9364z7020_ccbob_lvds.gen/sources_1/bd/system/ip/system_util_ad9361_divclk_reset_0/system_util_ad9361_divclk_reset_0.xdc] for cell 'i_system_wrapper/system_i/util_ad9361_divclk_reset/U0'
Parsing XDC File [/home/luukieboy/Documents/thesis/hdl/projects/adrv9364z7020/ccbob_lvds/adrv9364z7020_ccbob_lvds.gen/sources_1/bd/system/ip/system_util_ad9361_adc_fifo_0/util_wfifo_constr.xdc] for cell 'i_system_wrapper/system_i/util_ad9361_adc_fifo/inst'
Finished Parsing XDC File [/home/luukieboy/Documents/thesis/hdl/projects/adrv9364z7020/ccbob_lvds/adrv9364z7020_ccbob_lvds.gen/sources_1/bd/system/ip/system_util_ad9361_adc_fifo_0/util_wfifo_constr.xdc] for cell 'i_system_wrapper/system_i/util_ad9361_adc_fifo/inst'
Parsing XDC File [/home/luukieboy/Documents/thesis/hdl/projects/adrv9364z7020/ccbob_lvds/adrv9364z7020_ccbob_lvds.gen/sources_1/bd/system/ip/system_axi_ad9361_dac_fifo_0/util_rfifo_constr.xdc] for cell 'i_system_wrapper/system_i/axi_ad9361_dac_fifo/inst'
Finished Parsing XDC File [/home/luukieboy/Documents/thesis/hdl/projects/adrv9364z7020/ccbob_lvds/adrv9364z7020_ccbob_lvds.gen/sources_1/bd/system/ip/system_axi_ad9361_dac_fifo_0/util_rfifo_constr.xdc] for cell 'i_system_wrapper/system_i/axi_ad9361_dac_fifo/inst'
Parsing XDC File [/home/luukieboy/Documents/thesis/hdl/projects/adrv9364z7020/ccbob_lvds/adrv9364z7020_ccbob_lvds.gen/sources_1/bd/system/ip/xilinx/common/ad_rst_constr.xdc] for cell 'i_system_wrapper/system_i/axi_gpreg/inst'
Finished Parsing XDC File [/home/luukieboy/Documents/thesis/hdl/projects/adrv9364z7020/ccbob_lvds/adrv9364z7020_ccbob_lvds.gen/sources_1/bd/system/ip/xilinx/common/ad_rst_constr.xdc] for cell 'i_system_wrapper/system_i/axi_gpreg/inst'
Parsing XDC File [/home/luukieboy/Documents/thesis/hdl/projects/adrv9364z7020/common/adrv9364z7020_constr.xdc]
Finished Parsing XDC File [/home/luukieboy/Documents/thesis/hdl/projects/adrv9364z7020/common/adrv9364z7020_constr.xdc]
Parsing XDC File [/home/luukieboy/Documents/thesis/hdl/projects/adrv9364z7020/common/adrv9364z7020_constr_lvds.xdc]
Finished Parsing XDC File [/home/luukieboy/Documents/thesis/hdl/projects/adrv9364z7020/common/adrv9364z7020_constr_lvds.xdc]
Parsing XDC File [/home/luukieboy/Documents/thesis/hdl/projects/adrv9364z7020/common/ccbob_constr.xdc]
Finished Parsing XDC File [/home/luukieboy/Documents/thesis/hdl/projects/adrv9364z7020/common/ccbob_constr.xdc]
Parsing XDC File [/home/luukieboy/Documents/thesis/hdl/projects/adrv9364z7020/ccbob_lvds/adrv9364z7020_ccbob_lvds.gen/sources_1/bd/system/ip/system_axi_ad9361_0/system_axi_ad9361_0_pps_constr.xdc] for cell 'i_system_wrapper/system_i/axi_ad9361/inst'
Finished Parsing XDC File [/home/luukieboy/Documents/thesis/hdl/projects/adrv9364z7020/ccbob_lvds/adrv9364z7020_ccbob_lvds.gen/sources_1/bd/system/ip/system_axi_ad9361_0/system_axi_ad9361_0_pps_constr.xdc] for cell 'i_system_wrapper/system_i/axi_ad9361/inst'
Parsing XDC File [/home/luukieboy/Documents/thesis/hdl/projects/adrv9364z7020/ccbob_lvds/adrv9364z7020_ccbob_lvds.gen/sources_1/bd/system/ip/system_util_ad9361_divclk_0/util_clkdiv_constr.xdc] for cell 'i_system_wrapper/system_i/util_ad9361_divclk/inst'
INFO: [Timing 38-35] Done setting XDC timing constraints. [/home/luukieboy/Documents/thesis/hdl/projects/adrv9364z7020/ccbob_lvds/adrv9364z7020_ccbob_lvds.gen/sources_1/bd/system/ip/system_util_ad9361_divclk_0/util_clkdiv_constr.xdc:6]
INFO: [Timing 38-2] Deriving generated clocks [/home/luukieboy/Documents/thesis/hdl/projects/adrv9364z7020/ccbob_lvds/adrv9364z7020_ccbob_lvds.gen/sources_1/bd/system/ip/system_util_ad9361_divclk_0/util_clkdiv_constr.xdc:6]
Finished Parsing XDC File [/home/luukieboy/Documents/thesis/hdl/projects/adrv9364z7020/ccbob_lvds/adrv9364z7020_ccbob_lvds.gen/sources_1/bd/system/ip/system_util_ad9361_divclk_0/util_clkdiv_constr.xdc] for cell 'i_system_wrapper/system_i/util_ad9361_divclk/inst'
Parsing XDC File [/home/luukieboy/Documents/thesis/hdl/projects/adrv9364z7020/ccbob_lvds/adrv9364z7020_ccbob_lvds.gen/sources_1/bd/system/ip/system_axi_ad9361_adc_dma_0/system_axi_ad9361_adc_dma_0_constr.xdc] for cell 'i_system_wrapper/system_i/axi_ad9361_adc_dma/inst'
Finished Parsing XDC File [/home/luukieboy/Documents/thesis/hdl/projects/adrv9364z7020/ccbob_lvds/adrv9364z7020_ccbob_lvds.gen/sources_1/bd/system/ip/system_axi_ad9361_adc_dma_0/system_axi_ad9361_adc_dma_0_constr.xdc] for cell 'i_system_wrapper/system_i/axi_ad9361_adc_dma/inst'
Parsing XDC File [/home/luukieboy/Documents/thesis/hdl/projects/adrv9364z7020/ccbob_lvds/adrv9364z7020_ccbob_lvds.gen/sources_1/bd/system/ip/system_axi_ad9361_dac_dma_0/system_axi_ad9361_dac_dma_0_constr.xdc] for cell 'i_system_wrapper/system_i/axi_ad9361_dac_dma/inst'
Finished Parsing XDC File [/home/luukieboy/Documents/thesis/hdl/projects/adrv9364z7020/ccbob_lvds/adrv9364z7020_ccbob_lvds.gen/sources_1/bd/system/ip/system_axi_ad9361_dac_dma_0/system_axi_ad9361_dac_dma_0_constr.xdc] for cell 'i_system_wrapper/system_i/axi_ad9361_dac_dma/inst'
Parsing XDC File [/home/luukieboy/Documents/thesis/hdl/projects/adrv9364z7020/ccbob_lvds/adrv9364z7020_ccbob_lvds.gen/sources_1/bd/system/ip/system_axi_gpreg_0/system_axi_gpreg_0_constr.xdc] for cell 'i_system_wrapper/system_i/axi_gpreg/inst'
Finished Parsing XDC File [/home/luukieboy/Documents/thesis/hdl/projects/adrv9364z7020/ccbob_lvds/adrv9364z7020_ccbob_lvds.gen/sources_1/bd/system/ip/system_axi_gpreg_0/system_axi_gpreg_0_constr.xdc] for cell 'i_system_wrapper/system_i/axi_gpreg/inst'
INFO: [Opt 31-138] Pushed 0 inverter(s) to 0 load pin(s).
INFO: [Project 1-1687] 5 scoped IP constraints or related sub-commands were skipped due to synthesis logic optimizations usually triggered by constant connectivity or unconnected output pins. To review the skipped constraints and messages, run the command 'set_param netlist.IPMsgFiltering false' before opening the design.
Netlist sorting complete. Time (s): cpu = 00:00:00 ; elapsed = 00:00:00 . Memory (MB): peak = 3227.664 ; gain = 0.000 ; free physical = 3594 ; free virtual = 10667
INFO: [Project 1-111] Unisim Transformation Summary:
  A total of 58 instances were transformed.
  IOBUF => IOBUF (IBUF, OBUFT): 29 instances
  OBUFDS => OBUFDS: 8 instances
  RAM16X1D => RAM32X1D (RAMD32(x2)): 6 instances
  RAM32M => RAM32M (RAMD32(x6), RAMS32(x2)): 11 instances
  RAM32X1D => RAM32X1D (RAMD32(x2)): 4 instances

open_run: Time (s): cpu = 00:00:16 ; elapsed = 00:00:16 . Memory (MB): peak = 3227.664 ; gain = 1053.566 ; free physical = 3594 ; free virtual = 10667
INFO: [Timing 38-35] Done setting XDC timing constraints.
INFO: [Timing 38-91] UpdateTimingParams: Speed grade: -1, Delay Type: min_max.
INFO: [Timing 38-191] Multithreading enabled for timing update using a maximum of 8 CPUs
INFO: [Timing 38-480] Writing timing data to binary archive.
Wrote PlaceDB: Time (s): cpu = 00:00:00.06 ; elapsed = 00:00:00.02 . Memory (MB): peak = 3227.664 ; gain = 0.000 ; free physical = 3527 ; free virtual = 10582
Wrote PulsedLatchDB: Time (s): cpu = 00:00:00 ; elapsed = 00:00:00 . Memory (MB): peak = 3227.664 ; gain = 0.000 ; free physical = 3527 ; free virtual = 10582
Writing XDEF routing.
Writing XDEF routing logical nets.
Writing XDEF routing special nets.
Wrote RouteStorage: Time (s): cpu = 00:00:00.06 ; elapsed = 00:00:00.01 . Memory (MB): peak = 3227.664 ; gain = 0.000 ; free physical = 3519 ; free virtual = 10575
Wrote Netlist Cache: Time (s): cpu = 00:00:00.01 ; elapsed = 00:00:00.01 . Memory (MB): peak = 3227.664 ; gain = 0.000 ; free physical = 3518 ; free virtual = 10574
Wrote Device Cache: Time (s): cpu = 00:00:00.02 ; elapsed = 00:00:00 . Memory (MB): peak = 3227.664 ; gain = 0.000 ; free physical = 3512 ; free virtual = 10572
Write ShapeDB Complete: Time (s): cpu = 00:00:00.15 ; elapsed = 00:00:00.04 . Memory (MB): peak = 3227.664 ; gain = 0.000 ; free physical = 3512 ; free virtual = 10571
Write Physdb Complete: Time (s): cpu = 00:00:00.16 ; elapsed = 00:00:00.04 . Memory (MB): peak = 3227.664 ; gain = 0.000 ; free physical = 3512 ; free virtual = 10571
WARNING: [Common 17-210] 'write_hwdef' is deprecated.
[Thu Apr 16 14:22:22 2026] Launched impl_1...
Run output will be captured here: /home/luukieboy/Documents/thesis/hdl/projects/adrv9364z7020/ccbob_lvds/adrv9364z7020_ccbob_lvds.runs/impl_1/runme.log
[Thu Apr 16 14:22:22 2026] Waiting for impl_1 to finish...

*** Running vivado
    with args -log system_top.vdi -applog -m64 -product Vivado -messageDb vivado.pb -mode batch -source system_top.tcl -notrace


****** Vivado v2023.2 (64-bit)
  **** SW Build 4029153 on Fri Oct 13 20:13:54 MDT 2023
  **** IP Build 4028589 on Sat Oct 14 00:45:43 MDT 2023
  **** SharedData Build 4025554 on Tue Oct 10 17:18:54 MDT 2023
    ** Copyright 1986-2022 Xilinx, Inc. All Rights Reserved.
    ** Copyright 2022-2023 Advanced Micro Devices, Inc. All Rights Reserved.

source system_top.tcl -notrace
Command: open_checkpoint /home/luukieboy/Documents/thesis/hdl/projects/adrv9364z7020/ccbob_lvds/adrv9364z7020_ccbob_lvds.runs/impl_1/system_top.dcp
INFO: [Device 21-403] Loading part xc7z020clg400-1
Netlist sorting complete. Time (s): cpu = 00:00:00.19 ; elapsed = 00:00:00.18 . Memory (MB): peak = 1668.914 ; gain = 0.000 ; free physical = 2626 ; free virtual = 9691
INFO: [Netlist 29-17] Analyzing 1704 Unisim elements for replacement
INFO: [Netlist 29-28] Unisim Transformation completed in 0 CPU seconds
INFO: [Project 1-479] Netlist was created with Vivado 2023.2
INFO: [Project 1-570] Preparing netlist for logic optimization
Read ShapeDB Complete: Time (s): cpu = 00:00:00.04 ; elapsed = 00:00:00.04 . Memory (MB): peak = 1772.508 ; gain = 5.000 ; free physical = 2473 ; free virtual = 9586
INFO: [Timing 38-478] Restoring timing data from binary archive.
INFO: [Timing 38-479] Binary timing data restore complete.
INFO: [Project 1-856] Restoring constraints from binary archive.
INFO: [Project 1-853] Binary constraint restore complete.
INFO: [Designutils 20-5722] Start Reading Physical Databases.
Reading placement.
Read Netlist Cache: Time (s): cpu = 00:00:00 ; elapsed = 00:00:00.01 . Memory (MB): peak = 2390.086 ; gain = 0.000 ; free physical = 1986 ; free virtual = 9083
Reading placer database...
Read Device Cache: Time (s): cpu = 00:00:00.01 ; elapsed = 00:00:00 . Memory (MB): peak = 2390.086 ; gain = 0.000 ; free physical = 1984 ; free virtual = 9081
Read PlaceDB: Time (s): cpu = 00:00:00.05 ; elapsed = 00:00:00.06 . Memory (MB): peak = 2390.086 ; gain = 0.000 ; free physical = 1984 ; free virtual = 9080
Read PulsedLatchDB: Time (s): cpu = 00:00:00 ; elapsed = 00:00:00 . Memory (MB): peak = 2390.086 ; gain = 0.000 ; free physical = 1984 ; free virtual = 9080
Reading routing.
Read RouteStorage: Time (s): cpu = 00:00:00 ; elapsed = 00:00:00.01 . Memory (MB): peak = 2390.086 ; gain = 0.000 ; free physical = 1984 ; free virtual = 9080
Read Physdb Files: Time (s): cpu = 00:00:00.07 ; elapsed = 00:00:00.08 . Memory (MB): peak = 2390.086 ; gain = 0.000 ; free physical = 1984 ; free virtual = 9080
Restored from archive | CPU: 0.100000 secs | Memory: 1.447609 MB |
Finished XDEF File Restore: Time (s): cpu = 00:00:00.1 ; elapsed = 00:00:00.1 . Memory (MB): peak = 2390.086 ; gain = 7.938 ; free physical = 1984 ; free virtual = 9080
Netlist sorting complete. Time (s): cpu = 00:00:00 ; elapsed = 00:00:00 . Memory (MB): peak = 2390.086 ; gain = 0.000 ; free physical = 1983 ; free virtual = 9080
INFO: [Project 1-111] Unisim Transformation Summary:
  A total of 50 instances were transformed.
  IOBUF => IOBUF (IBUF, OBUFT): 29 instances
  RAM16X1D => RAM32X1D (RAMD32(x2)): 6 instances
  RAM32M => RAM32M (RAMD32(x6), RAMS32(x2)): 11 instances
  RAM32X1D => RAM32X1D (RAMD32(x2)): 4 instances

INFO: [Project 1-604] Checkpoint was created with Vivado v2023.2 (64-bit) build 4029153
open_checkpoint: Time (s): cpu = 00:00:14 ; elapsed = 00:00:14 . Memory (MB): peak = 2390.121 ; gain = 1063.770 ; free physical = 1983 ; free virtual = 9080
INFO: [IP_Flow 19-234] Refreshing IP repositories
INFO: [IP_Flow 19-1700] Loaded user IP repository '/home/luukieboy/Documents/thesis/hdl/library'.
INFO: [IP_Flow 19-2313] Loaded Vivado IP repository '/tools/Xilinx/Vivado/2023.2/data/ip'.
Command: opt_design
Attempting to get a license for feature 'Implementation' and/or device 'xc7z020'
INFO: [Common 17-349] Got license for feature 'Implementation' and/or device 'xc7z020'
Running DRC as a precondition to command opt_design

Starting DRC Task
INFO: [DRC 23-27] Running DRC with 8 threads
INFO: [Project 1-461] DRC finished with 0 Errors
INFO: [Project 1-462] Please refer to the DRC report (report_drc) for more information.

Time (s): cpu = 00:00:01 ; elapsed = 00:00:00.42 . Memory (MB): peak = 2490.773 ; gain = 97.719 ; free physical = 2010 ; free virtual = 9106

Starting Cache Timing Information Task
Ending Cache Timing Information Task | Checksum: 10e79d67b

Time (s): cpu = 00:00:00.52 ; elapsed = 00:00:00.1 . Memory (MB): peak = 2490.773 ; gain = 0.000 ; free physical = 2008 ; free virtual = 9103

Starting Logic Optimization Task

Phase 1 Initialization

Phase 1.1 Core Generation And Design Setup
Phase 1.1 Core Generation And Design Setup | Checksum: 10e79d67b

Time (s): cpu = 00:00:00 ; elapsed = 00:00:00 . Memory (MB): peak = 2747.656 ; gain = 0.000 ; free physical = 1723 ; free virtual = 8815

Phase 1.2 Setup Constraints And Sort Netlist
Phase 1.2 Setup Constraints And Sort Netlist | Checksum: 10e79d67b

Time (s): cpu = 00:00:00.01 ; elapsed = 00:00:00.01 . Memory (MB): peak = 2747.656 ; gain = 0.000 ; free physical = 1723 ; free virtual = 8815
Phase 1 Initialization | Checksum: 10e79d67b

Time (s): cpu = 00:00:00.01 ; elapsed = 00:00:00.01 . Memory (MB): peak = 2747.656 ; gain = 0.000 ; free physical = 1723 ; free virtual = 8815

Phase 2 Timer Update And Timing Data Collection

Phase 2.1 Timer Update
Phase 2.1 Timer Update | Checksum: 10e79d67b

Time (s): cpu = 00:00:01 ; elapsed = 00:00:00.28 . Memory (MB): peak = 2747.656 ; gain = 0.000 ; free physical = 1724 ; free virtual = 8816

Phase 2.2 Timing Data Collection
Phase 2.2 Timing Data Collection | Checksum: 10e79d67b

Time (s): cpu = 00:00:01 ; elapsed = 00:00:00.32 . Memory (MB): peak = 2747.656 ; gain = 0.000 ; free physical = 1718 ; free virtual = 8810
Phase 2 Timer Update And Timing Data Collection | Checksum: 10e79d67b

Time (s): cpu = 00:00:01 ; elapsed = 00:00:00.32 . Memory (MB): peak = 2747.656 ; gain = 0.000 ; free physical = 1718 ; free virtual = 8810

Phase 3 Retarget
INFO: [Opt 31-1566] Pulled 1 inverters resulting in an inversion of 7 pins
INFO: [Opt 31-138] Pushed 1 inverter(s) to 1 load pin(s).
INFO: [Opt 31-49] Retargeted 0 cell(s).
Phase 3 Retarget | Checksum: 170300bb6

Time (s): cpu = 00:00:02 ; elapsed = 00:00:00.89 . Memory (MB): peak = 2771.668 ; gain = 24.012 ; free physical = 1717 ; free virtual = 8809
Retarget | Checksum: 170300bb6
INFO: [Opt 31-389] Phase Retarget created 247 cells and removed 1754 cells
INFO: [Opt 31-1021] In phase Retarget, 1 netlist objects are constrained preventing optimization. Please run opt_design with -debug_log to get more detail. 

Phase 4 Constant propagation
INFO: [Opt 31-138] Pushed 0 inverter(s) to 0 load pin(s).
Phase 4 Constant propagation | Checksum: 13de83afc

Time (s): cpu = 00:00:02 ; elapsed = 00:00:01 . Memory (MB): peak = 2771.668 ; gain = 24.012 ; free physical = 1717 ; free virtual = 8809
Constant propagation | Checksum: 13de83afc
INFO: [Opt 31-389] Phase Constant propagation created 1191 cells and removed 1331 cells
INFO: [Opt 31-1021] In phase Constant propagation, 4 netlist objects are constrained preventing optimization. Please run opt_design with -debug_log to get more detail. 

Phase 5 Sweep
Phase 5 Sweep | Checksum: 181c09c7d

Time (s): cpu = 00:00:03 ; elapsed = 00:00:02 . Memory (MB): peak = 2771.668 ; gain = 24.012 ; free physical = 1716 ; free virtual = 8808
Sweep | Checksum: 181c09c7d
INFO: [Opt 31-389] Phase Sweep created 28 cells and removed 7899 cells

Phase 6 BUFG optimization
Phase 6 BUFG optimization | Checksum: 181c09c7d

Time (s): cpu = 00:00:03 ; elapsed = 00:00:02 . Memory (MB): peak = 2803.684 ; gain = 56.027 ; free physical = 1716 ; free virtual = 8808
BUFG optimization | Checksum: 181c09c7d
INFO: [Opt 31-662] Phase BUFG optimization created 0 cells of which 0 are BUFGs and removed 0 cells.

Phase 7 Shift Register Optimization
WARNING: [Opt 31-1131] Can not pull register out from i_system_wrapper/system_i/axi_iic_main/U0/X_IIC/READ_FIFO_I/FIFO_RAM[0].SRL16E_I due to none static srl address bits
WARNING: [Opt 31-1131] Can not pull register out from i_system_wrapper/system_i/axi_iic_main/U0/X_IIC/READ_FIFO_I/FIFO_RAM[1].SRL16E_I due to none static srl address bits
WARNING: [Opt 31-1131] Can not pull register out from i_system_wrapper/system_i/axi_iic_main/U0/X_IIC/READ_FIFO_I/FIFO_RAM[2].SRL16E_I due to none static srl address bits
WARNING: [Opt 31-1131] Can not pull register out from i_system_wrapper/system_i/axi_iic_main/U0/X_IIC/READ_FIFO_I/FIFO_RAM[3].SRL16E_I due to none static srl address bits
WARNING: [Opt 31-1131] Can not pull register out from i_system_wrapper/system_i/axi_iic_main/U0/X_IIC/READ_FIFO_I/FIFO_RAM[4].SRL16E_I due to none static srl address bits
WARNING: [Opt 31-1131] Can not pull register out from i_system_wrapper/system_i/axi_iic_main/U0/X_IIC/READ_FIFO_I/FIFO_RAM[5].SRL16E_I due to none static srl address bits
WARNING: [Opt 31-1131] Can not pull register out from i_system_wrapper/system_i/axi_iic_main/U0/X_IIC/READ_FIFO_I/FIFO_RAM[6].SRL16E_I due to none static srl address bits
WARNING: [Opt 31-1131] Can not pull register out from i_system_wrapper/system_i/axi_iic_main/U0/X_IIC/READ_FIFO_I/FIFO_RAM[7].SRL16E_I due to none static srl address bits
WARNING: [Opt 31-1131] Can not pull register out from i_system_wrapper/system_i/axi_iic_main/U0/X_IIC/WRITE_FIFO_CTRL_I/FIFO_RAM[0].SRL16E_I due to none static srl address bits
WARNING: [Opt 31-1131] Can not pull register out from i_system_wrapper/system_i/axi_iic_main/U0/X_IIC/WRITE_FIFO_CTRL_I/FIFO_RAM[1].SRL16E_I due to none static srl address bits
WARNING: [Opt 31-1131] Can not pull register out from i_system_wrapper/system_i/axi_iic_main/U0/X_IIC/WRITE_FIFO_I/FIFO_RAM[0].SRL16E_I due to none static srl address bits
WARNING: [Opt 31-1131] Can not pull register out from i_system_wrapper/system_i/axi_iic_main/U0/X_IIC/WRITE_FIFO_I/FIFO_RAM[1].SRL16E_I due to none static srl address bits
WARNING: [Opt 31-1131] Can not pull register out from i_system_wrapper/system_i/axi_iic_main/U0/X_IIC/WRITE_FIFO_I/FIFO_RAM[2].SRL16E_I due to none static srl address bits
WARNING: [Opt 31-1131] Can not pull register out from i_system_wrapper/system_i/axi_iic_main/U0/X_IIC/WRITE_FIFO_I/FIFO_RAM[3].SRL16E_I due to none static srl address bits
WARNING: [Opt 31-1131] Can not pull register out from i_system_wrapper/system_i/axi_iic_main/U0/X_IIC/WRITE_FIFO_I/FIFO_RAM[4].SRL16E_I due to none static srl address bits
WARNING: [Opt 31-1131] Can not pull register out from i_system_wrapper/system_i/axi_iic_main/U0/X_IIC/WRITE_FIFO_I/FIFO_RAM[5].SRL16E_I due to none static srl address bits
WARNING: [Opt 31-1131] Can not pull register out from i_system_wrapper/system_i/axi_iic_main/U0/X_IIC/WRITE_FIFO_I/FIFO_RAM[6].SRL16E_I due to none static srl address bits
WARNING: [Opt 31-1131] Can not pull register out from i_system_wrapper/system_i/axi_iic_main/U0/X_IIC/WRITE_FIFO_I/FIFO_RAM[7].SRL16E_I due to none static srl address bits
WARNING: [Opt 31-1131] Can not pull register out from i_system_wrapper/system_i/axi_cpu_interconnect/s00_couplers/auto_pc/inst/gen_axilite.gen_b2s_conv.axilite_b2s/RD.r_channel_0/rd_data_fifo_0/memory_reg[31][0]_srl32 due to none static srl address bits
WARNING: [Opt 31-1131] Can not pull register out from i_system_wrapper/system_i/axi_cpu_interconnect/s00_couplers/auto_pc/inst/gen_axilite.gen_b2s_conv.axilite_b2s/RD.r_channel_0/rd_data_fifo_0/memory_reg[31][10]_srl32 due to none static srl address bits
WARNING: [Opt 31-1131] Can not pull register out from i_system_wrapper/system_i/axi_cpu_interconnect/s00_couplers/auto_pc/inst/gen_axilite.gen_b2s_conv.axilite_b2s/RD.r_channel_0/rd_data_fifo_0/memory_reg[31][11]_srl32 due to none static srl address bits
WARNING: [Opt 31-1131] Can not pull register out from i_system_wrapper/system_i/axi_cpu_interconnect/s00_couplers/auto_pc/inst/gen_axilite.gen_b2s_conv.axilite_b2s/RD.r_channel_0/rd_data_fifo_0/memory_reg[31][12]_srl32 due to none static srl address bits
WARNING: [Opt 31-1131] Can not pull register out from i_system_wrapper/system_i/axi_cpu_interconnect/s00_couplers/auto_pc/inst/gen_axilite.gen_b2s_conv.axilite_b2s/RD.r_channel_0/rd_data_fifo_0/memory_reg[31][13]_srl32 due to none static srl address bits
WARNING: [Opt 31-1131] Can not pull register out from i_system_wrapper/system_i/axi_cpu_interconnect/s00_couplers/auto_pc/inst/gen_axilite.gen_b2s_conv.axilite_b2s/RD.r_channel_0/rd_data_fifo_0/memory_reg[31][14]_srl32 due to none static srl address bits
WARNING: [Opt 31-1131] Can not pull register out from i_system_wrapper/system_i/axi_cpu_interconnect/s00_couplers/auto_pc/inst/gen_axilite.gen_b2s_conv.axilite_b2s/RD.r_channel_0/rd_data_fifo_0/memory_reg[31][15]_srl32 due to none static srl address bits
WARNING: [Opt 31-1131] Can not pull register out from i_system_wrapper/system_i/axi_cpu_interconnect/s00_couplers/auto_pc/inst/gen_axilite.gen_b2s_conv.axilite_b2s/RD.r_channel_0/rd_data_fifo_0/memory_reg[31][16]_srl32 due to none static srl address bits
WARNING: [Opt 31-1131] Can not pull register out from i_system_wrapper/system_i/axi_cpu_interconnect/s00_couplers/auto_pc/inst/gen_axilite.gen_b2s_conv.axilite_b2s/RD.r_channel_0/rd_data_fifo_0/memory_reg[31][17]_srl32 due to none static srl address bits
WARNING: [Opt 31-1131] Can not pull register out from i_system_wrapper/system_i/axi_cpu_interconnect/s00_couplers/auto_pc/inst/gen_axilite.gen_b2s_conv.axilite_b2s/RD.r_channel_0/rd_data_fifo_0/memory_reg[31][18]_srl32 due to none static srl address bits
WARNING: [Opt 31-1131] Can not pull register out from i_system_wrapper/system_i/axi_cpu_interconnect/s00_couplers/auto_pc/inst/gen_axilite.gen_b2s_conv.axilite_b2s/RD.r_channel_0/rd_data_fifo_0/memory_reg[31][19]_srl32 due to none static srl address bits
WARNING: [Opt 31-1131] Can not pull register out from i_system_wrapper/system_i/axi_cpu_interconnect/s00_couplers/auto_pc/inst/gen_axilite.gen_b2s_conv.axilite_b2s/RD.r_channel_0/rd_data_fifo_0/memory_reg[31][1]_srl32 due to none static srl address bits
WARNING: [Opt 31-1131] Can not pull register out from i_system_wrapper/system_i/axi_cpu_interconnect/s00_couplers/auto_pc/inst/gen_axilite.gen_b2s_conv.axilite_b2s/RD.r_channel_0/rd_data_fifo_0/memory_reg[31][20]_srl32 due to none static srl address bits
WARNING: [Opt 31-1131] Can not pull register out from i_system_wrapper/system_i/axi_cpu_interconnect/s00_couplers/auto_pc/inst/gen_axilite.gen_b2s_conv.axilite_b2s/RD.r_channel_0/rd_data_fifo_0/memory_reg[31][21]_srl32 due to none static srl address bits
WARNING: [Opt 31-1131] Can not pull register out from i_system_wrapper/system_i/axi_cpu_interconnect/s00_couplers/auto_pc/inst/gen_axilite.gen_b2s_conv.axilite_b2s/RD.r_channel_0/rd_data_fifo_0/memory_reg[31][22]_srl32 due to none static srl address bits
WARNING: [Opt 31-1131] Can not pull register out from i_system_wrapper/system_i/axi_cpu_interconnect/s00_couplers/auto_pc/inst/gen_axilite.gen_b2s_conv.axilite_b2s/RD.r_channel_0/rd_data_fifo_0/memory_reg[31][23]_srl32 due to none static srl address bits
WARNING: [Opt 31-1131] Can not pull register out from i_system_wrapper/system_i/axi_cpu_interconnect/s00_couplers/auto_pc/inst/gen_axilite.gen_b2s_conv.axilite_b2s/RD.r_channel_0/rd_data_fifo_0/memory_reg[31][24]_srl32 due to none static srl address bits
WARNING: [Opt 31-1131] Can not pull register out from i_system_wrapper/system_i/axi_cpu_interconnect/s00_couplers/auto_pc/inst/gen_axilite.gen_b2s_conv.axilite_b2s/RD.r_channel_0/rd_data_fifo_0/memory_reg[31][25]_srl32 due to none static srl address bits
WARNING: [Opt 31-1131] Can not pull register out from i_system_wrapper/system_i/axi_cpu_interconnect/s00_couplers/auto_pc/inst/gen_axilite.gen_b2s_conv.axilite_b2s/RD.r_channel_0/rd_data_fifo_0/memory_reg[31][26]_srl32 due to none static srl address bits
WARNING: [Opt 31-1131] Can not pull register out from i_system_wrapper/system_i/axi_cpu_interconnect/s00_couplers/auto_pc/inst/gen_axilite.gen_b2s_conv.axilite_b2s/RD.r_channel_0/rd_data_fifo_0/memory_reg[31][27]_srl32 due to none static srl address bits
WARNING: [Opt 31-1131] Can not pull register out from i_system_wrapper/system_i/axi_cpu_interconnect/s00_couplers/auto_pc/inst/gen_axilite.gen_b2s_conv.axilite_b2s/RD.r_channel_0/rd_data_fifo_0/memory_reg[31][28]_srl32 due to none static srl address bits
WARNING: [Opt 31-1131] Can not pull register out from i_system_wrapper/system_i/axi_cpu_interconnect/s00_couplers/auto_pc/inst/gen_axilite.gen_b2s_conv.axilite_b2s/RD.r_channel_0/rd_data_fifo_0/memory_reg[31][29]_srl32 due to none static srl address bits
WARNING: [Opt 31-1131] Can not pull register out from i_system_wrapper/system_i/axi_cpu_interconnect/s00_couplers/auto_pc/inst/gen_axilite.gen_b2s_conv.axilite_b2s/RD.r_channel_0/rd_data_fifo_0/memory_reg[31][2]_srl32 due to none static srl address bits
WARNING: [Opt 31-1131] Can not pull register out from i_system_wrapper/system_i/axi_cpu_interconnect/s00_couplers/auto_pc/inst/gen_axilite.gen_b2s_conv.axilite_b2s/RD.r_channel_0/rd_data_fifo_0/memory_reg[31][30]_srl32 due to none static srl address bits
WARNING: [Opt 31-1131] Can not pull register out from i_system_wrapper/system_i/axi_cpu_interconnect/s00_couplers/auto_pc/inst/gen_axilite.gen_b2s_conv.axilite_b2s/RD.r_channel_0/rd_data_fifo_0/memory_reg[31][31]_srl32 due to none static srl address bits
WARNING: [Opt 31-1131] Can not pull register out from i_system_wrapper/system_i/axi_cpu_interconnect/s00_couplers/auto_pc/inst/gen_axilite.gen_b2s_conv.axilite_b2s/RD.r_channel_0/rd_data_fifo_0/memory_reg[31][32]_srl32 due to none static srl address bits
WARNING: [Opt 31-1131] Can not pull register out from i_system_wrapper/system_i/axi_cpu_interconnect/s00_couplers/auto_pc/inst/gen_axilite.gen_b2s_conv.axilite_b2s/RD.r_channel_0/rd_data_fifo_0/memory_reg[31][33]_srl32 due to none static srl address bits
WARNING: [Opt 31-1131] Can not pull register out from i_system_wrapper/system_i/axi_cpu_interconnect/s00_couplers/auto_pc/inst/gen_axilite.gen_b2s_conv.axilite_b2s/RD.r_channel_0/rd_data_fifo_0/memory_reg[31][3]_srl32 due to none static srl address bits
WARNING: [Opt 31-1131] Can not pull register out from i_system_wrapper/system_i/axi_cpu_interconnect/s00_couplers/auto_pc/inst/gen_axilite.gen_b2s_conv.axilite_b2s/RD.r_channel_0/rd_data_fifo_0/memory_reg[31][4]_srl32 due to none static srl address bits
WARNING: [Opt 31-1131] Can not pull register out from i_system_wrapper/system_i/axi_cpu_interconnect/s00_couplers/auto_pc/inst/gen_axilite.gen_b2s_conv.axilite_b2s/RD.r_channel_0/rd_data_fifo_0/memory_reg[31][5]_srl32 due to none static srl address bits
WARNING: [Opt 31-1131] Can not pull register out from i_system_wrapper/system_i/axi_cpu_interconnect/s00_couplers/auto_pc/inst/gen_axilite.gen_b2s_conv.axilite_b2s/RD.r_channel_0/rd_data_fifo_0/memory_reg[31][6]_srl32 due to none static srl address bits
WARNING: [Opt 31-1131] Can not pull register out from i_system_wrapper/system_i/axi_cpu_interconnect/s00_couplers/auto_pc/inst/gen_axilite.gen_b2s_conv.axilite_b2s/RD.r_channel_0/rd_data_fifo_0/memory_reg[31][7]_srl32 due to none static srl address bits
WARNING: [Opt 31-1131] Can not pull register out from i_system_wrapper/system_i/axi_cpu_interconnect/s00_couplers/auto_pc/inst/gen_axilite.gen_b2s_conv.axilite_b2s/RD.r_channel_0/rd_data_fifo_0/memory_reg[31][8]_srl32 due to none static srl address bits
WARNING: [Opt 31-1131] Can not pull register out from i_system_wrapper/system_i/axi_cpu_interconnect/s00_couplers/auto_pc/inst/gen_axilite.gen_b2s_conv.axilite_b2s/RD.r_channel_0/rd_data_fifo_0/memory_reg[31][9]_srl32 due to none static srl address bits
WARNING: [Opt 31-1131] Can not pull register out from i_system_wrapper/system_i/axi_cpu_interconnect/s00_couplers/auto_pc/inst/gen_axilite.gen_b2s_conv.axilite_b2s/RD.r_channel_0/transaction_fifo_0/memory_reg[31][0]_srl32 due to none static srl address bits
WARNING: [Opt 31-1131] Can not pull register out from i_system_wrapper/system_i/axi_cpu_interconnect/s00_couplers/auto_pc/inst/gen_axilite.gen_b2s_conv.axilite_b2s/RD.r_channel_0/transaction_fifo_0/memory_reg[31][10]_srl32 due to none static srl address bits
WARNING: [Opt 31-1131] Can not pull register out from i_system_wrapper/system_i/axi_cpu_interconnect/s00_couplers/auto_pc/inst/gen_axilite.gen_b2s_conv.axilite_b2s/RD.r_channel_0/transaction_fifo_0/memory_reg[31][11]_srl32 due to none static srl address bits
WARNING: [Opt 31-1131] Can not pull register out from i_system_wrapper/system_i/axi_cpu_interconnect/s00_couplers/auto_pc/inst/gen_axilite.gen_b2s_conv.axilite_b2s/RD.r_channel_0/transaction_fifo_0/memory_reg[31][12]_srl32 due to none static srl address bits
WARNING: [Opt 31-1131] Can not pull register out from i_system_wrapper/system_i/axi_cpu_interconnect/s00_couplers/auto_pc/inst/gen_axilite.gen_b2s_conv.axilite_b2s/RD.r_channel_0/transaction_fifo_0/memory_reg[31][1]_srl32 due to none static srl address bits
WARNING: [Opt 31-1131] Can not pull register out from i_system_wrapper/system_i/axi_cpu_interconnect/s00_couplers/auto_pc/inst/gen_axilite.gen_b2s_conv.axilite_b2s/RD.r_channel_0/transaction_fifo_0/memory_reg[31][2]_srl32 due to none static srl address bits
WARNING: [Opt 31-1131] Can not pull register out from i_system_wrapper/system_i/axi_cpu_interconnect/s00_couplers/auto_pc/inst/gen_axilite.gen_b2s_conv.axilite_b2s/RD.r_channel_0/transaction_fifo_0/memory_reg[31][3]_srl32 due to none static srl address bits
WARNING: [Opt 31-1131] Can not pull register out from i_system_wrapper/system_i/axi_cpu_interconnect/s00_couplers/auto_pc/inst/gen_axilite.gen_b2s_conv.axilite_b2s/RD.r_channel_0/transaction_fifo_0/memory_reg[31][4]_srl32 due to none static srl address bits
WARNING: [Opt 31-1131] Can not pull register out from i_system_wrapper/system_i/axi_cpu_interconnect/s00_couplers/auto_pc/inst/gen_axilite.gen_b2s_conv.axilite_b2s/RD.r_channel_0/transaction_fifo_0/memory_reg[31][5]_srl32 due to none static srl address bits
WARNING: [Opt 31-1131] Can not pull register out from i_system_wrapper/system_i/axi_cpu_interconnect/s00_couplers/auto_pc/inst/gen_axilite.gen_b2s_conv.axilite_b2s/RD.r_channel_0/transaction_fifo_0/memory_reg[31][6]_srl32 due to none static srl address bits
WARNING: [Opt 31-1131] Can not pull register out from i_system_wrapper/system_i/axi_cpu_interconnect/s00_couplers/auto_pc/inst/gen_axilite.gen_b2s_conv.axilite_b2s/RD.r_channel_0/transaction_fifo_0/memory_reg[31][7]_srl32 due to none static srl address bits
WARNING: [Opt 31-1131] Can not pull register out from i_system_wrapper/system_i/axi_cpu_interconnect/s00_couplers/auto_pc/inst/gen_axilite.gen_b2s_conv.axilite_b2s/RD.r_channel_0/transaction_fifo_0/memory_reg[31][8]_srl32 due to none static srl address bits
WARNING: [Opt 31-1131] Can not pull register out from i_system_wrapper/system_i/axi_cpu_interconnect/s00_couplers/auto_pc/inst/gen_axilite.gen_b2s_conv.axilite_b2s/RD.r_channel_0/transaction_fifo_0/memory_reg[31][9]_srl32 due to none static srl address bits
WARNING: [Opt 31-1131] Can not pull register out from i_system_wrapper/system_i/axi_cpu_interconnect/s00_couplers/auto_pc/inst/gen_axilite.gen_b2s_conv.axilite_b2s/WR.b_channel_0/bid_fifo_0/memory_reg[3][0]_srl4 due to none static srl address bits
WARNING: [Opt 31-1131] Can not pull register out from i_system_wrapper/system_i/axi_cpu_interconnect/s00_couplers/auto_pc/inst/gen_axilite.gen_b2s_conv.axilite_b2s/WR.b_channel_0/bid_fifo_0/memory_reg[3][10]_srl4 due to none static srl address bits
WARNING: [Opt 31-1131] Can not pull register out from i_system_wrapper/system_i/axi_cpu_interconnect/s00_couplers/auto_pc/inst/gen_axilite.gen_b2s_conv.axilite_b2s/WR.b_channel_0/bid_fifo_0/memory_reg[3][11]_srl4 due to none static srl address bits
WARNING: [Opt 31-1131] Can not pull register out from i_system_wrapper/system_i/axi_cpu_interconnect/s00_couplers/auto_pc/inst/gen_axilite.gen_b2s_conv.axilite_b2s/WR.b_channel_0/bid_fifo_0/memory_reg[3][12]_srl4 due to none static srl address bits
WARNING: [Opt 31-1131] Can not pull register out from i_system_wrapper/system_i/axi_cpu_interconnect/s00_couplers/auto_pc/inst/gen_axilite.gen_b2s_conv.axilite_b2s/WR.b_channel_0/bid_fifo_0/memory_reg[3][13]_srl4 due to none static srl address bits
WARNING: [Opt 31-1131] Can not pull register out from i_system_wrapper/system_i/axi_cpu_interconnect/s00_couplers/auto_pc/inst/gen_axilite.gen_b2s_conv.axilite_b2s/WR.b_channel_0/bid_fifo_0/memory_reg[3][14]_srl4 due to none static srl address bits
WARNING: [Opt 31-1131] Can not pull register out from i_system_wrapper/system_i/axi_cpu_interconnect/s00_couplers/auto_pc/inst/gen_axilite.gen_b2s_conv.axilite_b2s/WR.b_channel_0/bid_fifo_0/memory_reg[3][15]_srl4 due to none static srl address bits
WARNING: [Opt 31-1131] Can not pull register out from i_system_wrapper/system_i/axi_cpu_interconnect/s00_couplers/auto_pc/inst/gen_axilite.gen_b2s_conv.axilite_b2s/WR.b_channel_0/bid_fifo_0/memory_reg[3][16]_srl4 due to none static srl address bits
WARNING: [Opt 31-1131] Can not pull register out from i_system_wrapper/system_i/axi_cpu_interconnect/s00_couplers/auto_pc/inst/gen_axilite.gen_b2s_conv.axilite_b2s/WR.b_channel_0/bid_fifo_0/memory_reg[3][17]_srl4 due to none static srl address bits
WARNING: [Opt 31-1131] Can not pull register out from i_system_wrapper/system_i/axi_cpu_interconnect/s00_couplers/auto_pc/inst/gen_axilite.gen_b2s_conv.axilite_b2s/WR.b_channel_0/bid_fifo_0/memory_reg[3][18]_srl4 due to none static srl address bits
WARNING: [Opt 31-1131] Can not pull register out from i_system_wrapper/system_i/axi_cpu_interconnect/s00_couplers/auto_pc/inst/gen_axilite.gen_b2s_conv.axilite_b2s/WR.b_channel_0/bid_fifo_0/memory_reg[3][19]_srl4 due to none static srl address bits
WARNING: [Opt 31-1131] Can not pull register out from i_system_wrapper/system_i/axi_cpu_interconnect/s00_couplers/auto_pc/inst/gen_axilite.gen_b2s_conv.axilite_b2s/WR.b_channel_0/bid_fifo_0/memory_reg[3][1]_srl4 due to none static srl address bits
WARNING: [Opt 31-1131] Can not pull register out from i_system_wrapper/system_i/axi_cpu_interconnect/s00_couplers/auto_pc/inst/gen_axilite.gen_b2s_conv.axilite_b2s/WR.b_channel_0/bid_fifo_0/memory_reg[3][2]_srl4 due to none static srl address bits
WARNING: [Opt 31-1131] Can not pull register out from i_system_wrapper/system_i/axi_cpu_interconnect/s00_couplers/auto_pc/inst/gen_axilite.gen_b2s_conv.axilite_b2s/WR.b_channel_0/bid_fifo_0/memory_reg[3][3]_srl4 due to none static srl address bits
WARNING: [Opt 31-1131] Can not pull register out from i_system_wrapper/system_i/axi_cpu_interconnect/s00_couplers/auto_pc/inst/gen_axilite.gen_b2s_conv.axilite_b2s/WR.b_channel_0/bid_fifo_0/memory_reg[3][8]_srl4 due to none static srl address bits
WARNING: [Opt 31-1131] Can not pull register out from i_system_wrapper/system_i/axi_cpu_interconnect/s00_couplers/auto_pc/inst/gen_axilite.gen_b2s_conv.axilite_b2s/WR.b_channel_0/bid_fifo_0/memory_reg[3][9]_srl4 due to none static srl address bits
WARNING: [Opt 31-1131] Can not pull register out from i_system_wrapper/system_i/axi_cpu_interconnect/s00_couplers/auto_pc/inst/gen_axilite.gen_b2s_conv.axilite_b2s/WR.b_channel_0/bresp_fifo_0/memory_reg[3][0]_srl4 due to none static srl address bits
WARNING: [Opt 31-1131] Can not pull register out from i_system_wrapper/system_i/axi_cpu_interconnect/s00_couplers/auto_pc/inst/gen_axilite.gen_b2s_conv.axilite_b2s/WR.b_channel_0/bresp_fifo_0/memory_reg[3][1]_srl4 due to none static srl address bits
INFO: [Opt 31-1064] SRL Remap converted 0 SRLs to 0 registers and converted 0 registers of register chains to 0 SRLs
Phase 7 Shift Register Optimization | Checksum: 181c09c7d

Time (s): cpu = 00:00:03 ; elapsed = 00:00:02 . Memory (MB): peak = 2803.684 ; gain = 56.027 ; free physical = 1716 ; free virtual = 8808
Shift Register Optimization | Checksum: 181c09c7d
INFO: [Opt 31-389] Phase Shift Register Optimization created 0 cells and removed 0 cells

Phase 8 Post Processing Netlist
Phase 8 Post Processing Netlist | Checksum: 1311b154b

Time (s): cpu = 00:00:03 ; elapsed = 00:00:02 . Memory (MB): peak = 2803.684 ; gain = 56.027 ; free physical = 1716 ; free virtual = 8808
Post Processing Netlist | Checksum: 1311b154b
INFO: [Opt 31-389] Phase Post Processing Netlist created 0 cells and removed 0 cells

Phase 9 Finalization

Phase 9.1 Finalizing Design Cores and Updating Shapes
Phase 9.1 Finalizing Design Cores and Updating Shapes | Checksum: e082e036

Time (s): cpu = 00:00:03 ; elapsed = 00:00:02 . Memory (MB): peak = 2803.684 ; gain = 56.027 ; free physical = 1716 ; free virtual = 8808

Phase 9.2 Verifying Netlist Connectivity

Starting Connectivity Check Task

Time (s): cpu = 00:00:00.02 ; elapsed = 00:00:00.02 . Memory (MB): peak = 2803.684 ; gain = 0.000 ; free physical = 1716 ; free virtual = 8808
Phase 9.2 Verifying Netlist Connectivity | Checksum: e082e036

Time (s): cpu = 00:00:04 ; elapsed = 00:00:02 . Memory (MB): peak = 2803.684 ; gain = 56.027 ; free physical = 1716 ; free virtual = 8808
Phase 9 Finalization | Checksum: e082e036

Time (s): cpu = 00:00:04 ; elapsed = 00:00:02 . Memory (MB): peak = 2803.684 ; gain = 56.027 ; free physical = 1716 ; free virtual = 8808
Opt_design Change Summary
=========================


-------------------------------------------------------------------------------------------------------------------------
|  Phase                        |  #Cells created  |  #Cells Removed  |  #Constrained objects preventing optimizations  |
-------------------------------------------------------------------------------------------------------------------------
|  Retarget                     |             247  |            1754  |                                              1  |
|  Constant propagation         |            1191  |            1331  |                                              4  |
|  Sweep                        |              28  |            7899  |                                              0  |
|  BUFG optimization            |               0  |               0  |                                              0  |
|  Shift Register Optimization  |               0  |               0  |                                              0  |
|  Post Processing Netlist      |               0  |               0  |                                              0  |
-------------------------------------------------------------------------------------------------------------------------


Ending Logic Optimization Task | Checksum: e082e036

Time (s): cpu = 00:00:04 ; elapsed = 00:00:02 . Memory (MB): peak = 2803.684 ; gain = 56.027 ; free physical = 1716 ; free virtual = 8808
INFO: [Constraints 18-11670] Building netlist checker database with flags, 0x8
Done building netlist checker database: Time (s): cpu = 00:00:00.01 ; elapsed = 00:00:00.01 . Memory (MB): peak = 2803.684 ; gain = 0.000 ; free physical = 1716 ; free virtual = 8808

Starting Power Optimization Task
INFO: [Pwropt 34-132] Skipping clock gating for clocks with a period < 2.00 ns.
INFO: [Pwropt 34-9] Applying IDT optimizations ...
INFO: [Pwropt 34-10] Applying ODC optimizations ...
INFO: [Timing 38-35] Done setting XDC timing constraints.
Running Vector-less Activity Propagation...

Finished Running Vector-less Activity Propagation


Starting PowerOpt Patch Enables Task
INFO: [Pwropt 34-162] WRITE_MODE attribute of 0 BRAM(s) out of a total of 4 has been updated to save power. Run report_power_opt to get a complete listing of the BRAMs updated.
INFO: [Pwropt 34-201] Structural ODC has moved 1 WE to EN ports
Number of BRAM Ports augmented: 2 newly gated: 7 Total Ports: 8
Ending PowerOpt Patch Enables Task | Checksum: 1a455bfa5

Time (s): cpu = 00:00:00.12 ; elapsed = 00:00:00.08 . Memory (MB): peak = 3086.621 ; gain = 0.000 ; free physical = 1636 ; free virtual = 8734
Ending Power Optimization Task | Checksum: 1a455bfa5

Time (s): cpu = 00:00:04 ; elapsed = 00:00:02 . Memory (MB): peak = 3086.621 ; gain = 282.938 ; free physical = 1636 ; free virtual = 8734

Starting Final Cleanup Task

Starting Logic Optimization Task
INFO: [Timing 38-35] Done setting XDC timing constraints.
Ending Logic Optimization Task | Checksum: 174ba5c70

Time (s): cpu = 00:00:02 ; elapsed = 00:00:00.7 . Memory (MB): peak = 3086.621 ; gain = 0.000 ; free physical = 1633 ; free virtual = 8732
INFO: [Constraints 18-11670] Building netlist checker database with flags, 0x8
Done building netlist checker database: Time (s): cpu = 00:00:00 ; elapsed = 00:00:00.01 . Memory (MB): peak = 3086.621 ; gain = 0.000 ; free physical = 1633 ; free virtual = 8732
Ending Final Cleanup Task | Checksum: 174ba5c70

Time (s): cpu = 00:00:03 ; elapsed = 00:00:02 . Memory (MB): peak = 3086.621 ; gain = 0.000 ; free physical = 1633 ; free virtual = 8732

Starting Netlist Obfuscation Task
Netlist sorting complete. Time (s): cpu = 00:00:00.01 ; elapsed = 00:00:00 . Memory (MB): peak = 3086.621 ; gain = 0.000 ; free physical = 1633 ; free virtual = 8732
Ending Netlist Obfuscation Task | Checksum: 174ba5c70

Time (s): cpu = 00:00:00.01 ; elapsed = 00:00:00 . Memory (MB): peak = 3086.621 ; gain = 0.000 ; free physical = 1633 ; free virtual = 8732
INFO: [Common 17-83] Releasing license: Implementation
42 Infos, 83 Warnings, 0 Critical Warnings and 0 Errors encountered.
opt_design completed successfully
opt_design: Time (s): cpu = 00:00:14 ; elapsed = 00:00:08 . Memory (MB): peak = 3086.621 ; gain = 693.566 ; free physical = 1633 ; free virtual = 8732
INFO: [runtcl-4] Executing : report_drc -file system_top_drc_opted.rpt -pb system_top_drc_opted.pb -rpx system_top_drc_opted.rpx
Command: report_drc -file system_top_drc_opted.rpt -pb system_top_drc_opted.pb -rpx system_top_drc_opted.rpx
INFO: [IP_Flow 19-1839] IP Catalog is up to date.
INFO: [DRC 23-27] Running DRC with 8 threads
INFO: [Vivado_Tcl 2-168] The results of DRC are in file /home/luukieboy/Documents/thesis/hdl/projects/adrv9364z7020/ccbob_lvds/adrv9364z7020_ccbob_lvds.runs/impl_1/system_top_drc_opted.rpt.
report_drc completed successfully
INFO: [Timing 38-35] Done setting XDC timing constraints.
INFO: [Timing 38-480] Writing timing data to binary archive.
Wrote PlaceDB: Time (s): cpu = 00:00:00.05 ; elapsed = 00:00:00.01 . Memory (MB): peak = 3086.621 ; gain = 0.000 ; free physical = 1628 ; free virtual = 8728
Wrote PulsedLatchDB: Time (s): cpu = 00:00:00 ; elapsed = 00:00:00 . Memory (MB): peak = 3086.621 ; gain = 0.000 ; free physical = 1628 ; free virtual = 8728
Writing XDEF routing.
Write ShapeDB Complete: Time (s): cpu = 00:00:00.11 ; elapsed = 00:00:00.02 . Memory (MB): peak = 3086.621 ; gain = 0.000 ; free physical = 1627 ; free virtual = 8729
Writing XDEF routing logical nets.
Writing XDEF routing special nets.
Wrote RouteStorage: Time (s): cpu = 00:00:00.15 ; elapsed = 00:00:00.04 . Memory (MB): peak = 3086.621 ; gain = 0.000 ; free physical = 1627 ; free virtual = 8730
Wrote Netlist Cache: Time (s): cpu = 00:00:00 ; elapsed = 00:00:00 . Memory (MB): peak = 3086.621 ; gain = 0.000 ; free physical = 1627 ; free virtual = 8730
Wrote Device Cache: Time (s): cpu = 00:00:00.01 ; elapsed = 00:00:00 . Memory (MB): peak = 3086.621 ; gain = 0.000 ; free physical = 1626 ; free virtual = 8731
Write Physdb Complete: Time (s): cpu = 00:00:00.23 ; elapsed = 00:00:00.06 . Memory (MB): peak = 3086.621 ; gain = 0.000 ; free physical = 1626 ; free virtual = 8731
INFO: [Common 17-1381] The checkpoint '/home/luukieboy/Documents/thesis/hdl/projects/adrv9364z7020/ccbob_lvds/adrv9364z7020_ccbob_lvds.runs/impl_1/system_top_opt.dcp' has been generated.
Command: place_design
Attempting to get a license for feature 'Implementation' and/or device 'xc7z020'
INFO: [Common 17-349] Got license for feature 'Implementation' and/or device 'xc7z020'
INFO: [Common 17-83] Releasing license: Implementation
INFO: [DRC 23-27] Running DRC with 8 threads
INFO: [Vivado_Tcl 4-198] DRC finished with 0 Errors
INFO: [Vivado_Tcl 4-199] Please refer to the DRC report (report_drc) for more information.
Running DRC as a precondition to command place_design
INFO: [DRC 23-27] Running DRC with 8 threads
INFO: [Vivado_Tcl 4-198] DRC finished with 0 Errors, 21 Warnings
INFO: [Vivado_Tcl 4-199] Please refer to the DRC report (report_drc) for more information.
INFO: [Place 30-611] Multithreading enabled for place_design using a maximum of 8 CPUs

Starting Placer Task

Phase 1 Placer Initialization

Phase 1.1 Placer Initialization Netlist Sorting
Netlist sorting complete. Time (s): cpu = 00:00:00 ; elapsed = 00:00:00 . Memory (MB): peak = 3086.621 ; gain = 0.000 ; free physical = 1611 ; free virtual = 8717
Phase 1.1 Placer Initialization Netlist Sorting | Checksum: df36b6e1

Time (s): cpu = 00:00:00.01 ; elapsed = 00:00:00.02 . Memory (MB): peak = 3086.621 ; gain = 0.000 ; free physical = 1611 ; free virtual = 8717
Netlist sorting complete. Time (s): cpu = 00:00:00 ; elapsed = 00:00:00 . Memory (MB): peak = 3086.621 ; gain = 0.000 ; free physical = 1611 ; free virtual = 8717

Phase 1.2 IO Placement/ Clock Placement/ Build Placer Device
Phase 1.2 IO Placement/ Clock Placement/ Build Placer Device | Checksum: 1afc6ec8

Time (s): cpu = 00:00:02 ; elapsed = 00:00:01 . Memory (MB): peak = 3086.621 ; gain = 0.000 ; free physical = 1604 ; free virtual = 8712

Phase 1.3 Build Placer Netlist Model
Phase 1.3 Build Placer Netlist Model | Checksum: 1707a3692

Time (s): cpu = 00:00:06 ; elapsed = 00:00:03 . Memory (MB): peak = 3086.621 ; gain = 0.000 ; free physical = 1610 ; free virtual = 8718

Phase 1.4 Constrain Clocks/Macros
Phase 1.4 Constrain Clocks/Macros | Checksum: 1707a3692

Time (s): cpu = 00:00:06 ; elapsed = 00:00:03 . Memory (MB): peak = 3086.621 ; gain = 0.000 ; free physical = 1610 ; free virtual = 8718
Phase 1 Placer Initialization | Checksum: 1707a3692

Time (s): cpu = 00:00:06 ; elapsed = 00:00:03 . Memory (MB): peak = 3086.621 ; gain = 0.000 ; free physical = 1610 ; free virtual = 8718

Phase 2 Global Placement

Phase 2.1 Floorplanning
Phase 2.1 Floorplanning | Checksum: a4355cc7

Time (s): cpu = 00:00:08 ; elapsed = 00:00:03 . Memory (MB): peak = 3086.621 ; gain = 0.000 ; free physical = 1609 ; free virtual = 8717

Phase 2.2 Update Timing before SLR Path Opt
Phase 2.2 Update Timing before SLR Path Opt | Checksum: 10111f4ec

Time (s): cpu = 00:00:09 ; elapsed = 00:00:04 . Memory (MB): peak = 3086.621 ; gain = 0.000 ; free physical = 1608 ; free virtual = 8717

Phase 2.3 Post-Processing in Floorplanning
Phase 2.3 Post-Processing in Floorplanning | Checksum: 10111f4ec

Time (s): cpu = 00:00:09 ; elapsed = 00:00:04 . Memory (MB): peak = 3086.621 ; gain = 0.000 ; free physical = 1608 ; free virtual = 8716

Phase 2.4 Global Placement Core

Phase 2.4.1 UpdateTiming Before Physical Synthesis
Phase 2.4.1 UpdateTiming Before Physical Synthesis | Checksum: a03e600a

Time (s): cpu = 00:00:26 ; elapsed = 00:00:08 . Memory (MB): peak = 3086.621 ; gain = 0.000 ; free physical = 1614 ; free virtual = 8723

Phase 2.4.2 Physical Synthesis In Placer
INFO: [Physopt 32-1035] Found 0 LUTNM shape to break, 303 LUT instances to create LUTNM shape
INFO: [Physopt 32-1044] Break lutnm for timing: one critical 0, two critical 0, total 0, new lutff created 0
INFO: [Physopt 32-1138] End 1 Pass. Optimized 122 nets or LUTs. Breaked 0 LUT, combined 122 existing LUTs and moved 0 existing LUT
INFO: [Physopt 32-65] No nets found for high-fanout optimization.
INFO: [Physopt 32-232] Optimized 0 net. Created 0 new instance.
INFO: [Physopt 32-775] End 1 Pass. Optimized 0 net or cell. Created 0 new cell, deleted 0 existing cell and moved 0 existing cell
INFO: [Physopt 32-670] No setup violation found.  DSP Register Optimization was not performed.
INFO: [Physopt 32-670] No setup violation found.  Shift Register to Pipeline Optimization was not performed.
INFO: [Physopt 32-670] No setup violation found.  Shift Register Optimization was not performed.
INFO: [Physopt 32-670] No setup violation found.  BRAM Register Optimization was not performed.
INFO: [Physopt 32-670] No setup violation found.  URAM Register Optimization was not performed.
INFO: [Physopt 32-949] No candidate nets found for dynamic/static region interface net replication
INFO: [Physopt 32-775] End 1 Pass. Optimized 0 net or cell. Created 0 new cell, deleted 0 existing cell and moved 0 existing cell
Netlist sorting complete. Time (s): cpu = 00:00:00 ; elapsed = 00:00:00 . Memory (MB): peak = 3086.621 ; gain = 0.000 ; free physical = 1613 ; free virtual = 8723

Summary of Physical Synthesis Optimizations
============================================


-----------------------------------------------------------------------------------------------------------------------------------------------------------
|  Optimization                                     |  Added Cells  |  Removed Cells  |  Optimized Cells/Nets  |  Dont Touch  |  Iterations  |  Elapsed   |
-----------------------------------------------------------------------------------------------------------------------------------------------------------
|  LUT Combining                                    |            0  |            122  |                   122  |           0  |           1  |  00:00:00  |
|  Retime                                           |            0  |              0  |                     0  |           0  |           1  |  00:00:00  |
|  Very High Fanout                                 |            0  |              0  |                     0  |           0  |           1  |  00:00:00  |
|  DSP Register                                     |            0  |              0  |                     0  |           0  |           0  |  00:00:00  |
|  Shift Register to Pipeline                       |            0  |              0  |                     0  |           0  |           0  |  00:00:00  |
|  Shift Register                                   |            0  |              0  |                     0  |           0  |           0  |  00:00:00  |
|  BRAM Register                                    |            0  |              0  |                     0  |           0  |           0  |  00:00:00  |
|  URAM Register                                    |            0  |              0  |                     0  |           0  |           0  |  00:00:00  |
|  Dynamic/Static Region Interface Net Replication  |            0  |              0  |                     0  |           0  |           1  |  00:00:00  |
|  Total                                            |            0  |            122  |                   122  |           0  |           4  |  00:00:00  |
-----------------------------------------------------------------------------------------------------------------------------------------------------------


Phase 2.4.2 Physical Synthesis In Placer | Checksum: 12041307c

Time (s): cpu = 00:00:28 ; elapsed = 00:00:09 . Memory (MB): peak = 3086.621 ; gain = 0.000 ; free physical = 1612 ; free virtual = 8723
Phase 2.4 Global Placement Core | Checksum: 19c9c181a

Time (s): cpu = 00:00:29 ; elapsed = 00:00:09 . Memory (MB): peak = 3086.621 ; gain = 0.000 ; free physical = 1611 ; free virtual = 8723
Phase 2 Global Placement | Checksum: 19c9c181a

Time (s): cpu = 00:00:29 ; elapsed = 00:00:09 . Memory (MB): peak = 3086.621 ; gain = 0.000 ; free physical = 1611 ; free virtual = 8723

Phase 3 Detail Placement

Phase 3.1 Commit Multi Column Macros
Phase 3.1 Commit Multi Column Macros | Checksum: 17b9079b3

Time (s): cpu = 00:00:31 ; elapsed = 00:00:10 . Memory (MB): peak = 3086.621 ; gain = 0.000 ; free physical = 1611 ; free virtual = 8722

Phase 3.2 Commit Most Macros & LUTRAMs
Phase 3.2 Commit Most Macros & LUTRAMs | Checksum: 1b63c57f3

Time (s): cpu = 00:00:33 ; elapsed = 00:00:11 . Memory (MB): peak = 3086.621 ; gain = 0.000 ; free physical = 1611 ; free virtual = 8722

Phase 3.3 Area Swap Optimization
Phase 3.3 Area Swap Optimization | Checksum: 1c278063d

Time (s): cpu = 00:00:33 ; elapsed = 00:00:11 . Memory (MB): peak = 3086.621 ; gain = 0.000 ; free physical = 1611 ; free virtual = 8722

Phase 3.4 Pipeline Register Optimization
Phase 3.4 Pipeline Register Optimization | Checksum: 1bfeb16b0

Time (s): cpu = 00:00:33 ; elapsed = 00:00:11 . Memory (MB): peak = 3086.621 ; gain = 0.000 ; free physical = 1611 ; free virtual = 8722

Phase 3.5 Small Shape Detail Placement
Phase 3.5 Small Shape Detail Placement | Checksum: 234a1d4ec

Time (s): cpu = 00:00:36 ; elapsed = 00:00:13 . Memory (MB): peak = 3086.621 ; gain = 0.000 ; free physical = 1610 ; free virtual = 8722

Phase 3.6 Re-assign LUT pins
Phase 3.6 Re-assign LUT pins | Checksum: 189c8fec3

Time (s): cpu = 00:00:37 ; elapsed = 00:00:13 . Memory (MB): peak = 3086.621 ; gain = 0.000 ; free physical = 1609 ; free virtual = 8722

Phase 3.7 Pipeline Register Optimization
Phase 3.7 Pipeline Register Optimization | Checksum: 1b3dd2ecf

Time (s): cpu = 00:00:37 ; elapsed = 00:00:14 . Memory (MB): peak = 3086.621 ; gain = 0.000 ; free physical = 1609 ; free virtual = 8722
Phase 3 Detail Placement | Checksum: 1b3dd2ecf

Time (s): cpu = 00:00:37 ; elapsed = 00:00:14 . Memory (MB): peak = 3086.621 ; gain = 0.000 ; free physical = 1609 ; free virtual = 8722

Phase 4 Post Placement Optimization and Clean-Up

Phase 4.1 Post Commit Optimization
INFO: [Timing 38-35] Done setting XDC timing constraints.

Phase 4.1.1 Post Placement Optimization
Post Placement Optimization Initialization | Checksum: 180f93b6b

Phase 4.1.1.1 BUFG Insertion

Starting Physical Synthesis Task

Phase 1 Physical Synthesis Initialization
INFO: [Physopt 32-721] Multithreading enabled for phys_opt_design using a maximum of 8 CPUs
INFO: [Physopt 32-619] Estimated Timing Summary | WNS=1.168 | TNS=0.000 |
Phase 1 Physical Synthesis Initialization | Checksum: 1374a0035

Time (s): cpu = 00:00:01 ; elapsed = 00:00:00.48 . Memory (MB): peak = 3086.621 ; gain = 0.000 ; free physical = 1600 ; free virtual = 8713
INFO: [Place 46-56] BUFG insertion identified 0 candidate nets. Inserted BUFG: 0, Replicated BUFG Driver: 0, Skipped due to Placement/Routing Conflicts: 0, Skipped due to Timing Degradation: 0, Skipped due to netlist editing failed: 0.
Ending Physical Synthesis Task | Checksum: 1374a0035

Time (s): cpu = 00:00:02 ; elapsed = 00:00:00.69 . Memory (MB): peak = 3086.621 ; gain = 0.000 ; free physical = 1569 ; free virtual = 8711
Phase 4.1.1.1 BUFG Insertion | Checksum: 180f93b6b

Time (s): cpu = 00:00:44 ; elapsed = 00:00:16 . Memory (MB): peak = 3086.621 ; gain = 0.000 ; free physical = 1569 ; free virtual = 8711

Phase 4.1.1.2 Post Placement Timing Optimization
INFO: [Place 30-746] Post Placement Timing Summary WNS=1.168. For the most accurate timing information please run report_timing.
Phase 4.1.1.2 Post Placement Timing Optimization | Checksum: 13e1b7a64

Time (s): cpu = 00:00:44 ; elapsed = 00:00:16 . Memory (MB): peak = 3086.621 ; gain = 0.000 ; free physical = 1568 ; free virtual = 8711

Time (s): cpu = 00:00:44 ; elapsed = 00:00:16 . Memory (MB): peak = 3086.621 ; gain = 0.000 ; free physical = 1568 ; free virtual = 8711
Phase 4.1 Post Commit Optimization | Checksum: 13e1b7a64

Time (s): cpu = 00:00:44 ; elapsed = 00:00:16 . Memory (MB): peak = 3086.621 ; gain = 0.000 ; free physical = 1568 ; free virtual = 8711

Phase 4.2 Post Placement Cleanup
Phase 4.2 Post Placement Cleanup | Checksum: 13e1b7a64

Time (s): cpu = 00:00:44 ; elapsed = 00:00:16 . Memory (MB): peak = 3086.621 ; gain = 0.000 ; free physical = 1568 ; free virtual = 8711

Phase 4.3 Placer Reporting

Phase 4.3.1 Print Estimated Congestion
INFO: [Place 30-612] Post-Placement Estimated Congestion 
 ____________________________________________________
|           | Global Congestion | Short Congestion  |
| Direction | Region Size       | Region Size       |
|___________|___________________|___________________|
|      North|                1x1|                2x2|
|___________|___________________|___________________|
|      South|                1x1|                2x2|
|___________|___________________|___________________|
|       East|                1x1|                1x1|
|___________|___________________|___________________|
|       West|                1x1|                1x1|
|___________|___________________|___________________|

Phase 4.3.1 Print Estimated Congestion | Checksum: 13e1b7a64

Time (s): cpu = 00:00:44 ; elapsed = 00:00:16 . Memory (MB): peak = 3086.621 ; gain = 0.000 ; free physical = 1568 ; free virtual = 8711
Phase 4.3 Placer Reporting | Checksum: 13e1b7a64

Time (s): cpu = 00:00:44 ; elapsed = 00:00:16 . Memory (MB): peak = 3086.621 ; gain = 0.000 ; free physical = 1568 ; free virtual = 8710

Phase 4.4 Final Placement Cleanup
Netlist sorting complete. Time (s): cpu = 00:00:00 ; elapsed = 00:00:00 . Memory (MB): peak = 3086.621 ; gain = 0.000 ; free physical = 1568 ; free virtual = 8710

Time (s): cpu = 00:00:44 ; elapsed = 00:00:17 . Memory (MB): peak = 3086.621 ; gain = 0.000 ; free physical = 1568 ; free virtual = 8710
Phase 4 Post Placement Optimization and Clean-Up | Checksum: 1afe6ce83

Time (s): cpu = 00:00:45 ; elapsed = 00:00:17 . Memory (MB): peak = 3086.621 ; gain = 0.000 ; free physical = 1567 ; free virtual = 8710
Ending Placer Task | Checksum: 11391aec5

Time (s): cpu = 00:00:45 ; elapsed = 00:00:17 . Memory (MB): peak = 3086.621 ; gain = 0.000 ; free physical = 1567 ; free virtual = 8710
77 Infos, 83 Warnings, 0 Critical Warnings and 0 Errors encountered.
place_design completed successfully
place_design: Time (s): cpu = 00:00:46 ; elapsed = 00:00:17 . Memory (MB): peak = 3086.621 ; gain = 0.000 ; free physical = 1567 ; free virtual = 8710
INFO: [runtcl-4] Executing : report_io -file system_top_io_placed.rpt
report_io: Time (s): cpu = 00:00:00.12 ; elapsed = 00:00:00.15 . Memory (MB): peak = 3086.621 ; gain = 0.000 ; free physical = 1573 ; free virtual = 8716
INFO: [runtcl-4] Executing : report_utilization -file system_top_utilization_placed.rpt -pb system_top_utilization_placed.pb
INFO: [runtcl-4] Executing : report_control_sets -verbose -file system_top_control_sets_placed.rpt
report_control_sets: Time (s): cpu = 00:00:00.06 ; elapsed = 00:00:00.11 . Memory (MB): peak = 3086.621 ; gain = 0.000 ; free physical = 1545 ; free virtual = 8713
INFO: [Timing 38-480] Writing timing data to binary archive.
Write ShapeDB Complete: Time (s): cpu = 00:00:00.19 ; elapsed = 00:00:00.05 . Memory (MB): peak = 3086.621 ; gain = 0.000 ; free physical = 1553 ; free virtual = 8712
Wrote PlaceDB: Time (s): cpu = 00:00:02 ; elapsed = 00:00:00.66 . Memory (MB): peak = 3086.621 ; gain = 0.000 ; free physical = 1612 ; free virtual = 8792
Wrote PulsedLatchDB: Time (s): cpu = 00:00:00 ; elapsed = 00:00:00 . Memory (MB): peak = 3086.621 ; gain = 0.000 ; free physical = 1612 ; free virtual = 8792
Writing XDEF routing.
Writing XDEF routing logical nets.
Writing XDEF routing special nets.
Wrote RouteStorage: Time (s): cpu = 00:00:00.06 ; elapsed = 00:00:00.03 . Memory (MB): peak = 3086.621 ; gain = 0.000 ; free physical = 1612 ; free virtual = 8791
Wrote Netlist Cache: Time (s): cpu = 00:00:00.03 ; elapsed = 00:00:00.02 . Memory (MB): peak = 3086.621 ; gain = 0.000 ; free physical = 1610 ; free virtual = 8791
Wrote Device Cache: Time (s): cpu = 00:00:00.01 ; elapsed = 00:00:00 . Memory (MB): peak = 3086.621 ; gain = 0.000 ; free physical = 1609 ; free virtual = 8791
Write Physdb Complete: Time (s): cpu = 00:00:02 ; elapsed = 00:00:00.72 . Memory (MB): peak = 3086.621 ; gain = 0.000 ; free physical = 1609 ; free virtual = 8791
INFO: [Common 17-1381] The checkpoint '/home/luukieboy/Documents/thesis/hdl/projects/adrv9364z7020/ccbob_lvds/adrv9364z7020_ccbob_lvds.runs/impl_1/system_top_placed.dcp' has been generated.
Command: phys_opt_design
Attempting to get a license for feature 'Implementation' and/or device 'xc7z020'
INFO: [Common 17-349] Got license for feature 'Implementation' and/or device 'xc7z020'

Starting Initial Update Timing Task

Time (s): cpu = 00:00:05 ; elapsed = 00:00:01 . Memory (MB): peak = 3086.621 ; gain = 0.000 ; free physical = 1610 ; free virtual = 8792
INFO: [Vivado_Tcl 4-383] Design worst setup slack (WNS) is greater than or equal to 0.000 ns. Skipping all physical synthesis optimizations.
INFO: [Vivado_Tcl 4-232] No setup violation found. The netlist was not modified.
INFO: [Common 17-83] Releasing license: Implementation
86 Infos, 83 Warnings, 0 Critical Warnings and 0 Errors encountered.
phys_opt_design completed successfully
INFO: [Timing 38-480] Writing timing data to binary archive.
Write ShapeDB Complete: Time (s): cpu = 00:00:00.18 ; elapsed = 00:00:00.04 . Memory (MB): peak = 3086.621 ; gain = 0.000 ; free physical = 1605 ; free virtual = 8791
Wrote PlaceDB: Time (s): cpu = 00:00:02 ; elapsed = 00:00:00.8 . Memory (MB): peak = 3086.621 ; gain = 0.000 ; free physical = 1508 ; free virtual = 8726
Wrote PulsedLatchDB: Time (s): cpu = 00:00:00 ; elapsed = 00:00:00 . Memory (MB): peak = 3086.621 ; gain = 0.000 ; free physical = 1508 ; free virtual = 8726
Writing XDEF routing.
Writing XDEF routing logical nets.
Writing XDEF routing special nets.
Wrote RouteStorage: Time (s): cpu = 00:00:00.08 ; elapsed = 00:00:00.04 . Memory (MB): peak = 3086.621 ; gain = 0.000 ; free physical = 1503 ; free virtual = 8721
Wrote Netlist Cache: Time (s): cpu = 00:00:00.04 ; elapsed = 00:00:00.02 . Memory (MB): peak = 3086.621 ; gain = 0.000 ; free physical = 1500 ; free virtual = 8720
Wrote Device Cache: Time (s): cpu = 00:00:00.01 ; elapsed = 00:00:00.01 . Memory (MB): peak = 3086.621 ; gain = 0.000 ; free physical = 1499 ; free virtual = 8720
Write Physdb Complete: Time (s): cpu = 00:00:03 ; elapsed = 00:00:00.88 . Memory (MB): peak = 3086.621 ; gain = 0.000 ; free physical = 1497 ; free virtual = 8718
INFO: [Common 17-1381] The checkpoint '/home/luukieboy/Documents/thesis/hdl/projects/adrv9364z7020/ccbob_lvds/adrv9364z7020_ccbob_lvds.runs/impl_1/system_top_physopt.dcp' has been generated.
Command: route_design
Attempting to get a license for feature 'Implementation' and/or device 'xc7z020'
INFO: [Common 17-349] Got license for feature 'Implementation' and/or device 'xc7z020'
Running DRC as a precondition to command route_design
INFO: [DRC 23-27] Running DRC with 8 threads
INFO: [Vivado_Tcl 4-198] DRC finished with 0 Errors
INFO: [Vivado_Tcl 4-199] Please refer to the DRC report (report_drc) for more information.


Starting Routing Task
INFO: [Route 35-254] Multithreading enabled for route_design using a maximum of 8 CPUs

Phase 1 Build RT Design
Checksum: PlaceDB: 444f8d7b ConstDB: 0 ShapeSum: cf42214a RouteDB: 0
Post Restoration Checksum: NetGraph: 27a8a38c | NumContArr: b55323b3 | Constraints: c2a8fa9d | Timing: c2a8fa9d
Phase 1 Build RT Design | Checksum: 2624dbc79

Time (s): cpu = 00:00:20 ; elapsed = 00:00:14 . Memory (MB): peak = 3102.641 ; gain = 16.020 ; free physical = 1198 ; free virtual = 8510

Phase 2 Router Initialization

Phase 2.1 Fix Topology Constraints
Phase 2.1 Fix Topology Constraints | Checksum: 2624dbc79

Time (s): cpu = 00:00:21 ; elapsed = 00:00:14 . Memory (MB): peak = 3102.641 ; gain = 16.020 ; free physical = 1198 ; free virtual = 8510

Phase 2.2 Pre Route Cleanup
Phase 2.2 Pre Route Cleanup | Checksum: 2624dbc79

Time (s): cpu = 00:00:21 ; elapsed = 00:00:14 . Memory (MB): peak = 3102.641 ; gain = 16.020 ; free physical = 1198 ; free virtual = 8510
 Number of Nodes with overlaps = 0

Phase 2.3 Update Timing
Phase 2.3 Update Timing | Checksum: 153012549

Time (s): cpu = 00:00:28 ; elapsed = 00:00:17 . Memory (MB): peak = 3130.656 ; gain = 44.035 ; free physical = 1179 ; free virtual = 8487
INFO: [Route 35-416] Intermediate Timing Summary | WNS=1.217  | TNS=0.000  | WHS=-0.356 | THS=-239.026|


Router Utilization Summary
  Global Vertical Routing Utilization    = 0 %
  Global Horizontal Routing Utilization  = 0 %
  Routable Net Status*
  *Does not include unroutable nets such as driverless and loadless.
  Run report_route_status for detailed report.
  Number of Failed Nets               = 17780
    (Failed Nets is the sum of unrouted and partially routed nets)
  Number of Unrouted Nets             = 17779
  Number of Partially Routed Nets     = 1
  Number of Node Overlaps             = 0

Phase 2 Router Initialization | Checksum: 1ac532949

Time (s): cpu = 00:00:32 ; elapsed = 00:00:18 . Memory (MB): peak = 3141.648 ; gain = 55.027 ; free physical = 1188 ; free virtual = 8497

Phase 3 Initial Routing

Phase 3.1 Global Routing
Phase 3.1 Global Routing | Checksum: 1ac532949

Time (s): cpu = 00:00:32 ; elapsed = 00:00:18 . Memory (MB): peak = 3141.648 ; gain = 55.027 ; free physical = 1188 ; free virtual = 8497

Phase 3.2 Initial Net Routing
Phase 3.2 Initial Net Routing | Checksum: 270ddc4e1

Time (s): cpu = 00:00:36 ; elapsed = 00:00:18 . Memory (MB): peak = 3141.648 ; gain = 55.027 ; free physical = 1187 ; free virtual = 8496
Phase 3 Initial Routing | Checksum: 270ddc4e1

Time (s): cpu = 00:00:36 ; elapsed = 00:00:18 . Memory (MB): peak = 3141.648 ; gain = 55.027 ; free physical = 1187 ; free virtual = 8496

Phase 4 Rip-up And Reroute

Phase 4.1 Global Iteration 0
 Number of Nodes with overlaps = 1014
 Number of Nodes with overlaps = 38
 Number of Nodes with overlaps = 7
 Number of Nodes with overlaps = 1
 Number of Nodes with overlaps = 0
INFO: [Route 35-416] Intermediate Timing Summary | WNS=1.185  | TNS=0.000  | WHS=N/A    | THS=N/A    |

Phase 4.1 Global Iteration 0 | Checksum: 279d8ad41

Time (s): cpu = 00:00:43 ; elapsed = 00:00:22 . Memory (MB): peak = 3141.648 ; gain = 55.027 ; free physical = 1183 ; free virtual = 8487

Phase 4.2 Global Iteration 1
 Number of Nodes with overlaps = 8
 Number of Nodes with overlaps = 1
 Number of Nodes with overlaps = 0
INFO: [Route 35-416] Intermediate Timing Summary | WNS=1.185  | TNS=0.000  | WHS=N/A    | THS=N/A    |

Phase 4.2 Global Iteration 1 | Checksum: 2dd3aeb1a

Time (s): cpu = 00:00:44 ; elapsed = 00:00:22 . Memory (MB): peak = 3141.648 ; gain = 55.027 ; free physical = 1182 ; free virtual = 8488

Phase 4.3 Global Iteration 2
 Number of Nodes with overlaps = 0
INFO: [Route 35-416] Intermediate Timing Summary | WNS=1.185  | TNS=0.000  | WHS=N/A    | THS=N/A    |

Phase 4.3 Global Iteration 2 | Checksum: 27de2a58f

Time (s): cpu = 00:00:44 ; elapsed = 00:00:22 . Memory (MB): peak = 3141.648 ; gain = 55.027 ; free physical = 1191 ; free virtual = 8496
Phase 4 Rip-up And Reroute | Checksum: 27de2a58f

Time (s): cpu = 00:00:45 ; elapsed = 00:00:22 . Memory (MB): peak = 3141.648 ; gain = 55.027 ; free physical = 1191 ; free virtual = 8496

Phase 5 Delay and Skew Optimization

Phase 5.1 Delay CleanUp
Phase 5.1 Delay CleanUp | Checksum: 27de2a58f

Time (s): cpu = 00:00:45 ; elapsed = 00:00:22 . Memory (MB): peak = 3141.648 ; gain = 55.027 ; free physical = 1191 ; free virtual = 8496

Phase 5.2 Clock Skew Optimization
Phase 5.2 Clock Skew Optimization | Checksum: 27de2a58f

Time (s): cpu = 00:00:45 ; elapsed = 00:00:22 . Memory (MB): peak = 3141.648 ; gain = 55.027 ; free physical = 1191 ; free virtual = 8496
Phase 5 Delay and Skew Optimization | Checksum: 27de2a58f

Time (s): cpu = 00:00:45 ; elapsed = 00:00:22 . Memory (MB): peak = 3141.648 ; gain = 55.027 ; free physical = 1191 ; free virtual = 8496

Phase 6 Post Hold Fix

Phase 6.1 Hold Fix Iter

Phase 6.1.1 Update Timing
Phase 6.1.1 Update Timing | Checksum: 2ddd248a8

Time (s): cpu = 00:00:47 ; elapsed = 00:00:23 . Memory (MB): peak = 3141.648 ; gain = 55.027 ; free physical = 1192 ; free virtual = 8494
INFO: [Route 35-416] Intermediate Timing Summary | WNS=1.199  | TNS=0.000  | WHS=0.018  | THS=0.000  |

Phase 6.1 Hold Fix Iter | Checksum: 2adb1fb9b

Time (s): cpu = 00:00:47 ; elapsed = 00:00:23 . Memory (MB): peak = 3141.648 ; gain = 55.027 ; free physical = 1192 ; free virtual = 8493
Phase 6 Post Hold Fix | Checksum: 2adb1fb9b

Time (s): cpu = 00:00:47 ; elapsed = 00:00:23 . Memory (MB): peak = 3141.648 ; gain = 55.027 ; free physical = 1192 ; free virtual = 8493

Phase 7 Route finalize

Router Utilization Summary
  Global Vertical Routing Utilization    = 3.86455 %
  Global Horizontal Routing Utilization  = 4.72422 %
  Routable Net Status*
  *Does not include unroutable nets such as driverless and loadless.
  Run report_route_status for detailed report.
  Number of Failed Nets               = 0
    (Failed Nets is the sum of unrouted and partially routed nets)
  Number of Unrouted Nets             = 0
  Number of Partially Routed Nets     = 0
  Number of Node Overlaps             = 0

Phase 7 Route finalize | Checksum: 2adb1fb9b

Time (s): cpu = 00:00:47 ; elapsed = 00:00:23 . Memory (MB): peak = 3141.648 ; gain = 55.027 ; free physical = 1186 ; free virtual = 8495

Phase 8 Verifying routed nets

 Verification completed successfully
Phase 8 Verifying routed nets | Checksum: 2adb1fb9b

Time (s): cpu = 00:00:47 ; elapsed = 00:00:23 . Memory (MB): peak = 3141.648 ; gain = 55.027 ; free physical = 1186 ; free virtual = 8495

Phase 9 Depositing Routes
Phase 9 Depositing Routes | Checksum: 2457aaa9b

Time (s): cpu = 00:00:48 ; elapsed = 00:00:24 . Memory (MB): peak = 3141.648 ; gain = 55.027 ; free physical = 1186 ; free virtual = 8495

Phase 10 Post Router Timing
INFO: [Route 35-57] Estimated Timing Summary | WNS=1.199  | TNS=0.000  | WHS=0.018  | THS=0.000  |

INFO: [Route 35-327] The final timing numbers are based on the router estimated timing analysis. For a complete and accurate timing signoff, please run report_timing_summary.
Phase 10 Post Router Timing | Checksum: 2457aaa9b

Time (s): cpu = 00:00:50 ; elapsed = 00:00:24 . Memory (MB): peak = 3141.648 ; gain = 55.027 ; free physical = 1187 ; free virtual = 8496
INFO: [Route 35-16] Router Completed Successfully

Phase 11 Post-Route Event Processing
Phase 11 Post-Route Event Processing | Checksum: ff7733d5

Time (s): cpu = 00:00:50 ; elapsed = 00:00:24 . Memory (MB): peak = 3141.648 ; gain = 55.027 ; free physical = 1187 ; free virtual = 8496
Ending Routing Task | Checksum: ff7733d5

Time (s): cpu = 00:00:50 ; elapsed = 00:00:25 . Memory (MB): peak = 3141.648 ; gain = 55.027 ; free physical = 1187 ; free virtual = 8496

Routing Is Done.
INFO: [Common 17-83] Releasing license: Implementation
102 Infos, 83 Warnings, 0 Critical Warnings and 0 Errors encountered.
route_design completed successfully
route_design: Time (s): cpu = 00:00:53 ; elapsed = 00:00:25 . Memory (MB): peak = 3141.648 ; gain = 55.027 ; free physical = 1187 ; free virtual = 8495
INFO: [runtcl-4] Executing : report_drc -file system_top_drc_routed.rpt -pb system_top_drc_routed.pb -rpx system_top_drc_routed.rpx
Command: report_drc -file system_top_drc_routed.rpt -pb system_top_drc_routed.pb -rpx system_top_drc_routed.rpx
INFO: [IP_Flow 19-1839] IP Catalog is up to date.
INFO: [DRC 23-27] Running DRC with 8 threads
INFO: [Vivado_Tcl 2-168] The results of DRC are in file /home/luukieboy/Documents/thesis/hdl/projects/adrv9364z7020/ccbob_lvds/adrv9364z7020_ccbob_lvds.runs/impl_1/system_top_drc_routed.rpt.
report_drc completed successfully
INFO: [runtcl-4] Executing : report_methodology -file system_top_methodology_drc_routed.rpt -pb system_top_methodology_drc_routed.pb -rpx system_top_methodology_drc_routed.rpx
Command: report_methodology -file system_top_methodology_drc_routed.rpt -pb system_top_methodology_drc_routed.pb -rpx system_top_methodology_drc_routed.rpx
INFO: [Timing 38-35] Done setting XDC timing constraints.
INFO: [DRC 23-133] Running Methodology with 8 threads
INFO: [Vivado_Tcl 2-1520] The results of Report Methodology are in file /home/luukieboy/Documents/thesis/hdl/projects/adrv9364z7020/ccbob_lvds/adrv9364z7020_ccbob_lvds.runs/impl_1/system_top_methodology_drc_routed.rpt.
report_methodology completed successfully
INFO: [runtcl-4] Executing : report_power -file system_top_power_routed.rpt -pb system_top_power_summary_routed.pb -rpx system_top_power_routed.rpx
Command: report_power -file system_top_power_routed.rpt -pb system_top_power_summary_routed.pb -rpx system_top_power_routed.rpx
INFO: [Timing 38-35] Done setting XDC timing constraints.
Running Vector-less Activity Propagation...

Finished Running Vector-less Activity Propagation
WARNING: [Power 33-332] Found switching activity that implies high-fanout reset nets being asserted for excessive periods of time which may result in inaccurate power analysis.
Resolution: To review and fix problems, please run Power Constraints Advisor in the GUI from Tools > Power Constraints Advisor or run report_power with the -advisory option to generate a text report.
112 Infos, 84 Warnings, 0 Critical Warnings and 0 Errors encountered.
report_power completed successfully
INFO: [runtcl-4] Executing : report_route_status -file system_top_route_status.rpt -pb system_top_route_status.pb
INFO: [runtcl-4] Executing : report_timing_summary -max_paths 10 -report_unconstrained -file system_top_timing_summary_routed.rpt -pb system_top_timing_summary_routed.pb -rpx system_top_timing_summary_routed.rpx -warn_on_violation 
INFO: [Timing 38-91] UpdateTimingParams: Speed grade: -1, Delay Type: min_max.
INFO: [Timing 38-191] Multithreading enabled for timing update using a maximum of 8 CPUs
INFO: [runtcl-4] Executing : report_incremental_reuse -file system_top_incremental_reuse_routed.rpt
INFO: [Vivado_Tcl 4-1062] Incremental flow is disabled. No incremental reuse Info to report.
INFO: [runtcl-4] Executing : report_clock_utilization -file system_top_clock_utilization_routed.rpt
INFO: [runtcl-4] Executing : report_bus_skew -warn_on_violation -file system_top_bus_skew_routed.rpt -pb system_top_bus_skew_routed.pb -rpx system_top_bus_skew_routed.rpx
INFO: [Timing 38-91] UpdateTimingParams: Speed grade: -1, Delay Type: min_max.
INFO: [Timing 38-191] Multithreading enabled for timing update using a maximum of 8 CPUs
INFO: [Timing 38-480] Writing timing data to binary archive.
Write ShapeDB Complete: Time (s): cpu = 00:00:00.13 ; elapsed = 00:00:00.03 . Memory (MB): peak = 3242.582 ; gain = 0.000 ; free physical = 1130 ; free virtual = 8455
Wrote PlaceDB: Time (s): cpu = 00:00:02 ; elapsed = 00:00:00.64 . Memory (MB): peak = 3242.582 ; gain = 0.000 ; free physical = 1117 ; free virtual = 8461
Wrote PulsedLatchDB: Time (s): cpu = 00:00:00 ; elapsed = 00:00:00 . Memory (MB): peak = 3242.582 ; gain = 0.000 ; free physical = 1117 ; free virtual = 8461
Writing XDEF routing.
Writing XDEF routing logical nets.
Writing XDEF routing special nets.
Wrote RouteStorage: Time (s): cpu = 00:00:00.23 ; elapsed = 00:00:00.12 . Memory (MB): peak = 3242.582 ; gain = 0.000 ; free physical = 1115 ; free virtual = 8462
Wrote Netlist Cache: Time (s): cpu = 00:00:00.03 ; elapsed = 00:00:00.01 . Memory (MB): peak = 3242.582 ; gain = 0.000 ; free physical = 1113 ; free virtual = 8462
Wrote Device Cache: Time (s): cpu = 00:00:00.01 ; elapsed = 00:00:00.01 . Memory (MB): peak = 3242.582 ; gain = 0.000 ; free physical = 1112 ; free virtual = 8462
Write Physdb Complete: Time (s): cpu = 00:00:02 ; elapsed = 00:00:00.78 . Memory (MB): peak = 3242.582 ; gain = 0.000 ; free physical = 1112 ; free virtual = 8462
INFO: [Common 17-1381] The checkpoint '/home/luukieboy/Documents/thesis/hdl/projects/adrv9364z7020/ccbob_lvds/adrv9364z7020_ccbob_lvds.runs/impl_1/system_top_routed.dcp' has been generated.
Command: write_bitstream -force system_top.bit
Attempting to get a license for feature 'Implementation' and/or device 'xc7z020'
INFO: [Common 17-349] Got license for feature 'Implementation' and/or device 'xc7z020'
Running DRC as a precondition to command write_bitstream
INFO: [IP_Flow 19-1839] IP Catalog is up to date.
INFO: [DRC 23-27] Running DRC with 8 threads
WARNING: [DRC CHECK-3] Report rule limit reached: REQP-1839 rule limit reached: 20 violations have been found.
WARNING: [DRC REQP-1839] RAMB36 async control check: The RAMB36E1 i_system_wrapper/system_i/axi_ad9361_dac_dma/inst/i_transfer/i_request_arb/i_store_and_forward/i_mem/m_ram_reg has an input control pin i_system_wrapper/system_i/axi_ad9361_dac_dma/inst/i_transfer/i_request_arb/i_store_and_forward/i_mem/m_ram_reg/ENARDEN (net: i_system_wrapper/system_i/axi_ad9361_dac_dma/inst/i_transfer/i_request_arb/i_store_and_forward/i_mem/E[0]) which is driven by a register (i_system_wrapper/system_i/axi_ad9361_dac_fifo/inst/din_valid_reg) that has an active asychronous set or reset. This may cause corruption of the memory contents and/or read values when the set/reset is asserted and is not analyzed by the default static timing analysis. It is suggested to eliminate the use of a set/reset to registers driving this RAMB pin or else use a synchronous reset in which the assertion of the reset is timed by default.
WARNING: [DRC REQP-1839] RAMB36 async control check: The RAMB36E1 i_system_wrapper/system_i/axi_ad9361_dac_fifo/inst/i_mem/m_ram_reg has an input control pin i_system_wrapper/system_i/axi_ad9361_dac_fifo/inst/i_mem/m_ram_reg/ADDRBWRADDR[10] (net: i_system_wrapper/system_i/axi_ad9361_dac_fifo/inst/i_mem/m_ram_reg_0[4]) which is driven by a register (i_system_wrapper/system_i/axi_ad9361_dac_fifo/inst/din_waddr_reg[4]) that has an active asychronous set or reset. This may cause corruption of the memory contents and/or read values when the set/reset is asserted and is not analyzed by the default static timing analysis. It is suggested to eliminate the use of a set/reset to registers driving this RAMB pin or else use a synchronous reset in which the assertion of the reset is timed by default.
WARNING: [DRC REQP-1839] RAMB36 async control check: The RAMB36E1 i_system_wrapper/system_i/axi_ad9361_dac_fifo/inst/i_mem/m_ram_reg has an input control pin i_system_wrapper/system_i/axi_ad9361_dac_fifo/inst/i_mem/m_ram_reg/ADDRBWRADDR[6] (net: i_system_wrapper/system_i/axi_ad9361_dac_fifo/inst/i_mem/m_ram_reg_0[0]) which is driven by a register (i_system_wrapper/system_i/axi_ad9361_dac_fifo/inst/din_waddr_reg[0]) that has an active asychronous set or reset. This may cause corruption of the memory contents and/or read values when the set/reset is asserted and is not analyzed by the default static timing analysis. It is suggested to eliminate the use of a set/reset to registers driving this RAMB pin or else use a synchronous reset in which the assertion of the reset is timed by default.
WARNING: [DRC REQP-1839] RAMB36 async control check: The RAMB36E1 i_system_wrapper/system_i/axi_ad9361_dac_fifo/inst/i_mem/m_ram_reg has an input control pin i_system_wrapper/system_i/axi_ad9361_dac_fifo/inst/i_mem/m_ram_reg/ADDRBWRADDR[7] (net: i_system_wrapper/system_i/axi_ad9361_dac_fifo/inst/i_mem/m_ram_reg_0[1]) which is driven by a register (i_system_wrapper/system_i/axi_ad9361_dac_fifo/inst/din_waddr_reg[1]) that has an active asychronous set or reset. This may cause corruption of the memory contents and/or read values when the set/reset is asserted and is not analyzed by the default static timing analysis. It is suggested to eliminate the use of a set/reset to registers driving this RAMB pin or else use a synchronous reset in which the assertion of the reset is timed by default.
WARNING: [DRC REQP-1839] RAMB36 async control check: The RAMB36E1 i_system_wrapper/system_i/axi_ad9361_dac_fifo/inst/i_mem/m_ram_reg has an input control pin i_system_wrapper/system_i/axi_ad9361_dac_fifo/inst/i_mem/m_ram_reg/ADDRBWRADDR[8] (net: i_system_wrapper/system_i/axi_ad9361_dac_fifo/inst/i_mem/m_ram_reg_0[2]) which is driven by a register (i_system_wrapper/system_i/axi_ad9361_dac_fifo/inst/din_waddr_reg[2]) that has an active asychronous set or reset. This may cause corruption of the memory contents and/or read values when the set/reset is asserted and is not analyzed by the default static timing analysis. It is suggested to eliminate the use of a set/reset to registers driving this RAMB pin or else use a synchronous reset in which the assertion of the reset is timed by default.
WARNING: [DRC REQP-1839] RAMB36 async control check: The RAMB36E1 i_system_wrapper/system_i/axi_ad9361_dac_fifo/inst/i_mem/m_ram_reg has an input control pin i_system_wrapper/system_i/axi_ad9361_dac_fifo/inst/i_mem/m_ram_reg/ADDRBWRADDR[9] (net: i_system_wrapper/system_i/axi_ad9361_dac_fifo/inst/i_mem/m_ram_reg_0[3]) which is driven by a register (i_system_wrapper/system_i/axi_ad9361_dac_fifo/inst/din_waddr_reg[3]) that has an active asychronous set or reset. This may cause corruption of the memory contents and/or read values when the set/reset is asserted and is not analyzed by the default static timing analysis. It is suggested to eliminate the use of a set/reset to registers driving this RAMB pin or else use a synchronous reset in which the assertion of the reset is timed by default.
WARNING: [DRC REQP-1839] RAMB36 async control check: The RAMB36E1 i_system_wrapper/system_i/axi_ad9361_dac_fifo/inst/i_mem/m_ram_reg has an input control pin i_system_wrapper/system_i/axi_ad9361_dac_fifo/inst/i_mem/m_ram_reg/ENARDEN (net: i_system_wrapper/system_i/axi_ad9361_dac_fifo/inst/i_mem/m_ram_reg_ENARDEN_cooolgate_en_sig_3) which is driven by a register (i_system_wrapper/system_i/axi_ad9361/inst/i_tdd/i_up_tdd_cntrl/i_xfer_tdd_control/d_data_cntrl_int_reg[14]) that has an active asychronous set or reset. This may cause corruption of the memory contents and/or read values when the set/reset is asserted and is not analyzed by the default static timing analysis. It is suggested to eliminate the use of a set/reset to registers driving this RAMB pin or else use a synchronous reset in which the assertion of the reset is timed by default.
WARNING: [DRC REQP-1839] RAMB36 async control check: The RAMB36E1 i_system_wrapper/system_i/axi_ad9361_dac_fifo/inst/i_mem/m_ram_reg has an input control pin i_system_wrapper/system_i/axi_ad9361_dac_fifo/inst/i_mem/m_ram_reg/ENARDEN (net: i_system_wrapper/system_i/axi_ad9361_dac_fifo/inst/i_mem/m_ram_reg_ENARDEN_cooolgate_en_sig_3) which is driven by a register (i_system_wrapper/system_i/axi_ad9361/inst/i_tdd/i_up_tdd_cntrl/i_xfer_tdd_control/d_data_cntrl_int_reg[9]) that has an active asychronous set or reset. This may cause corruption of the memory contents and/or read values when the set/reset is asserted and is not analyzed by the default static timing analysis. It is suggested to eliminate the use of a set/reset to registers driving this RAMB pin or else use a synchronous reset in which the assertion of the reset is timed by default.
WARNING: [DRC REQP-1839] RAMB36 async control check: The RAMB36E1 i_system_wrapper/system_i/axi_ad9361_dac_fifo/inst/i_mem/m_ram_reg has an input control pin i_system_wrapper/system_i/axi_ad9361_dac_fifo/inst/i_mem/m_ram_reg/ENBWREN (net: i_system_wrapper/system_i/axi_ad9361_dac_fifo/inst/i_mem/WEBWE[0]) which is driven by a register (i_system_wrapper/system_i/axi_ad9361_dac_fifo/inst/din_wr_reg) that has an active asychronous set or reset. This may cause corruption of the memory contents and/or read values when the set/reset is asserted and is not analyzed by the default static timing analysis. It is suggested to eliminate the use of a set/reset to registers driving this RAMB pin or else use a synchronous reset in which the assertion of the reset is timed by default.
WARNING: [DRC REQP-1839] RAMB36 async control check: The RAMB36E1 i_system_wrapper/system_i/axi_ad9361_dac_fifo/inst/i_mem/m_ram_reg has an input control pin i_system_wrapper/system_i/axi_ad9361_dac_fifo/inst/i_mem/m_ram_reg/WEBWE[0] (net: i_system_wrapper/system_i/axi_ad9361_dac_fifo/inst/i_mem/WEBWE[0]) which is driven by a register (i_system_wrapper/system_i/axi_ad9361_dac_fifo/inst/din_wr_reg) that has an active asychronous set or reset. This may cause corruption of the memory contents and/or read values when the set/reset is asserted and is not analyzed by the default static timing analysis. It is suggested to eliminate the use of a set/reset to registers driving this RAMB pin or else use a synchronous reset in which the assertion of the reset is timed by default.
WARNING: [DRC REQP-1839] RAMB36 async control check: The RAMB36E1 i_system_wrapper/system_i/axi_ad9361_dac_fifo/inst/i_mem/m_ram_reg has an input control pin i_system_wrapper/system_i/axi_ad9361_dac_fifo/inst/i_mem/m_ram_reg/WEBWE[1] (net: i_system_wrapper/system_i/axi_ad9361_dac_fifo/inst/i_mem/WEBWE[0]) which is driven by a register (i_system_wrapper/system_i/axi_ad9361_dac_fifo/inst/din_wr_reg) that has an active asychronous set or reset. This may cause corruption of the memory contents and/or read values when the set/reset is asserted and is not analyzed by the default static timing analysis. It is suggested to eliminate the use of a set/reset to registers driving this RAMB pin or else use a synchronous reset in which the assertion of the reset is timed by default.
WARNING: [DRC REQP-1839] RAMB36 async control check: The RAMB36E1 i_system_wrapper/system_i/axi_ad9361_dac_fifo/inst/i_mem/m_ram_reg has an input control pin i_system_wrapper/system_i/axi_ad9361_dac_fifo/inst/i_mem/m_ram_reg/WEBWE[2] (net: i_system_wrapper/system_i/axi_ad9361_dac_fifo/inst/i_mem/WEBWE[0]) which is driven by a register (i_system_wrapper/system_i/axi_ad9361_dac_fifo/inst/din_wr_reg) that has an active asychronous set or reset. This may cause corruption of the memory contents and/or read values when the set/reset is asserted and is not analyzed by the default static timing analysis. It is suggested to eliminate the use of a set/reset to registers driving this RAMB pin or else use a synchronous reset in which the assertion of the reset is timed by default.
WARNING: [DRC REQP-1839] RAMB36 async control check: The RAMB36E1 i_system_wrapper/system_i/axi_ad9361_dac_fifo/inst/i_mem/m_ram_reg has an input control pin i_system_wrapper/system_i/axi_ad9361_dac_fifo/inst/i_mem/m_ram_reg/WEBWE[3] (net: i_system_wrapper/system_i/axi_ad9361_dac_fifo/inst/i_mem/WEBWE[0]) which is driven by a register (i_system_wrapper/system_i/axi_ad9361_dac_fifo/inst/din_wr_reg) that has an active asychronous set or reset. This may cause corruption of the memory contents and/or read values when the set/reset is asserted and is not analyzed by the default static timing analysis. It is suggested to eliminate the use of a set/reset to registers driving this RAMB pin or else use a synchronous reset in which the assertion of the reset is timed by default.
WARNING: [DRC REQP-1839] RAMB36 async control check: The RAMB36E1 i_system_wrapper/system_i/axi_ad9361_dac_fifo/inst/i_mem/m_ram_reg has an input control pin i_system_wrapper/system_i/axi_ad9361_dac_fifo/inst/i_mem/m_ram_reg/WEBWE[4] (net: i_system_wrapper/system_i/axi_ad9361_dac_fifo/inst/i_mem/WEBWE[0]) which is driven by a register (i_system_wrapper/system_i/axi_ad9361_dac_fifo/inst/din_wr_reg) that has an active asychronous set or reset. This may cause corruption of the memory contents and/or read values when the set/reset is asserted and is not analyzed by the default static timing analysis. It is suggested to eliminate the use of a set/reset to registers driving this RAMB pin or else use a synchronous reset in which the assertion of the reset is timed by default.
WARNING: [DRC REQP-1839] RAMB36 async control check: The RAMB36E1 i_system_wrapper/system_i/axi_ad9361_dac_fifo/inst/i_mem/m_ram_reg has an input control pin i_system_wrapper/system_i/axi_ad9361_dac_fifo/inst/i_mem/m_ram_reg/WEBWE[5] (net: i_system_wrapper/system_i/axi_ad9361_dac_fifo/inst/i_mem/WEBWE[0]) which is driven by a register (i_system_wrapper/system_i/axi_ad9361_dac_fifo/inst/din_wr_reg) that has an active asychronous set or reset. This may cause corruption of the memory contents and/or read values when the set/reset is asserted and is not analyzed by the default static timing analysis. It is suggested to eliminate the use of a set/reset to registers driving this RAMB pin or else use a synchronous reset in which the assertion of the reset is timed by default.
WARNING: [DRC REQP-1839] RAMB36 async control check: The RAMB36E1 i_system_wrapper/system_i/axi_ad9361_dac_fifo/inst/i_mem/m_ram_reg has an input control pin i_system_wrapper/system_i/axi_ad9361_dac_fifo/inst/i_mem/m_ram_reg/WEBWE[6] (net: i_system_wrapper/system_i/axi_ad9361_dac_fifo/inst/i_mem/WEBWE[0]) which is driven by a register (i_system_wrapper/system_i/axi_ad9361_dac_fifo/inst/din_wr_reg) that has an active asychronous set or reset. This may cause corruption of the memory contents and/or read values when the set/reset is asserted and is not analyzed by the default static timing analysis. It is suggested to eliminate the use of a set/reset to registers driving this RAMB pin or else use a synchronous reset in which the assertion of the reset is timed by default.
WARNING: [DRC REQP-1839] RAMB36 async control check: The RAMB36E1 i_system_wrapper/system_i/util_ad9361_adc_fifo/inst/i_mem/m_ram_reg has an input control pin i_system_wrapper/system_i/util_ad9361_adc_fifo/inst/i_mem/m_ram_reg/ADDRARDADDR[6] (net: i_system_wrapper/system_i/util_ad9361_adc_fifo/inst/i_mem/Q[0]) which is driven by a register (i_system_wrapper/system_i/util_ad9361_adc_fifo/inst/dout_raddr_reg[0]) that has an active asychronous set or reset. This may cause corruption of the memory contents and/or read values when the set/reset is asserted and is not analyzed by the default static timing analysis. It is suggested to eliminate the use of a set/reset to registers driving this RAMB pin or else use a synchronous reset in which the assertion of the reset is timed by default.
WARNING: [DRC REQP-1839] RAMB36 async control check: The RAMB36E1 i_system_wrapper/system_i/util_ad9361_adc_fifo/inst/i_mem/m_ram_reg has an input control pin i_system_wrapper/system_i/util_ad9361_adc_fifo/inst/i_mem/m_ram_reg/ADDRARDADDR[7] (net: i_system_wrapper/system_i/util_ad9361_adc_fifo/inst/i_mem/Q[1]) which is driven by a register (i_system_wrapper/system_i/util_ad9361_adc_fifo/inst/dout_raddr_reg[1]) that has an active asychronous set or reset. This may cause corruption of the memory contents and/or read values when the set/reset is asserted and is not analyzed by the default static timing analysis. It is suggested to eliminate the use of a set/reset to registers driving this RAMB pin or else use a synchronous reset in which the assertion of the reset is timed by default.
WARNING: [DRC REQP-1839] RAMB36 async control check: The RAMB36E1 i_system_wrapper/system_i/util_ad9361_adc_fifo/inst/i_mem/m_ram_reg has an input control pin i_system_wrapper/system_i/util_ad9361_adc_fifo/inst/i_mem/m_ram_reg/ADDRARDADDR[8] (net: i_system_wrapper/system_i/util_ad9361_adc_fifo/inst/i_mem/Q[2]) which is driven by a register (i_system_wrapper/system_i/util_ad9361_adc_fifo/inst/dout_raddr_reg[2]) that has an active asychronous set or reset. This may cause corruption of the memory contents and/or read values when the set/reset is asserted and is not analyzed by the default static timing analysis. It is suggested to eliminate the use of a set/reset to registers driving this RAMB pin or else use a synchronous reset in which the assertion of the reset is timed by default.
WARNING: [DRC REQP-1839] RAMB36 async control check: The RAMB36E1 i_system_wrapper/system_i/util_ad9361_adc_fifo/inst/i_mem/m_ram_reg has an input control pin i_system_wrapper/system_i/util_ad9361_adc_fifo/inst/i_mem/m_ram_reg/ADDRARDADDR[9] (net: i_system_wrapper/system_i/util_ad9361_adc_fifo/inst/i_mem/Q[3]) which is driven by a register (i_system_wrapper/system_i/util_ad9361_adc_fifo/inst/dout_raddr_reg[3]) that has an active asychronous set or reset. This may cause corruption of the memory contents and/or read values when the set/reset is asserted and is not analyzed by the default static timing analysis. It is suggested to eliminate the use of a set/reset to registers driving this RAMB pin or else use a synchronous reset in which the assertion of the reset is timed by default.
INFO: [DRC AVAL-4] enum_USE_DPORT_FALSE_enum_DREG_ADREG_0_connects_CED_CEAD_RSTD_GND: i_system_wrapper/system_i/axi_ad9361/inst/i_rx/i_rx_channel_0/i_ad_iqcor/g_loop[0].i_mul_i/i_mult_macro/dsp_v5_1.DSP48_V5_1: DSP48E1 is not using the D port (USE_DPORT = FALSE). For improved power characteristics, set DREG and ADREG to '1', tie CED, CEAD, and RSTD to logic '0'.
INFO: [DRC AVAL-4] enum_USE_DPORT_FALSE_enum_DREG_ADREG_0_connects_CED_CEAD_RSTD_GND: i_system_wrapper/system_i/axi_ad9361/inst/i_rx/i_rx_channel_0/i_ad_iqcor/g_loop[0].i_mul_q/i_mult_macro/dsp_v5_1.DSP48_V5_1: DSP48E1 is not using the D port (USE_DPORT = FALSE). For improved power characteristics, set DREG and ADREG to '1', tie CED, CEAD, and RSTD to logic '0'.
INFO: [DRC AVAL-4] enum_USE_DPORT_FALSE_enum_DREG_ADREG_0_connects_CED_CEAD_RSTD_GND: i_system_wrapper/system_i/axi_ad9361/inst/i_rx/i_rx_channel_1/i_ad_iqcor/g_loop[0].i_mul_i/i_mult_macro/dsp_v5_1.DSP48_V5_1: DSP48E1 is not using the D port (USE_DPORT = FALSE). For improved power characteristics, set DREG and ADREG to '1', tie CED, CEAD, and RSTD to logic '0'.
INFO: [DRC AVAL-4] enum_USE_DPORT_FALSE_enum_DREG_ADREG_0_connects_CED_CEAD_RSTD_GND: i_system_wrapper/system_i/axi_ad9361/inst/i_rx/i_rx_channel_1/i_ad_iqcor/g_loop[0].i_mul_q/i_mult_macro/dsp_v5_1.DSP48_V5_1: DSP48E1 is not using the D port (USE_DPORT = FALSE). For improved power characteristics, set DREG and ADREG to '1', tie CED, CEAD, and RSTD to logic '0'.
INFO: [DRC AVAL-4] enum_USE_DPORT_FALSE_enum_DREG_ADREG_0_connects_CED_CEAD_RSTD_GND: i_system_wrapper/system_i/axi_ad9361/inst/i_tx/i_tx_channel_0/i_ad_iqcor/g_loop[0].i_mul_i/i_mult_macro/dsp_v5_1.DSP48_V5_1: DSP48E1 is not using the D port (USE_DPORT = FALSE). For improved power characteristics, set DREG and ADREG to '1', tie CED, CEAD, and RSTD to logic '0'.
INFO: [DRC AVAL-4] enum_USE_DPORT_FALSE_enum_DREG_ADREG_0_connects_CED_CEAD_RSTD_GND: i_system_wrapper/system_i/axi_ad9361/inst/i_tx/i_tx_channel_0/i_ad_iqcor/g_loop[0].i_mul_q/i_mult_macro/dsp_v5_1.DSP48_V5_1: DSP48E1 is not using the D port (USE_DPORT = FALSE). For improved power characteristics, set DREG and ADREG to '1', tie CED, CEAD, and RSTD to logic '0'.
INFO: [DRC AVAL-4] enum_USE_DPORT_FALSE_enum_DREG_ADREG_0_connects_CED_CEAD_RSTD_GND: i_system_wrapper/system_i/axi_ad9361/inst/i_tx/i_tx_channel_0/i_dds/dds_phase[1].i_dds_2/i_dds_1_0/i_dds_scale/i_mult_macro/dsp_v5_1.DSP48_V5_1: DSP48E1 is not using the D port (USE_DPORT = FALSE). For improved power characteristics, set DREG and ADREG to '1', tie CED, CEAD, and RSTD to logic '0'.
INFO: [DRC AVAL-4] enum_USE_DPORT_FALSE_enum_DREG_ADREG_0_connects_CED_CEAD_RSTD_GND: i_system_wrapper/system_i/axi_ad9361/inst/i_tx/i_tx_channel_0/i_dds/dds_phase[1].i_dds_2/i_dds_1_1/i_dds_scale/i_mult_macro/dsp_v5_1.DSP48_V5_1: DSP48E1 is not using the D port (USE_DPORT = FALSE). For improved power characteristics, set DREG and ADREG to '1', tie CED, CEAD, and RSTD to logic '0'.
INFO: [DRC AVAL-4] enum_USE_DPORT_FALSE_enum_DREG_ADREG_0_connects_CED_CEAD_RSTD_GND: i_system_wrapper/system_i/axi_ad9361/inst/i_tx/i_tx_channel_1/i_ad_iqcor/g_loop[0].i_mul_i/i_mult_macro/dsp_v5_1.DSP48_V5_1: DSP48E1 is not using the D port (USE_DPORT = FALSE). For improved power characteristics, set DREG and ADREG to '1', tie CED, CEAD, and RSTD to logic '0'.
INFO: [DRC AVAL-4] enum_USE_DPORT_FALSE_enum_DREG_ADREG_0_connects_CED_CEAD_RSTD_GND: i_system_wrapper/system_i/axi_ad9361/inst/i_tx/i_tx_channel_1/i_ad_iqcor/g_loop[0].i_mul_q/i_mult_macro/dsp_v5_1.DSP48_V5_1: DSP48E1 is not using the D port (USE_DPORT = FALSE). For improved power characteristics, set DREG and ADREG to '1', tie CED, CEAD, and RSTD to logic '0'.
INFO: [DRC AVAL-4] enum_USE_DPORT_FALSE_enum_DREG_ADREG_0_connects_CED_CEAD_RSTD_GND: i_system_wrapper/system_i/axi_ad9361/inst/i_tx/i_tx_channel_1/i_dds/dds_phase[1].i_dds_2/i_dds_1_0/i_dds_scale/i_mult_macro/dsp_v5_1.DSP48_V5_1: DSP48E1 is not using the D port (USE_DPORT = FALSE). For improved power characteristics, set DREG and ADREG to '1', tie CED, CEAD, and RSTD to logic '0'.
INFO: [DRC AVAL-4] enum_USE_DPORT_FALSE_enum_DREG_ADREG_0_connects_CED_CEAD_RSTD_GND: i_system_wrapper/system_i/axi_ad9361/inst/i_tx/i_tx_channel_1/i_dds/dds_phase[1].i_dds_2/i_dds_1_1/i_dds_scale/i_mult_macro/dsp_v5_1.DSP48_V5_1: DSP48E1 is not using the D port (USE_DPORT = FALSE). For improved power characteristics, set DREG and ADREG to '1', tie CED, CEAD, and RSTD to logic '0'.
INFO: [Vivado 12-3199] DRC finished with 0 Errors, 21 Warnings, 12 Advisories
INFO: [Vivado 12-3200] Please refer to the DRC report (report_drc) for more information.
INFO: [Designutils 20-2272] Running write_bitstream with 8 threads.
Loading data files...
Loading site data...
Loading route data...
Processing options...
Creating bitmap...
Creating bitstream...
Bitstream compression saved 19317408 bits.
Writing bitstream ./system_top.bit...
INFO: [Vivado 12-1842] Bitgen Completed Successfully.
INFO: [Project 1-1876] WebTalk data collection is mandatory when using a ULT device. To see the specific WebTalk data collected for your design, open the usage_statistics_webtalk.html or usage_statistics_webtalk.xml file in the implementation directory.
INFO: [Common 17-83] Releasing license: Implementation
26 Infos, 21 Warnings, 0 Critical Warnings and 0 Errors encountered.
write_bitstream completed successfully
write_bitstream: Time (s): cpu = 00:00:26 ; elapsed = 00:00:13 . Memory (MB): peak = 3541.273 ; gain = 298.691 ; free physical = 677 ; free virtual = 8075
INFO: [Common 17-206] Exiting Vivado at Thu Apr 16 14:24:03 2026...
[Thu Apr 16 14:24:03 2026] impl_1 finished
wait_on_runs: Time (s): cpu = 00:03:31 ; elapsed = 00:01:42 . Memory (MB): peak = 3227.664 ; gain = 0.000 ; free physical = 3106 ; free virtual = 10503
Netlist sorting complete. Time (s): cpu = 00:00:00.15 ; elapsed = 00:00:00.14 . Memory (MB): peak = 3227.664 ; gain = 0.000 ; free physical = 3103 ; free virtual = 10500
INFO: [Netlist 29-17] Analyzing 1024 Unisim elements for replacement
INFO: [Netlist 29-28] Unisim Transformation completed in 0 CPU seconds
INFO: [Project 1-479] Netlist was created with Vivado 2023.2
INFO: [Project 1-570] Preparing netlist for logic optimization
Read ShapeDB Complete: Time (s): cpu = 00:00:00.04 ; elapsed = 00:00:00.04 . Memory (MB): peak = 3227.664 ; gain = 0.000 ; free physical = 3011 ; free virtual = 10408
INFO: [Timing 38-478] Restoring timing data from binary archive.
INFO: [Timing 38-479] Binary timing data restore complete.
INFO: [Project 1-856] Restoring constraints from binary archive.
INFO: [Project 1-853] Binary constraint restore complete.
INFO: [Designutils 20-5722] Start Reading Physical Databases.
Reading placement.
Read Netlist Cache: Time (s): cpu = 00:00:00.01 ; elapsed = 00:00:00.01 . Memory (MB): peak = 3227.664 ; gain = 0.000 ; free physical = 2901 ; free virtual = 10295
Reading placer database...
Read Device Cache: Time (s): cpu = 00:00:00.01 ; elapsed = 00:00:00 . Memory (MB): peak = 3227.664 ; gain = 0.000 ; free physical = 2899 ; free virtual = 10293
Read PlaceDB: Time (s): cpu = 00:00:00.52 ; elapsed = 00:00:00.53 . Memory (MB): peak = 3227.664 ; gain = 0.000 ; free physical = 2883 ; free virtual = 10278
Read PulsedLatchDB: Time (s): cpu = 00:00:00 ; elapsed = 00:00:00 . Memory (MB): peak = 3227.664 ; gain = 0.000 ; free physical = 2883 ; free virtual = 10278
Reading routing.
Read RouteStorage: Time (s): cpu = 00:00:00.2 ; elapsed = 00:00:00.2 . Memory (MB): peak = 3227.664 ; gain = 0.000 ; free physical = 2879 ; free virtual = 10273
Read Physdb Files: Time (s): cpu = 00:00:00.75 ; elapsed = 00:00:00.76 . Memory (MB): peak = 3227.664 ; gain = 0.000 ; free physical = 2879 ; free virtual = 10273
Restored from archive | CPU: 0.770000 secs | Memory: 22.509872 MB |
Finished XDEF File Restore: Time (s): cpu = 00:00:00.75 ; elapsed = 00:00:00.76 . Memory (MB): peak = 3227.664 ; gain = 0.000 ; free physical = 2879 ; free virtual = 10273
Netlist sorting complete. Time (s): cpu = 00:00:00.01 ; elapsed = 00:00:00 . Memory (MB): peak = 3227.664 ; gain = 0.000 ; free physical = 2878 ; free virtual = 10273
INFO: [Project 1-111] Unisim Transformation Summary:
  A total of 50 instances were transformed.
  IOBUF => IOBUF (IBUF, OBUFT): 29 instances
  RAM16X1D => RAM32X1D (RAMD32(x2)): 6 instances
  RAM32M => RAM32M (RAMD32(x6), RAMS32(x2)): 11 instances
  RAM32X1D => RAM32X1D (RAMD32(x2)): 4 instances

INFO: [Timing 38-91] UpdateTimingParams: Speed grade: -1, Delay Type: min_max.
INFO: [Timing 38-191] Multithreading enabled for timing update using a maximum of 8 CPUs
GENERATE_REPORTS: Resource utilization files won't be generated because ADI_GENERATE_UTILIZATION env var is not set
GENERATE_PORTS_REPORTS: IP ports properties and nets report files won't be generated because ADI_EXTRACT_PORTS env var is not set
GENERATE_REPORTS: Power analysis files won't be generated because ADI_GENERATE_XPA env var is not set
INFO: [Timing 38-91] UpdateTimingParams: Speed grade: -1, Delay Type: min_max.
INFO: [Timing 38-191] Multithreading enabled for timing update using a maximum of 8 CPUs
INFO: [Project 1-1918] Creating Hardware Platform: /home/luukieboy/Documents/thesis/hdl/projects/adrv9364z7020/ccbob_lvds/adrv9364z7020_ccbob_lvds.sdk/system_top.xsa ...
INFO: [Project 1-1943] The Hardware Platform can be used for Hardware
INFO: [Project 1-1941] Successfully created Hardware Platform: /home/luukieboy/Documents/thesis/hdl/projects/adrv9364z7020/ccbob_lvds/adrv9364z7020_ccbob_lvds.sdk/system_top.xsa
INFO: [Hsi 55-2053] elapsed time for repository (/tools/Xilinx/Vivado/2023.2/data/embeddedsw) loading 0 seconds
# source $ad_hdl_dir/library/axi_ad9361/axi_ad9361_delay.tcl
## set m_file [open "axi_ad9361_delay.log" w]
## set m_ios [get_ports -filter {NAME =~ rx_*_in*}]
## set m_ddr_ios [get_pins -hierarchical -filter {NAME =~ *i_rx_data_iddr/C || NAME =~ *i_rx_data_iddr/D}]
INFO: [Timing 38-91] UpdateTimingParams: Speed grade: -1, Delay Type: max.
INFO: [Timing 38-191] Multithreading enabled for timing update using a maximum of 8 CPUs
INFO: [Timing 38-78] ReportTimingParams: -from_pins  -to_pins  -max_paths 100 -nworst 1 -delay_type max -sort_by slack.
## set m_info [report_timing -no_header -return_string -from $m_ios -to $m_ddr_ios -max_paths 100]
## set m_sources {}
## set m_string $m_info
## while {[regexp {\s+Source:\s+(.*?)\s+(.*)} $m_string m1 m_value m_string] == 1} {
##   lappend m_sources $m_value
## }
## set m_destinations {}
## set m_string $m_info
## while {[regexp {\s+Destination:\s+(.*?)\s+(.*)} $m_string m1 m_value m_string] == 1} {
##   lappend m_destinations $m_value
## }
## set m_delays {}
## set m_string $m_info
## while {[regexp {\s+Data\s+Path\s+Delay:\s+(.*?)\s+(.*)} $m_string m1 m_value m_string] == 1} {
##   lappend m_delays $m_value
## }
## set m_size [llength $m_sources]
## if {[llength $m_destinations] != $m_size} {
##   puts "CRITICAL WARNING: axi_ad9361_delay.tcl, source-destination size mismatch"
## }
## if {[llength $m_delays] != $m_size} {
##   puts "CRITICAL WARNING: axi_ad9361_delay.tcl, source-delay size mismatch"
## }
## for {set m_index 0} {$m_index < $m_size} {incr m_index} {
##   set m_delay [lindex $m_delays $m_index]
##   set m_source [lindex $m_sources $m_index]
##   set m_destination [lindex $m_destinations $m_index]
##   puts "$m_source $m_destination $m_delay"
##   puts $m_file "$m_source $m_destination $m_delay"
## }
rx_frame_in_n i_system_wrapper/system_i/axi_ad9361/inst/i_dev_if/i_rx_frame/i_rx_data_iddr/D 1.820ns
rx_data_in_n[0] i_system_wrapper/system_i/axi_ad9361/inst/i_dev_if/g_rx_data[0].i_rx_data/i_rx_data_iddr/D 1.759ns
rx_data_in_n[1] i_system_wrapper/system_i/axi_ad9361/inst/i_dev_if/g_rx_data[1].i_rx_data/i_rx_data_iddr/D 1.756ns
rx_data_in_n[3] i_system_wrapper/system_i/axi_ad9361/inst/i_dev_if/g_rx_data[3].i_rx_data/i_rx_data_iddr/D 1.750ns
rx_data_in_n[4] i_system_wrapper/system_i/axi_ad9361/inst/i_dev_if/g_rx_data[4].i_rx_data/i_rx_data_iddr/D 1.745ns
rx_data_in_n[5] i_system_wrapper/system_i/axi_ad9361/inst/i_dev_if/g_rx_data[5].i_rx_data/i_rx_data_iddr/D 1.738ns
rx_data_in_n[2] i_system_wrapper/system_i/axi_ad9361/inst/i_dev_if/g_rx_data[2].i_rx_data/i_rx_data_iddr/D 1.727ns
rx_clk_in_p i_system_wrapper/system_i/axi_ad9361/inst/i_dev_if/g_rx_data[0].i_rx_data/i_rx_data_iddr/C 5.648ns
rx_clk_in_p i_system_wrapper/system_i/axi_ad9361/inst/i_dev_if/g_rx_data[1].i_rx_data/i_rx_data_iddr/C 5.647ns
rx_clk_in_p i_system_wrapper/system_i/axi_ad9361/inst/i_dev_if/g_rx_data[2].i_rx_data/i_rx_data_iddr/C 5.645ns
rx_clk_in_p i_system_wrapper/system_i/axi_ad9361/inst/i_dev_if/g_rx_data[3].i_rx_data/i_rx_data_iddr/C 5.645ns
rx_clk_in_p i_system_wrapper/system_i/axi_ad9361/inst/i_dev_if/g_rx_data[4].i_rx_data/i_rx_data_iddr/C 5.644ns
rx_clk_in_p i_system_wrapper/system_i/axi_ad9361/inst/i_dev_if/g_rx_data[5].i_rx_data/i_rx_data_iddr/C 5.644ns
rx_clk_in_p i_system_wrapper/system_i/axi_ad9361/inst/i_dev_if/i_rx_frame/i_rx_data_iddr/C 5.641ns
## puts $m_file "\nDetails:\n"
## puts $m_file $m_info
## close $m_file
INFO: [Common 17-206] Exiting Vivado at Thu Apr 16 14:24:11 2026...
