Copyright 1986-2022 Xilinx, Inc. All Rights Reserved. Copyright 2022-2023 Advanced Micro Devices, Inc. All Rights Reserved.
---------------------------------------------------------------------------------------------------------------------------------------------
| Tool Version : Vivado v.2023.2 (lin64) Build 4029153 Fri Oct 13 20:13:54 MDT 2023
| Date         : Thu Apr 16 14:22:19 2026
| Host         : Sevro running 64-bit Ubuntu 22.04.5 LTS
| Command      : report_timing_summary -file timing_synth.log
| Design       : system_top
| Device       : 7z020-clg400
| Speed File   : -1  PRODUCTION 1.12 2019-11-22
| Design State : Synthesized
---------------------------------------------------------------------------------------------------------------------------------------------

Timing Summary Report

------------------------------------------------------------------------------------------------
| Timer Settings
| --------------
------------------------------------------------------------------------------------------------

  Enable Multi Corner Analysis               :  Yes
  Enable Pessimism Removal                   :  Yes
  Pessimism Removal Resolution               :  Nearest Common Node
  Enable Input Delay Default Clock           :  No
  Enable Preset / Clear Arcs                 :  No
  Disable Flight Delays                      :  No
  Ignore I/O Paths                           :  No
  Timing Early Launch at Borrowing Latches   :  No
  Borrow Time for Max Delay Exceptions       :  Yes
  Merge Timing Exceptions                    :  Yes
  Inter-SLR Compensation                     :  Conservative

  Corner  Analyze    Analyze    
  Name    Max Paths  Min Paths  
  ------  ---------  ---------  
  Slow    Yes        Yes        
  Fast    Yes        Yes        


------------------------------------------------------------------------------------------------
| Report Methodology
| ------------------
------------------------------------------------------------------------------------------------

No report available as report_methodology has not been run prior. Run report_methodology on the current design for the summary of methodology violations.



check_timing report

Table of Contents
-----------------
1. checking no_clock (0)
2. checking constant_clock (0)
3. checking pulse_width_clock (0)
4. checking unconstrained_internal_endpoints (20)
5. checking no_input_delay (37)
6. checking no_output_delay (40)
7. checking multiple_clock (0)
8. checking generated_clocks (0)
9. checking loops (0)
10. checking partial_input_delay (0)
11. checking partial_output_delay (0)
12. checking latch_loops (0)

1. checking no_clock (0)
------------------------
 There are 0 register/latch pins with no clock.


2. checking constant_clock (0)
------------------------------
 There are 0 register/latch pins with constant_clock.


3. checking pulse_width_clock (0)
---------------------------------
 There are 0 register/latch pins which need pulse_width check


4. checking unconstrained_internal_endpoints (20)
-------------------------------------------------
 There are 0 pins that are not constrained for maximum delay.

 There are 20 pins that are not constrained for maximum delay due to constant clock. (MEDIUM)


5. checking no_input_delay (37)
-------------------------------
 There are 37 input ports with no input delay specified. (HIGH)

 There are 0 input ports with no input delay but user has a false path constraint.


6. checking no_output_delay (40)
--------------------------------
 There are 40 ports with no output delay specified. (HIGH)

 There are 0 ports with no output delay but user has a false path constraint

 There are 0 ports with no output delay but with a timing clock defined on it or propagating through it


7. checking multiple_clock (0)
------------------------------
 There are 0 register/latch pins with multiple clocks.


8. checking generated_clocks (0)
--------------------------------
 There are 0 generated clocks that are not connected to a clock source.


9. checking loops (0)
---------------------
 There are 0 combinational loops in the design.


10. checking partial_input_delay (0)
------------------------------------
 There are 0 input ports with partial input delay specified.


11. checking partial_output_delay (0)
-------------------------------------
 There are 0 ports with partial output delay specified.


12. checking latch_loops (0)
----------------------------
 There are 0 combinational latch loops in the design through latch input



------------------------------------------------------------------------------------------------
| Design Timing Summary
| ---------------------
------------------------------------------------------------------------------------------------

    WNS(ns)      TNS(ns)  TNS Failing Endpoints  TNS Total Endpoints      WHS(ns)      THS(ns)  THS Failing Endpoints  THS Total Endpoints     WPWS(ns)     TPWS(ns)  TPWS Failing Endpoints  TPWS Total Endpoints  
    -------      -------  ---------------------  -------------------      -------      -------  ---------------------  -------------------     --------     --------  ----------------------  --------------------  
      3.525        0.000                      0                35322        0.045        0.000                      0                35251        0.264        0.000                       0                 17908  


All user specified timing constraints are met.


------------------------------------------------------------------------------------------------
| Clock Summary
| -------------
------------------------------------------------------------------------------------------------

Clock              Waveform(ns)         Period(ns)      Frequency(MHz)
-----              ------------         ----------      --------------
clk_fpga_0         {0.000 5.000}        10.000          100.000         
clk_fpga_1         {0.000 2.500}        5.000           200.000         
clk_fpga_2         {0.000 2.500}        5.000           200.000         
rx_clk             {0.000 4.000}        8.000           125.000         
  clk_div_sel_0_s  {0.000 16.000}       32.000          31.250          
  clk_div_sel_1_s  {0.000 8.000}        16.000          62.500          


------------------------------------------------------------------------------------------------
| Intra Clock Table
| -----------------
------------------------------------------------------------------------------------------------

Clock                  WNS(ns)      TNS(ns)  TNS Failing Endpoints  TNS Total Endpoints      WHS(ns)      THS(ns)  THS Failing Endpoints  THS Total Endpoints     WPWS(ns)     TPWS(ns)  TPWS Failing Endpoints  TPWS Total Endpoints  
-----                  -------      -------  ---------------------  -------------------      -------      -------  ---------------------  -------------------     --------     --------  ----------------------  --------------------  
clk_fpga_0               4.151        0.000                      0                18153        0.045        0.000                      0                18153        3.750        0.000                       0                  7786  
clk_fpga_1               3.740        0.000                      0                    4        0.045        0.000                      0                    4        0.264        0.000                       0                     7  
clk_fpga_2                                                                                                                                                           2.845        0.000                       0                     1  
rx_clk                   3.525        0.000                      0                11791        0.045        0.000                      0                11791        3.020        0.000                       0                  9487  
  clk_div_sel_0_s       27.337        0.000                      0                 1347        0.045        0.000                      0                 1347       14.750        0.000                       0                   626  
  clk_div_sel_1_s       11.337        0.000                      0                 1347        0.045        0.000                      0                 1347        6.750        0.000                       0                   626  


------------------------------------------------------------------------------------------------
| Inter Clock Table
| -----------------
------------------------------------------------------------------------------------------------

From Clock       To Clock             WNS(ns)      TNS(ns)  TNS Failing Endpoints  TNS Total Endpoints      WHS(ns)      THS(ns)  THS Failing Endpoints  THS Total Endpoints  
----------       --------             -------      -------  ---------------------  -------------------      -------      -------  ---------------------  -------------------  
clk_div_sel_0_s  clk_fpga_0             6.762        0.000                      0                   61                                                                        
clk_div_sel_1_s  clk_fpga_0             6.762        0.000                      0                   61                                                                        
clk_fpga_0       clk_div_sel_0_s        8.915        0.000                      0                  134                                                                        
clk_fpga_0       clk_div_sel_1_s        8.915        0.000                      0                  134                                                                        


------------------------------------------------------------------------------------------------
| Other Path Groups Table
| -----------------------
------------------------------------------------------------------------------------------------

Path Group         From Clock         To Clock               WNS(ns)      TNS(ns)  TNS Failing Endpoints  TNS Total Endpoints      WHS(ns)      THS(ns)  THS Failing Endpoints  THS Total Endpoints  
----------         ----------         --------               -------      -------  ---------------------  -------------------      -------      -------  ---------------------  -------------------  
**async_default**  clk_div_sel_0_s    clk_div_sel_0_s         29.487        0.000                      0                   52        0.678        0.000                      0                   52  
**async_default**  clk_div_sel_1_s    clk_div_sel_1_s         13.487        0.000                      0                   52        0.678        0.000                      0                   52  
**async_default**  clk_fpga_0         clk_fpga_0               7.207        0.000                      0                 2330        0.742        0.000                      0                 2330  
**async_default**  rx_clk             rx_clk                   5.405        0.000                      0                 1574        0.314        0.000                      0                 1574  


------------------------------------------------------------------------------------------------
| Timing Details
| --------------
------------------------------------------------------------------------------------------------


---------------------------------------------------------------------------------------------------
From Clock:  clk_fpga_0
  To Clock:  clk_fpga_0

Setup :            0  Failing Endpoints,  Worst Slack        4.151ns,  Total Violation        0.000ns
Hold  :            0  Failing Endpoints,  Worst Slack        0.045ns,  Total Violation        0.000ns
PW    :            0  Failing Endpoints,  Worst Slack        3.750ns,  Total Violation        0.000ns
---------------------------------------------------------------------------------------------------


Max Delay Paths
--------------------------------------------------------------------------------------
Slack (MET) :             4.151ns  (required time - arrival time)
  Source:                 i_system_wrapper/system_i/axi_ad9361/inst/i_up_axi/up_raddr_int_reg[1]_rep__0/C
                            (rising edge-triggered cell FDRE clocked by clk_fpga_0  {rise@0.000ns fall@5.000ns period=10.000ns})
  Destination:            i_system_wrapper/system_i/axi_ad9361/inst/i_rx/i_delay_cntrl/up_rdata_int_reg[3]/D
                            (rising edge-triggered cell FDRE clocked by clk_fpga_0  {rise@0.000ns fall@5.000ns period=10.000ns})
  Path Group:             clk_fpga_0
  Path Type:              Setup (Max at Slow Process Corner)
  Requirement:            10.000ns  (clk_fpga_0 rise@10.000ns - clk_fpga_0 rise@0.000ns)
  Data Path Delay:        5.594ns  (logic 2.327ns (41.598%)  route 3.267ns (58.402%))
  Logic Levels:           6  (CARRY4=2 LUT5=3 LUT6=1)
  Clock Path Skew:        -0.145ns (DCD - SCD + CPR)
    Destination Clock Delay (DCD):    1.505ns = ( 11.505 - 10.000 ) 
    Source Clock Delay      (SCD):    1.700ns
    Clock Pessimism Removal (CPR):    0.050ns
  Clock Uncertainty:      0.154ns  ((TSJ^2 + TIJ^2)^1/2 + DJ) / 2 + PE
    Total System Jitter     (TSJ):    0.071ns
    Total Input Jitter      (TIJ):    0.300ns
    Discrete Jitter          (DJ):    0.000ns
    Phase Error              (PE):    0.000ns

    Location             Delay type                Incr(ns)  Path(ns)    Netlist Resource(s)
  -------------------------------------------------------------------    -------------------
                         (clock clk_fpga_0 rise edge)
                                                      0.000     0.000 r  
    PS7_X0Y0             PS7                          0.000     0.000 r  i_system_wrapper/system_i/sys_ps7/inst/PS7_i/FCLKCLK[0]
                         net (fo=1, unplaced)         0.800     0.800    i_system_wrapper/system_i/sys_ps7/inst/FCLK_CLK_unbuffered[0]
                         BUFG (Prop_bufg_I_O)         0.101     0.901 r  i_system_wrapper/system_i/sys_ps7/inst/buffer_fclk_clk_0.FCLK_CLK_0_BUFG/O
                         net (fo=7788, unplaced)      0.800     1.700    i_system_wrapper/system_i/axi_ad9361/inst/i_up_axi/s_axi_aclk
                         FDRE                                         r  i_system_wrapper/system_i/axi_ad9361/inst/i_up_axi/up_raddr_int_reg[1]_rep__0/C
  -------------------------------------------------------------------    -------------------
                         FDRE (Prop_fdre_C_Q)         0.478     2.178 r  i_system_wrapper/system_i/axi_ad9361/inst/i_up_axi/up_raddr_int_reg[1]_rep__0/Q
                         net (fo=109, unplaced)       0.768     2.946    i_system_wrapper/system_i/axi_ad9361/inst/i_up_axi/up_raddr_int_reg[1]_rep__0_0
                         CARRY4 (Prop_carry4_S[0]_CO[3])
                                                      0.808     3.754 r  i_system_wrapper/system_i/axi_ad9361/inst/i_up_axi/up_rdata_int_reg[4]_i_7/CO[3]
                         net (fo=1, unplaced)         0.009     3.763    i_system_wrapper/system_i/axi_ad9361/inst/i_up_axi/up_rdata_int_reg[4]_i_7_n_0
                         CARRY4 (Prop_carry4_CI_O[1])
                                                      0.337     4.100 f  i_system_wrapper/system_i/axi_ad9361/inst/i_up_axi/up_rdata_int_reg[4]_i_10/O[1]
                         net (fo=18, unplaced)        0.668     4.768    i_system_wrapper/system_i/axi_ad9361/inst/i_up_axi/up_raddr_int_reg[7]_1[3]
                         LUT5 (Prop_lut5_I1_O)        0.332     5.100 r  i_system_wrapper/system_i/axi_ad9361/inst/i_up_axi/up_rdata_int[4]_i_27/O
                         net (fo=1, unplaced)         0.902     6.002    i_system_wrapper/system_i/axi_ad9361/inst/i_up_axi/up_rdata_int[4]_i_27_n_0
                         LUT6 (Prop_lut6_I0_O)        0.124     6.126 r  i_system_wrapper/system_i/axi_ad9361/inst/i_up_axi/up_rdata_int[4]_i_13/O
                         net (fo=2, unplaced)         0.460     6.586    i_system_wrapper/system_i/axi_ad9361/inst/i_up_axi/up_rdata_int[4]_i_13_n_0
                         LUT5 (Prop_lut5_I4_O)        0.124     6.710 r  i_system_wrapper/system_i/axi_ad9361/inst/i_up_axi/up_rdata_int[4]_i_4__2/O
                         net (fo=2, unplaced)         0.460     7.170    i_system_wrapper/system_i/axi_ad9361/inst/i_up_axi/up_rdata_int[4]_i_4__2_n_0
                         LUT5 (Prop_lut5_I4_O)        0.124     7.294 r  i_system_wrapper/system_i/axi_ad9361/inst/i_up_axi/up_rdata_int[3]_i_1__4/O
                         net (fo=1, unplaced)         0.000     7.294    i_system_wrapper/system_i/axi_ad9361/inst/i_rx/i_delay_cntrl/D[3]
                         FDRE                                         r  i_system_wrapper/system_i/axi_ad9361/inst/i_rx/i_delay_cntrl/up_rdata_int_reg[3]/D
  -------------------------------------------------------------------    -------------------

                         (clock clk_fpga_0 rise edge)
                                                     10.000    10.000 r  
    PS7_X0Y0             PS7                          0.000    10.000 r  i_system_wrapper/system_i/sys_ps7/inst/PS7_i/FCLKCLK[0]
                         net (fo=1, unplaced)         0.760    10.760    i_system_wrapper/system_i/sys_ps7/inst/FCLK_CLK_unbuffered[0]
                         BUFG (Prop_bufg_I_O)         0.091    10.851 r  i_system_wrapper/system_i/sys_ps7/inst/buffer_fclk_clk_0.FCLK_CLK_0_BUFG/O
                         net (fo=7788, unplaced)      0.655    11.505    i_system_wrapper/system_i/axi_ad9361/inst/i_rx/i_delay_cntrl/s_axi_aclk
                         FDRE                                         r  i_system_wrapper/system_i/axi_ad9361/inst/i_rx/i_delay_cntrl/up_rdata_int_reg[3]/C
                         clock pessimism              0.050    11.555    
                         clock uncertainty           -0.154    11.401    
                         FDRE (Setup_fdre_C_D)        0.044    11.445    i_system_wrapper/system_i/axi_ad9361/inst/i_rx/i_delay_cntrl/up_rdata_int_reg[3]
  -------------------------------------------------------------------
                         required time                         11.445    
                         arrival time                          -7.294    
  -------------------------------------------------------------------
                         slack                                  4.151    





Min Delay Paths
--------------------------------------------------------------------------------------
Slack (MET) :             0.045ns  (arrival time - required time)
  Source:                 i_system_wrapper/system_i/axi_ad9361/inst/i_rx/i_rx_channel_0/i_up_adc_channel/i_xfer_cntrl/up_xfer_state_m1_reg/C
                            (rising edge-triggered cell FDRE clocked by clk_fpga_0  {rise@0.000ns fall@5.000ns period=10.000ns})
  Destination:            i_system_wrapper/system_i/axi_ad9361/inst/i_rx/i_rx_channel_0/i_up_adc_channel/i_xfer_cntrl/up_xfer_state_m2_reg/D
                            (rising edge-triggered cell FDRE clocked by clk_fpga_0  {rise@0.000ns fall@5.000ns period=10.000ns})
  Path Group:             clk_fpga_0
  Path Type:              Hold (Min at Fast Process Corner)
  Requirement:            0.000ns  (clk_fpga_0 rise@0.000ns - clk_fpga_0 rise@0.000ns)
  Data Path Delay:        0.228ns  (logic 0.147ns (64.493%)  route 0.081ns (35.507%))
  Logic Levels:           0  
  Clock Path Skew:        0.145ns (DCD - SCD - CPR)
    Destination Clock Delay (DCD):    0.739ns
    Source Clock Delay      (SCD):    0.573ns
    Clock Pessimism Removal (CPR):    0.021ns

    Location             Delay type                Incr(ns)  Path(ns)    Netlist Resource(s)
  -------------------------------------------------------------------    -------------------
                         (clock clk_fpga_0 rise edge)
                                                      0.000     0.000 r  
    PS7_X0Y0             PS7                          0.000     0.000 r  i_system_wrapper/system_i/sys_ps7/inst/PS7_i/FCLKCLK[0]
                         net (fo=1, unplaced)         0.337     0.337    i_system_wrapper/system_i/sys_ps7/inst/FCLK_CLK_unbuffered[0]
                         BUFG (Prop_bufg_I_O)         0.026     0.363 r  i_system_wrapper/system_i/sys_ps7/inst/buffer_fclk_clk_0.FCLK_CLK_0_BUFG/O
                         net (fo=7788, unplaced)      0.210     0.573    i_system_wrapper/system_i/axi_ad9361/inst/i_rx/i_rx_channel_0/i_up_adc_channel/i_xfer_cntrl/s_axi_aclk
                         FDRE                                         r  i_system_wrapper/system_i/axi_ad9361/inst/i_rx/i_rx_channel_0/i_up_adc_channel/i_xfer_cntrl/up_xfer_state_m1_reg/C
  -------------------------------------------------------------------    -------------------
                         FDRE (Prop_fdre_C_Q)         0.147     0.720 r  i_system_wrapper/system_i/axi_ad9361/inst/i_rx/i_rx_channel_0/i_up_adc_channel/i_xfer_cntrl/up_xfer_state_m1_reg/Q
                         net (fo=1, unplaced)         0.081     0.801    i_system_wrapper/system_i/axi_ad9361/inst/i_rx/i_rx_channel_0/i_up_adc_channel/i_xfer_cntrl/up_xfer_state_m1
                         FDRE                                         r  i_system_wrapper/system_i/axi_ad9361/inst/i_rx/i_rx_channel_0/i_up_adc_channel/i_xfer_cntrl/up_xfer_state_m2_reg/D
  -------------------------------------------------------------------    -------------------

                         (clock clk_fpga_0 rise edge)
                                                      0.000     0.000 r  
    PS7_X0Y0             PS7                          0.000     0.000 r  i_system_wrapper/system_i/sys_ps7/inst/PS7_i/FCLKCLK[0]
                         net (fo=1, unplaced)         0.355     0.355    i_system_wrapper/system_i/sys_ps7/inst/FCLK_CLK_unbuffered[0]
                         BUFG (Prop_bufg_I_O)         0.029     0.384 r  i_system_wrapper/system_i/sys_ps7/inst/buffer_fclk_clk_0.FCLK_CLK_0_BUFG/O
                         net (fo=7788, unplaced)      0.355     0.739    i_system_wrapper/system_i/axi_ad9361/inst/i_rx/i_rx_channel_0/i_up_adc_channel/i_xfer_cntrl/s_axi_aclk
                         FDRE                                         r  i_system_wrapper/system_i/axi_ad9361/inst/i_rx/i_rx_channel_0/i_up_adc_channel/i_xfer_cntrl/up_xfer_state_m2_reg/C
                         clock pessimism             -0.021     0.718    
                         FDRE (Hold_fdre_C_D)         0.038     0.756    i_system_wrapper/system_i/axi_ad9361/inst/i_rx/i_rx_channel_0/i_up_adc_channel/i_xfer_cntrl/up_xfer_state_m2_reg
  -------------------------------------------------------------------
                         required time                         -0.756    
                         arrival time                           0.801    
  -------------------------------------------------------------------
                         slack                                  0.045    





Pulse Width Checks
--------------------------------------------------------------------------------------
Clock Name:         clk_fpga_0
Waveform(ns):       { 0.000 5.000 }
Period(ns):         10.000
Sources:            { i_system_wrapper/system_i/sys_ps7/inst/PS7_i/FCLKCLK[0] }

Check Type        Corner  Lib Pin             Reference Pin  Required(ns)  Actual(ns)  Slack(ns)  Location  Pin
Min Period        n/a     RAMB36E1/CLKARDCLK  n/a            2.576         10.000      7.424                i_system_wrapper/system_i/axi_ad9361_adc_dma/inst/i_transfer/i_request_arb/i_store_and_forward/i_mem/m_ram_reg/CLKARDCLK
Low Pulse Width   Slow    RAMD32/CLK          n/a            1.250         5.000       3.750                i_system_wrapper/system_i/axi_ad9361_adc_dma/inst/i_regmap/i_regmap_request/i_transfer_lenghts_fifo/fifo.sync_clocks.ram_reg_0_3_0_5/RAMA/CLK
High Pulse Width  Slow    RAMD32/CLK          n/a            1.250         5.000       3.750                i_system_wrapper/system_i/axi_ad9361_adc_dma/inst/i_regmap/i_regmap_request/i_transfer_lenghts_fifo/fifo.sync_clocks.ram_reg_0_3_0_5/RAMA/CLK



---------------------------------------------------------------------------------------------------
From Clock:  clk_fpga_1
  To Clock:  clk_fpga_1

Setup :            0  Failing Endpoints,  Worst Slack        3.740ns,  Total Violation        0.000ns
Hold  :            0  Failing Endpoints,  Worst Slack        0.045ns,  Total Violation        0.000ns
PW    :            0  Failing Endpoints,  Worst Slack        0.264ns,  Total Violation        0.000ns
---------------------------------------------------------------------------------------------------


Max Delay Paths
--------------------------------------------------------------------------------------
Slack (MET) :             3.740ns  (required time - arrival time)
  Source:                 i_system_wrapper/system_i/axi_ad9361/inst/i_rx/i_delay_cntrl/i_delay_rst_reg/rst_sync_d_reg/C
                            (rising edge-triggered cell FDRE clocked by clk_fpga_1  {rise@0.000ns fall@2.500ns period=5.000ns})
  Destination:            i_system_wrapper/system_i/axi_ad9361/inst/i_rx/i_delay_cntrl/i_delay_rst_reg/rst_reg/D
                            (rising edge-triggered cell FDRE clocked by clk_fpga_1  {rise@0.000ns fall@2.500ns period=5.000ns})
  Path Group:             clk_fpga_1
  Path Type:              Setup (Max at Slow Process Corner)
  Requirement:            5.000ns  (clk_fpga_1 rise@5.000ns - clk_fpga_1 rise@0.000ns)
  Data Path Delay:        0.812ns  (logic 0.478ns (58.867%)  route 0.334ns (41.133%))
  Logic Levels:           0  
  Clock Path Skew:        -0.145ns (DCD - SCD + CPR)
    Destination Clock Delay (DCD):    1.290ns = ( 6.290 - 5.000 ) 
    Source Clock Delay      (SCD):    1.485ns
    Clock Pessimism Removal (CPR):    0.050ns
  Clock Uncertainty:      0.083ns  ((TSJ^2 + TIJ^2)^1/2 + DJ) / 2 + PE
    Total System Jitter     (TSJ):    0.071ns
    Total Input Jitter      (TIJ):    0.150ns
    Discrete Jitter          (DJ):    0.000ns
    Phase Error              (PE):    0.000ns

    Location             Delay type                Incr(ns)  Path(ns)    Netlist Resource(s)
  -------------------------------------------------------------------    -------------------
                         (clock clk_fpga_1 rise edge)
                                                      0.000     0.000 r  
    PS7_X0Y0             PS7                          0.000     0.000 r  i_system_wrapper/system_i/sys_ps7/inst/PS7_i/FCLKCLK[1]
                         net (fo=1, unplaced)         0.800     0.800    i_system_wrapper/system_i/sys_ps7/inst/FCLK_CLK_unbuffered[1]
                         BUFG (Prop_bufg_I_O)         0.101     0.901 r  i_system_wrapper/system_i/sys_ps7/inst/buffer_fclk_clk_1.FCLK_CLK_1_BUFG/O
                         net (fo=6, unplaced)         0.584     1.485    i_system_wrapper/system_i/axi_ad9361/inst/i_rx/i_delay_cntrl/i_delay_rst_reg/delay_clk
                         FDRE                                         r  i_system_wrapper/system_i/axi_ad9361/inst/i_rx/i_delay_cntrl/i_delay_rst_reg/rst_sync_d_reg/C
  -------------------------------------------------------------------    -------------------
                         FDRE (Prop_fdre_C_Q)         0.478     1.963 r  i_system_wrapper/system_i/axi_ad9361/inst/i_rx/i_delay_cntrl/i_delay_rst_reg/rst_sync_d_reg/Q
                         net (fo=1, unplaced)         0.334     2.297    i_system_wrapper/system_i/axi_ad9361/inst/i_rx/i_delay_cntrl/i_delay_rst_reg/rst_sync_d
                         FDRE                                         r  i_system_wrapper/system_i/axi_ad9361/inst/i_rx/i_delay_cntrl/i_delay_rst_reg/rst_reg/D
  -------------------------------------------------------------------    -------------------

                         (clock clk_fpga_1 rise edge)
                                                      5.000     5.000 r  
    PS7_X0Y0             PS7                          0.000     5.000 r  i_system_wrapper/system_i/sys_ps7/inst/PS7_i/FCLKCLK[1]
                         net (fo=1, unplaced)         0.760     5.760    i_system_wrapper/system_i/sys_ps7/inst/FCLK_CLK_unbuffered[1]
                         BUFG (Prop_bufg_I_O)         0.091     5.851 r  i_system_wrapper/system_i/sys_ps7/inst/buffer_fclk_clk_1.FCLK_CLK_1_BUFG/O
                         net (fo=6, unplaced)         0.439     6.290    i_system_wrapper/system_i/axi_ad9361/inst/i_rx/i_delay_cntrl/i_delay_rst_reg/delay_clk
                         FDRE                                         r  i_system_wrapper/system_i/axi_ad9361/inst/i_rx/i_delay_cntrl/i_delay_rst_reg/rst_reg/C
                         clock pessimism              0.050     6.340    
                         clock uncertainty           -0.083     6.257    
                         FDRE (Setup_fdre_C_D)       -0.220     6.037    i_system_wrapper/system_i/axi_ad9361/inst/i_rx/i_delay_cntrl/i_delay_rst_reg/rst_reg
  -------------------------------------------------------------------
                         required time                          6.037    
                         arrival time                          -2.297    
  -------------------------------------------------------------------
                         slack                                  3.740    





Min Delay Paths
--------------------------------------------------------------------------------------
Slack (MET) :             0.045ns  (arrival time - required time)
  Source:                 i_system_wrapper/system_i/axi_ad9361/inst/i_rx/i_delay_cntrl/i_delay_rst_reg/rst_async_d1_reg/C
                            (rising edge-triggered cell FDPE clocked by clk_fpga_1  {rise@0.000ns fall@2.500ns period=5.000ns})
  Destination:            i_system_wrapper/system_i/axi_ad9361/inst/i_rx/i_delay_cntrl/i_delay_rst_reg/rst_async_d2_reg/D
                            (rising edge-triggered cell FDPE clocked by clk_fpga_1  {rise@0.000ns fall@2.500ns period=5.000ns})
  Path Group:             clk_fpga_1
  Path Type:              Hold (Min at Fast Process Corner)
  Requirement:            0.000ns  (clk_fpga_1 rise@0.000ns - clk_fpga_1 rise@0.000ns)
  Data Path Delay:        0.228ns  (logic 0.147ns (64.493%)  route 0.081ns (35.507%))
  Logic Levels:           0  
  Clock Path Skew:        0.145ns (DCD - SCD - CPR)
    Destination Clock Delay (DCD):    0.643ns
    Source Clock Delay      (SCD):    0.477ns
    Clock Pessimism Removal (CPR):    0.021ns

    Location             Delay type                Incr(ns)  Path(ns)    Netlist Resource(s)
  -------------------------------------------------------------------    -------------------
                         (clock clk_fpga_1 rise edge)
                                                      0.000     0.000 r  
    PS7_X0Y0             PS7                          0.000     0.000 r  i_system_wrapper/system_i/sys_ps7/inst/PS7_i/FCLKCLK[1]
                         net (fo=1, unplaced)         0.337     0.337    i_system_wrapper/system_i/sys_ps7/inst/FCLK_CLK_unbuffered[1]
                         BUFG (Prop_bufg_I_O)         0.026     0.363 r  i_system_wrapper/system_i/sys_ps7/inst/buffer_fclk_clk_1.FCLK_CLK_1_BUFG/O
                         net (fo=6, unplaced)         0.114     0.477    i_system_wrapper/system_i/axi_ad9361/inst/i_rx/i_delay_cntrl/i_delay_rst_reg/delay_clk
                         FDPE                                         r  i_system_wrapper/system_i/axi_ad9361/inst/i_rx/i_delay_cntrl/i_delay_rst_reg/rst_async_d1_reg/C
  -------------------------------------------------------------------    -------------------
                         FDPE (Prop_fdpe_C_Q)         0.147     0.624 r  i_system_wrapper/system_i/axi_ad9361/inst/i_rx/i_delay_cntrl/i_delay_rst_reg/rst_async_d1_reg/Q
                         net (fo=1, unplaced)         0.081     0.705    i_system_wrapper/system_i/axi_ad9361/inst/i_rx/i_delay_cntrl/i_delay_rst_reg/rst_async_d1
                         FDPE                                         r  i_system_wrapper/system_i/axi_ad9361/inst/i_rx/i_delay_cntrl/i_delay_rst_reg/rst_async_d2_reg/D
  -------------------------------------------------------------------    -------------------

                         (clock clk_fpga_1 rise edge)
                                                      0.000     0.000 r  
    PS7_X0Y0             PS7                          0.000     0.000 r  i_system_wrapper/system_i/sys_ps7/inst/PS7_i/FCLKCLK[1]
                         net (fo=1, unplaced)         0.355     0.355    i_system_wrapper/system_i/sys_ps7/inst/FCLK_CLK_unbuffered[1]
                         BUFG (Prop_bufg_I_O)         0.029     0.384 r  i_system_wrapper/system_i/sys_ps7/inst/buffer_fclk_clk_1.FCLK_CLK_1_BUFG/O
                         net (fo=6, unplaced)         0.259     0.643    i_system_wrapper/system_i/axi_ad9361/inst/i_rx/i_delay_cntrl/i_delay_rst_reg/delay_clk
                         FDPE                                         r  i_system_wrapper/system_i/axi_ad9361/inst/i_rx/i_delay_cntrl/i_delay_rst_reg/rst_async_d2_reg/C
                         clock pessimism             -0.021     0.622    
                         FDPE (Hold_fdpe_C_D)         0.038     0.660    i_system_wrapper/system_i/axi_ad9361/inst/i_rx/i_delay_cntrl/i_delay_rst_reg/rst_async_d2_reg
  -------------------------------------------------------------------
                         required time                         -0.660    
                         arrival time                           0.705    
  -------------------------------------------------------------------
                         slack                                  0.045    





Pulse Width Checks
--------------------------------------------------------------------------------------
Clock Name:         clk_fpga_1
Waveform(ns):       { 0.000 2.500 }
Period(ns):         5.000
Sources:            { i_system_wrapper/system_i/sys_ps7/inst/PS7_i/FCLKCLK[1] }

Check Type        Corner  Lib Pin            Reference Pin  Required(ns)  Actual(ns)  Slack(ns)  Location  Pin
Min Period        n/a     IDELAYCTRL/REFCLK  n/a            3.225         5.000       1.775                i_system_wrapper/system_i/axi_ad9361/inst/i_dev_if/i_rx_frame/i_delay_ctrl/REFCLK
Max Period        n/a     IDELAYCTRL/REFCLK  n/a            5.264         5.000       0.264                i_system_wrapper/system_i/axi_ad9361/inst/i_dev_if/i_rx_frame/i_delay_ctrl/REFCLK
Low Pulse Width   Slow    FDPE/C             n/a            0.500         2.500       2.000                i_system_wrapper/system_i/axi_ad9361/inst/i_rx/i_delay_cntrl/i_delay_rst_reg/rst_async_d1_reg/C
High Pulse Width  Slow    FDPE/C             n/a            0.500         2.500       2.000                i_system_wrapper/system_i/axi_ad9361/inst/i_rx/i_delay_cntrl/i_delay_rst_reg/rst_async_d1_reg/C



---------------------------------------------------------------------------------------------------
From Clock:  clk_fpga_2
  To Clock:  clk_fpga_2

Setup :           NA  Failing Endpoints,  Worst Slack           NA  ,  Total Violation           NA
Hold  :           NA  Failing Endpoints,  Worst Slack           NA  ,  Total Violation           NA
PW    :            0  Failing Endpoints,  Worst Slack        2.845ns,  Total Violation        0.000ns
---------------------------------------------------------------------------------------------------


Pulse Width Checks
--------------------------------------------------------------------------------------
Clock Name:         clk_fpga_2
Waveform(ns):       { 0.000 2.500 }
Period(ns):         5.000
Sources:            { i_system_wrapper/system_i/sys_ps7/inst/PS7_i/FCLKCLK[2] }

Check Type  Corner  Lib Pin  Reference Pin  Required(ns)  Actual(ns)  Slack(ns)  Location  Pin
Min Period  n/a     BUFG/I   n/a            2.155         5.000       2.845                i_system_wrapper/system_i/sys_ps7/inst/buffer_fclk_clk_2.FCLK_CLK_2_BUFG/I



---------------------------------------------------------------------------------------------------
From Clock:  rx_clk
  To Clock:  rx_clk

Setup :            0  Failing Endpoints,  Worst Slack        3.525ns,  Total Violation        0.000ns
Hold  :            0  Failing Endpoints,  Worst Slack        0.045ns,  Total Violation        0.000ns
PW    :            0  Failing Endpoints,  Worst Slack        3.020ns,  Total Violation        0.000ns
---------------------------------------------------------------------------------------------------


Max Delay Paths
--------------------------------------------------------------------------------------
Slack (MET) :             3.525ns  (required time - arrival time)
  Source:                 i_system_wrapper/system_i/axi_ad9361/inst/i_tx/dac_rate_cnt_reg[1]/C
                            (rising edge-triggered cell FDRE clocked by rx_clk  {rise@0.000ns fall@4.000ns period=8.000ns})
  Destination:            i_system_wrapper/system_i/axi_ad9361/inst/i_tx/dac_rate_cnt_reg[13]/D
                            (rising edge-triggered cell FDRE clocked by rx_clk  {rise@0.000ns fall@4.000ns period=8.000ns})
  Path Group:             rx_clk
  Path Type:              Setup (Max at Slow Process Corner)
  Requirement:            8.000ns  (rx_clk rise@8.000ns - rx_clk rise@0.000ns)
  Data Path Delay:        4.371ns  (logic 1.988ns (45.482%)  route 2.383ns (54.518%))
  Logic Levels:           6  (CARRY4=4 LUT4=1 LUT5=1)
  Clock Path Skew:        -0.145ns (DCD - SCD + CPR)
    Destination Clock Delay (DCD):    2.407ns = ( 10.407 - 8.000 ) 
    Source Clock Delay      (SCD):    2.645ns
    Clock Pessimism Removal (CPR):    0.093ns
  Clock Uncertainty:      0.035ns  ((TSJ^2 + TIJ^2)^1/2 + DJ) / 2 + PE
    Total System Jitter     (TSJ):    0.071ns
    Total Input Jitter      (TIJ):    0.000ns
    Discrete Jitter          (DJ):    0.000ns
    Phase Error              (PE):    0.000ns

    Location             Delay type                Incr(ns)  Path(ns)    Netlist Resource(s)
  -------------------------------------------------------------------    -------------------
                         (clock rx_clk rise edge)     0.000     0.000 r  
    K17                                               0.000     0.000 r  rx_clk_in_p (IN)
                         net (fo=0)                   0.000     0.000    i_system_wrapper/system_i/axi_ad9361/inst/i_dev_if/i_clk/rx_clk_in_p
    K17                  IBUFDS (Prop_ibufds_I_O)     0.944     0.944 r  i_system_wrapper/system_i/axi_ad9361/inst/i_dev_if/i_clk/i_rx_clk_ibuf/O
                         net (fo=1, unplaced)         0.800     1.744    i_system_wrapper/system_i/axi_ad9361/inst/i_dev_if/i_clk/clk_ibuf_s
                         BUFG (Prop_bufg_I_O)         0.102     1.846 r  i_system_wrapper/system_i/axi_ad9361/inst/i_dev_if/i_clk/i_clk_gbuf/O
                         net (fo=9486, unplaced)      0.800     2.645    i_system_wrapper/system_i/axi_ad9361/inst/i_tx/clk
                         FDRE                                         r  i_system_wrapper/system_i/axi_ad9361/inst/i_tx/dac_rate_cnt_reg[1]/C
  -------------------------------------------------------------------    -------------------
                         FDRE (Prop_fdre_C_Q)         0.478     3.123 r  i_system_wrapper/system_i/axi_ad9361/inst/i_tx/dac_rate_cnt_reg[1]/Q
                         net (fo=2, unplaced)         0.752     3.875    i_system_wrapper/system_i/axi_ad9361/inst/i_tx/dac_rate_cnt_reg[1]
                         LUT4 (Prop_lut4_I1_O)        0.295     4.170 r  i_system_wrapper/system_i/axi_ad9361/inst/i_tx/dac_valid_int_i_4/O
                         net (fo=2, unplaced)         0.913     5.083    i_system_wrapper/system_i/axi_ad9361/inst/i_tx/dac_valid_int_i_4_n_0
                         LUT5 (Prop_lut5_I2_O)        0.124     5.207 r  i_system_wrapper/system_i/axi_ad9361/inst/i_tx/dac_rate_cnt[0]_i_2/O
                         net (fo=31, unplaced)        0.709     5.916    i_system_wrapper/system_i/axi_ad9361/inst/i_tx/i_up_dac_common/i_xfer_cntrl/dac_rate_cnt_reg_15_sn_1
                         CARRY4 (Prop_carry4_DI[1]_CO[3])
                                                      0.520     6.436 r  i_system_wrapper/system_i/axi_ad9361/inst/i_tx/i_up_dac_common/i_xfer_cntrl/dac_rate_cnt_reg[0]_i_1/CO[3]
                         net (fo=1, unplaced)         0.009     6.445    i_system_wrapper/system_i/axi_ad9361/inst/i_tx/i_up_dac_common/i_xfer_cntrl/dac_rate_cnt_reg[0]_i_1_n_0
                         CARRY4 (Prop_carry4_CI_CO[3])
                                                      0.117     6.562 r  i_system_wrapper/system_i/axi_ad9361/inst/i_tx/i_up_dac_common/i_xfer_cntrl/dac_rate_cnt_reg[4]_i_1/CO[3]
                         net (fo=1, unplaced)         0.000     6.562    i_system_wrapper/system_i/axi_ad9361/inst/i_tx/i_up_dac_common/i_xfer_cntrl/dac_rate_cnt_reg[4]_i_1_n_0
                         CARRY4 (Prop_carry4_CI_CO[3])
                                                      0.117     6.679 r  i_system_wrapper/system_i/axi_ad9361/inst/i_tx/i_up_dac_common/i_xfer_cntrl/dac_rate_cnt_reg[8]_i_1/CO[3]
                         net (fo=1, unplaced)         0.000     6.679    i_system_wrapper/system_i/axi_ad9361/inst/i_tx/i_up_dac_common/i_xfer_cntrl/dac_rate_cnt_reg[8]_i_1_n_0
                         CARRY4 (Prop_carry4_CI_O[1])
                                                      0.337     7.016 r  i_system_wrapper/system_i/axi_ad9361/inst/i_tx/i_up_dac_common/i_xfer_cntrl/dac_rate_cnt_reg[12]_i_1/O[1]
                         net (fo=1, unplaced)         0.000     7.016    i_system_wrapper/system_i/axi_ad9361/inst/i_tx/i_up_dac_common_n_142
                         FDRE                                         r  i_system_wrapper/system_i/axi_ad9361/inst/i_tx/dac_rate_cnt_reg[13]/D
  -------------------------------------------------------------------    -------------------

                         (clock rx_clk rise edge)     8.000     8.000 r  
    K17                                               0.000     8.000 r  rx_clk_in_p (IN)
                         net (fo=0)                   0.000     8.000    i_system_wrapper/system_i/axi_ad9361/inst/i_dev_if/i_clk/rx_clk_in_p
    K17                  IBUFDS (Prop_ibufds_I_O)     0.900     8.900 r  i_system_wrapper/system_i/axi_ad9361/inst/i_dev_if/i_clk/i_rx_clk_ibuf/O
                         net (fo=1, unplaced)         0.760     9.660    i_system_wrapper/system_i/axi_ad9361/inst/i_dev_if/i_clk/clk_ibuf_s
                         BUFG (Prop_bufg_I_O)         0.092     9.752 r  i_system_wrapper/system_i/axi_ad9361/inst/i_dev_if/i_clk/i_clk_gbuf/O
                         net (fo=9486, unplaced)      0.655    10.407    i_system_wrapper/system_i/axi_ad9361/inst/i_tx/clk
                         FDRE                                         r  i_system_wrapper/system_i/axi_ad9361/inst/i_tx/dac_rate_cnt_reg[13]/C
                         clock pessimism              0.093    10.500    
                         clock uncertainty           -0.035    10.465    
                         FDRE (Setup_fdre_C_D)        0.076    10.541    i_system_wrapper/system_i/axi_ad9361/inst/i_tx/dac_rate_cnt_reg[13]
  -------------------------------------------------------------------
                         required time                         10.541    
                         arrival time                          -7.016    
  -------------------------------------------------------------------
                         slack                                  3.525    





Min Delay Paths
--------------------------------------------------------------------------------------
Slack (MET) :             0.045ns  (arrival time - required time)
  Source:                 i_system_wrapper/system_i/axi_ad9361/inst/i_dev_if/enable_up_m1_reg/C
                            (rising edge-triggered cell FDCE clocked by rx_clk  {rise@0.000ns fall@4.000ns period=8.000ns})
  Destination:            i_system_wrapper/system_i/axi_ad9361/inst/i_dev_if/enable_up_reg/D
                            (rising edge-triggered cell FDCE clocked by rx_clk  {rise@0.000ns fall@4.000ns period=8.000ns})
  Path Group:             rx_clk
  Path Type:              Hold (Min at Fast Process Corner)
  Requirement:            0.000ns  (rx_clk rise@0.000ns - rx_clk rise@0.000ns)
  Data Path Delay:        0.228ns  (logic 0.147ns (64.493%)  route 0.081ns (35.507%))
  Logic Levels:           0  
  Clock Path Skew:        0.145ns (DCD - SCD - CPR)
    Destination Clock Delay (DCD):    1.146ns
    Source Clock Delay      (SCD):    0.946ns
    Clock Pessimism Removal (CPR):    0.056ns

    Location             Delay type                Incr(ns)  Path(ns)    Netlist Resource(s)
  -------------------------------------------------------------------    -------------------
                         (clock rx_clk rise edge)     0.000     0.000 r  
    K17                                               0.000     0.000 r  rx_clk_in_p (IN)
                         net (fo=0)                   0.000     0.000    i_system_wrapper/system_i/axi_ad9361/inst/i_dev_if/i_clk/rx_clk_in_p
    K17                  IBUFDS (Prop_ibufds_I_O)     0.372     0.372 r  i_system_wrapper/system_i/axi_ad9361/inst/i_dev_if/i_clk/i_rx_clk_ibuf/O
                         net (fo=1, unplaced)         0.337     0.709    i_system_wrapper/system_i/axi_ad9361/inst/i_dev_if/i_clk/clk_ibuf_s
                         BUFG (Prop_bufg_I_O)         0.027     0.736 r  i_system_wrapper/system_i/axi_ad9361/inst/i_dev_if/i_clk/i_clk_gbuf/O
                         net (fo=9486, unplaced)      0.210     0.946    i_system_wrapper/system_i/axi_ad9361/inst/i_dev_if/txnrx_int_reg_0
                         FDCE                                         r  i_system_wrapper/system_i/axi_ad9361/inst/i_dev_if/enable_up_m1_reg/C
  -------------------------------------------------------------------    -------------------
                         FDCE (Prop_fdce_C_Q)         0.147     1.093 r  i_system_wrapper/system_i/axi_ad9361/inst/i_dev_if/enable_up_m1_reg/Q
                         net (fo=1, unplaced)         0.081     1.174    i_system_wrapper/system_i/axi_ad9361/inst/i_dev_if/enable_up_m1
                         FDCE                                         r  i_system_wrapper/system_i/axi_ad9361/inst/i_dev_if/enable_up_reg/D
  -------------------------------------------------------------------    -------------------

                         (clock rx_clk rise edge)     0.000     0.000 r  
    K17                                               0.000     0.000 r  rx_clk_in_p (IN)
                         net (fo=0)                   0.000     0.000    i_system_wrapper/system_i/axi_ad9361/inst/i_dev_if/i_clk/rx_clk_in_p
    K17                  IBUFDS (Prop_ibufds_I_O)     0.407     0.407 r  i_system_wrapper/system_i/axi_ad9361/inst/i_dev_if/i_clk/i_rx_clk_ibuf/O
                         net (fo=1, unplaced)         0.355     0.761    i_system_wrapper/system_i/axi_ad9361/inst/i_dev_if/i_clk/clk_ibuf_s
                         BUFG (Prop_bufg_I_O)         0.030     0.791 r  i_system_wrapper/system_i/axi_ad9361/inst/i_dev_if/i_clk/i_clk_gbuf/O
                         net (fo=9486, unplaced)      0.355     1.146    i_system_wrapper/system_i/axi_ad9361/inst/i_dev_if/txnrx_int_reg_0
                         FDCE                                         r  i_system_wrapper/system_i/axi_ad9361/inst/i_dev_if/enable_up_reg/C
                         clock pessimism             -0.056     1.091    
                         FDCE (Hold_fdce_C_D)         0.038     1.129    i_system_wrapper/system_i/axi_ad9361/inst/i_dev_if/enable_up_reg
  -------------------------------------------------------------------
                         required time                         -1.129    
                         arrival time                           1.174    
  -------------------------------------------------------------------
                         slack                                  0.045    





Pulse Width Checks
--------------------------------------------------------------------------------------
Clock Name:         rx_clk
Waveform(ns):       { 0.000 4.000 }
Period(ns):         8.000
Sources:            { rx_clk_in_p }

Check Type        Corner  Lib Pin             Reference Pin  Required(ns)  Actual(ns)  Slack(ns)  Location  Pin
Min Period        n/a     RAMB36E1/CLKARDCLK  n/a            2.576         8.000       5.424                i_system_wrapper/system_i/axi_ad9361_dac_fifo/inst/i_mem/m_ram_reg/CLKARDCLK
Low Pulse Width   Slow    SRL16E/CLK          n/a            0.980         4.000       3.020                i_system_wrapper/system_i/axi_ad9361/inst/i_rx/i_rx_channel_0/i_ad_iqcor/g_loop[0].p1_valid_reg_srl6/CLK
High Pulse Width  Slow    SRL16E/CLK          n/a            0.980         4.000       3.020                i_system_wrapper/system_i/axi_ad9361/inst/i_rx/i_rx_channel_0/i_ad_iqcor/g_loop[0].p1_valid_reg_srl6/CLK



---------------------------------------------------------------------------------------------------
From Clock:  clk_div_sel_0_s
  To Clock:  clk_div_sel_0_s

Setup :            0  Failing Endpoints,  Worst Slack       27.337ns,  Total Violation        0.000ns
Hold  :            0  Failing Endpoints,  Worst Slack        0.045ns,  Total Violation        0.000ns
PW    :            0  Failing Endpoints,  Worst Slack       14.750ns,  Total Violation        0.000ns
---------------------------------------------------------------------------------------------------


Max Delay Paths
--------------------------------------------------------------------------------------
Slack (MET) :             27.337ns  (required time - arrival time)
  Source:                 i_system_wrapper/system_i/axi_ad9361_adc_dma/inst/i_transfer/i_request_arb/i_src_dma_fifo/i_data_mover/id_reg[0]/C
                            (rising edge-triggered cell FDRE clocked by clk_div_sel_0_s  {rise@0.000ns fall@16.000ns period=32.000ns})
  Destination:            i_system_wrapper/system_i/axi_ad9361_adc_dma/inst/i_transfer/i_request_arb/i_src_dma_fifo/i_data_mover/pending_burst_reg/D
                            (rising edge-triggered cell FDRE clocked by clk_div_sel_0_s  {rise@0.000ns fall@16.000ns period=32.000ns})
  Path Group:             clk_div_sel_0_s
  Path Type:              Setup (Max at Slow Process Corner)
  Requirement:            32.000ns  (clk_div_sel_0_s rise@32.000ns - clk_div_sel_0_s rise@0.000ns)
  Data Path Delay:        4.527ns  (logic 1.145ns (25.293%)  route 3.382ns (74.707%))
  Logic Levels:           4  (LUT4=1 LUT5=1 LUT6=1 RAMD32=1)
  Clock Path Skew:        -0.145ns (DCD - SCD + CPR)
    Destination Clock Delay (DCD):    4.294ns = ( 36.294 - 32.000 ) 
    Source Clock Delay      (SCD):    4.945ns
    Clock Pessimism Removal (CPR):    0.506ns
  Clock Uncertainty:      0.035ns  ((TSJ^2 + TIJ^2)^1/2 + DJ) / 2 + PE
    Total System Jitter     (TSJ):    0.071ns
    Total Input Jitter      (TIJ):    0.000ns
    Discrete Jitter          (DJ):    0.000ns
    Phase Error              (PE):    0.000ns

    Location             Delay type                Incr(ns)  Path(ns)    Netlist Resource(s)
  -------------------------------------------------------------------    -------------------
                         (clock clk_div_sel_0_s rise edge)
                                                      0.000     0.000 r  
    K17                                               0.000     0.000 r  rx_clk_in_p (IN)
                         net (fo=0)                   0.000     0.000    i_system_wrapper/system_i/axi_ad9361/inst/i_dev_if/i_clk/rx_clk_in_p
    K17                  IBUFDS (Prop_ibufds_I_O)     0.944     0.944 r  i_system_wrapper/system_i/axi_ad9361/inst/i_dev_if/i_clk/i_rx_clk_ibuf/O
                         net (fo=1, unplaced)         0.800     1.744    i_system_wrapper/system_i/axi_ad9361/inst/i_dev_if/i_clk/clk_ibuf_s
                         BUFG (Prop_bufg_I_O)         0.102     1.846 r  i_system_wrapper/system_i/axi_ad9361/inst/i_dev_if/i_clk/i_clk_gbuf/O
                         net (fo=9486, unplaced)      0.800     2.645    i_system_wrapper/system_i/util_ad9361_divclk/inst/clk
                         BUFR (Prop_bufr_I_O)         1.031     3.676 r  i_system_wrapper/system_i/util_ad9361_divclk/inst/clk_divide_sel_0/O
                         net (fo=1, unplaced)         0.584     4.260    i_system_wrapper/system_i/util_ad9361_divclk/inst/clk_div_sel_0_s
                         BUFGCTRL (Prop_bufgctrl_I0_O)
                                                      0.101     4.361 r  i_system_wrapper/system_i/util_ad9361_divclk/inst/i_div_clk_gbuf/O
                         net (fo=625, unplaced)       0.584     4.945    i_system_wrapper/system_i/axi_ad9361_adc_dma/inst/i_transfer/i_request_arb/i_src_dma_fifo/i_data_mover/fifo_wr_clk
                         FDRE                                         r  i_system_wrapper/system_i/axi_ad9361_adc_dma/inst/i_transfer/i_request_arb/i_src_dma_fifo/i_data_mover/id_reg[0]/C
  -------------------------------------------------------------------    -------------------
                         FDRE (Prop_fdre_C_Q)         0.478     5.423 r  i_system_wrapper/system_i/axi_ad9361_adc_dma/inst/i_transfer/i_request_arb/i_src_dma_fifo/i_data_mover/id_reg[0]/Q
                         net (fo=14, unplaced)        1.016     6.439    i_system_wrapper/system_i/axi_ad9361_adc_dma/inst/i_transfer/i_request_arb/eot_mem_src_reg_0_15_0_0/DPRA0
                         RAMD32 (Prop_ramd32_RADR0_O)
                                                      0.295     6.734 r  i_system_wrapper/system_i/axi_ad9361_adc_dma/inst/i_transfer/i_request_arb/eot_mem_src_reg_0_15_0_0/DP/O
                         net (fo=10, unplaced)        0.945     7.679    i_system_wrapper/system_i/axi_ad9361_adc_dma/inst/i_transfer/i_request_arb/i_src_dma_fifo/i_data_mover/src_eot
                         LUT4 (Prop_lut4_I2_O)        0.124     7.803 r  i_system_wrapper/system_i/axi_ad9361_adc_dma/inst/i_transfer/i_request_arb/i_src_dma_fifo/i_data_mover/burst_len_mem_reg_0_7_0_4_i_1/O
                         net (fo=19, unplaced)        0.508     8.311    i_system_wrapper/system_i/axi_ad9361_adc_dma/inst/i_transfer/i_request_arb/i_src_dma_fifo/i_data_mover/last_non_eot_reg_0
                         LUT5 (Prop_lut5_I4_O)        0.124     8.435 r  i_system_wrapper/system_i/axi_ad9361_adc_dma/inst/i_transfer/i_request_arb/i_src_dma_fifo/i_data_mover/id[2]_i_1/O
                         net (fo=2, unplaced)         0.913     9.348    i_system_wrapper/system_i/axi_ad9361_adc_dma/inst/i_transfer/i_request_arb/i_src_dma_fifo/i_data_mover/id_next[2]
                         LUT6 (Prop_lut6_I3_O)        0.124     9.472 r  i_system_wrapper/system_i/axi_ad9361_adc_dma/inst/i_transfer/i_request_arb/i_src_dma_fifo/i_data_mover/pending_burst_i_1/O
                         net (fo=1, unplaced)         0.000     9.472    i_system_wrapper/system_i/axi_ad9361_adc_dma/inst/i_transfer/i_request_arb/i_src_dma_fifo/i_data_mover/pending_burst_i_1_n_0
                         FDRE                                         r  i_system_wrapper/system_i/axi_ad9361_adc_dma/inst/i_transfer/i_request_arb/i_src_dma_fifo/i_data_mover/pending_burst_reg/D
  -------------------------------------------------------------------    -------------------

                         (clock clk_div_sel_0_s rise edge)
                                                     32.000    32.000 r  
    K17                                               0.000    32.000 r  rx_clk_in_p (IN)
                         net (fo=0)                   0.000    32.000    i_system_wrapper/system_i/axi_ad9361/inst/i_dev_if/i_clk/rx_clk_in_p
    K17                  IBUFDS (Prop_ibufds_I_O)     0.900    32.900 r  i_system_wrapper/system_i/axi_ad9361/inst/i_dev_if/i_clk/i_rx_clk_ibuf/O
                         net (fo=1, unplaced)         0.760    33.660    i_system_wrapper/system_i/axi_ad9361/inst/i_dev_if/i_clk/clk_ibuf_s
                         BUFG (Prop_bufg_I_O)         0.092    33.752 r  i_system_wrapper/system_i/axi_ad9361/inst/i_dev_if/i_clk/i_clk_gbuf/O
                         net (fo=9486, unplaced)      0.655    34.407    i_system_wrapper/system_i/util_ad9361_divclk/inst/clk
                         BUFR (Prop_bufr_I_O)         0.918    35.325 r  i_system_wrapper/system_i/util_ad9361_divclk/inst/clk_divide_sel_0/O
                         net (fo=1, unplaced)         0.439    35.764    i_system_wrapper/system_i/util_ad9361_divclk/inst/clk_div_sel_0_s
                         BUFGCTRL (Prop_bufgctrl_I0_O)
                                                      0.091    35.855 r  i_system_wrapper/system_i/util_ad9361_divclk/inst/i_div_clk_gbuf/O
                         net (fo=625, unplaced)       0.439    36.294    i_system_wrapper/system_i/axi_ad9361_adc_dma/inst/i_transfer/i_request_arb/i_src_dma_fifo/i_data_mover/fifo_wr_clk
                         FDRE                                         r  i_system_wrapper/system_i/axi_ad9361_adc_dma/inst/i_transfer/i_request_arb/i_src_dma_fifo/i_data_mover/pending_burst_reg/C
                         clock pessimism              0.506    36.800    
                         clock uncertainty           -0.035    36.765    
                         FDRE (Setup_fdre_C_D)        0.044    36.809    i_system_wrapper/system_i/axi_ad9361_adc_dma/inst/i_transfer/i_request_arb/i_src_dma_fifo/i_data_mover/pending_burst_reg
  -------------------------------------------------------------------
                         required time                         36.809    
                         arrival time                          -9.472    
  -------------------------------------------------------------------
                         slack                                 27.337    





Min Delay Paths
--------------------------------------------------------------------------------------
Slack (MET) :             0.045ns  (arrival time - required time)
  Source:                 i_system_wrapper/system_i/axi_ad9361_adc_dma/inst/i_transfer/i_request_arb/i_dest_req_fifo/zerodeep.i_raddr_sync/cdc_sync_stage1_reg[0]/C
                            (rising edge-triggered cell FDRE clocked by clk_div_sel_0_s  {rise@0.000ns fall@16.000ns period=32.000ns})
  Destination:            i_system_wrapper/system_i/axi_ad9361_adc_dma/inst/i_transfer/i_request_arb/i_dest_req_fifo/zerodeep.i_raddr_sync/cdc_sync_stage2_reg[0]/D
                            (rising edge-triggered cell FDRE clocked by clk_div_sel_0_s  {rise@0.000ns fall@16.000ns period=32.000ns})
  Path Group:             clk_div_sel_0_s
  Path Type:              Hold (Min at Fast Process Corner)
  Requirement:            0.000ns  (clk_div_sel_0_s rise@0.000ns - clk_div_sel_0_s rise@0.000ns)
  Data Path Delay:        0.228ns  (logic 0.147ns (64.493%)  route 0.081ns (35.507%))
  Logic Levels:           0  
  Clock Path Skew:        0.145ns (DCD - SCD - CPR)
    Destination Clock Delay (DCD):    2.124ns
    Source Clock Delay      (SCD):    1.470ns
    Clock Pessimism Removal (CPR):    0.510ns

    Location             Delay type                Incr(ns)  Path(ns)    Netlist Resource(s)
  -------------------------------------------------------------------    -------------------
                         (clock clk_div_sel_0_s rise edge)
                                                      0.000     0.000 r  
    K17                                               0.000     0.000 r  rx_clk_in_p (IN)
                         net (fo=0)                   0.000     0.000    i_system_wrapper/system_i/axi_ad9361/inst/i_dev_if/i_clk/rx_clk_in_p
    K17                  IBUFDS (Prop_ibufds_I_O)     0.372     0.372 r  i_system_wrapper/system_i/axi_ad9361/inst/i_dev_if/i_clk/i_rx_clk_ibuf/O
                         net (fo=1, unplaced)         0.337     0.709    i_system_wrapper/system_i/axi_ad9361/inst/i_dev_if/i_clk/clk_ibuf_s
                         BUFG (Prop_bufg_I_O)         0.027     0.736 r  i_system_wrapper/system_i/axi_ad9361/inst/i_dev_if/i_clk/i_clk_gbuf/O
                         net (fo=9486, unplaced)      0.210     0.946    i_system_wrapper/system_i/util_ad9361_divclk/inst/clk
                         BUFR (Prop_bufr_I_O)         0.270     1.216 r  i_system_wrapper/system_i/util_ad9361_divclk/inst/clk_divide_sel_0/O
                         net (fo=1, unplaced)         0.114     1.330    i_system_wrapper/system_i/util_ad9361_divclk/inst/clk_div_sel_0_s
                         BUFGCTRL (Prop_bufgctrl_I0_O)
                                                      0.026     1.356 r  i_system_wrapper/system_i/util_ad9361_divclk/inst/i_div_clk_gbuf/O
                         net (fo=625, unplaced)       0.114     1.470    i_system_wrapper/system_i/axi_ad9361_adc_dma/inst/i_transfer/i_request_arb/i_dest_req_fifo/zerodeep.i_raddr_sync/fifo_wr_clk
                         FDRE                                         r  i_system_wrapper/system_i/axi_ad9361_adc_dma/inst/i_transfer/i_request_arb/i_dest_req_fifo/zerodeep.i_raddr_sync/cdc_sync_stage1_reg[0]/C
  -------------------------------------------------------------------    -------------------
                         FDRE (Prop_fdre_C_Q)         0.147     1.617 r  i_system_wrapper/system_i/axi_ad9361_adc_dma/inst/i_transfer/i_request_arb/i_dest_req_fifo/zerodeep.i_raddr_sync/cdc_sync_stage1_reg[0]/Q
                         net (fo=1, unplaced)         0.081     1.698    i_system_wrapper/system_i/axi_ad9361_adc_dma/inst/i_transfer/i_request_arb/i_dest_req_fifo/zerodeep.i_raddr_sync/cdc_sync_stage1_reg_n_0_[0]
                         FDRE                                         r  i_system_wrapper/system_i/axi_ad9361_adc_dma/inst/i_transfer/i_request_arb/i_dest_req_fifo/zerodeep.i_raddr_sync/cdc_sync_stage2_reg[0]/D
  -------------------------------------------------------------------    -------------------

                         (clock clk_div_sel_0_s rise edge)
                                                      0.000     0.000 r  
    K17                                               0.000     0.000 r  rx_clk_in_p (IN)
                         net (fo=0)                   0.000     0.000    i_system_wrapper/system_i/axi_ad9361/inst/i_dev_if/i_clk/rx_clk_in_p
    K17                  IBUFDS (Prop_ibufds_I_O)     0.407     0.407 r  i_system_wrapper/system_i/axi_ad9361/inst/i_dev_if/i_clk/i_rx_clk_ibuf/O
                         net (fo=1, unplaced)         0.355     0.761    i_system_wrapper/system_i/axi_ad9361/inst/i_dev_if/i_clk/clk_ibuf_s
                         BUFG (Prop_bufg_I_O)         0.030     0.791 r  i_system_wrapper/system_i/axi_ad9361/inst/i_dev_if/i_clk/i_clk_gbuf/O
                         net (fo=9486, unplaced)      0.355     1.146    i_system_wrapper/system_i/util_ad9361_divclk/inst/clk
                         BUFR (Prop_bufr_I_O)         0.431     1.577 r  i_system_wrapper/system_i/util_ad9361_divclk/inst/clk_divide_sel_0/O
                         net (fo=1, unplaced)         0.259     1.836    i_system_wrapper/system_i/util_ad9361_divclk/inst/clk_div_sel_0_s
                         BUFGCTRL (Prop_bufgctrl_I0_O)
                                                      0.029     1.865 r  i_system_wrapper/system_i/util_ad9361_divclk/inst/i_div_clk_gbuf/O
                         net (fo=625, unplaced)       0.259     2.124    i_system_wrapper/system_i/axi_ad9361_adc_dma/inst/i_transfer/i_request_arb/i_dest_req_fifo/zerodeep.i_raddr_sync/fifo_wr_clk
                         FDRE                                         r  i_system_wrapper/system_i/axi_ad9361_adc_dma/inst/i_transfer/i_request_arb/i_dest_req_fifo/zerodeep.i_raddr_sync/cdc_sync_stage2_reg[0]/C
                         clock pessimism             -0.510     1.615    
                         FDRE (Hold_fdre_C_D)         0.038     1.653    i_system_wrapper/system_i/axi_ad9361_adc_dma/inst/i_transfer/i_request_arb/i_dest_req_fifo/zerodeep.i_raddr_sync/cdc_sync_stage2_reg[0]
  -------------------------------------------------------------------
                         required time                         -1.653    
                         arrival time                           1.698    
  -------------------------------------------------------------------
                         slack                                  0.045    





Pulse Width Checks
--------------------------------------------------------------------------------------
Clock Name:         clk_div_sel_0_s
Waveform(ns):       { 0.000 16.000 }
Period(ns):         32.000
Sources:            { i_system_wrapper/system_i/util_ad9361_divclk/inst/clk_divide_sel_0/O }

Check Type        Corner  Lib Pin             Reference Pin  Required(ns)  Actual(ns)  Slack(ns)  Location  Pin
Min Period        n/a     RAMB36E1/CLKBWRCLK  n/a            2.576         32.000      29.424               i_system_wrapper/system_i/axi_ad9361_adc_dma/inst/i_transfer/i_request_arb/i_store_and_forward/i_mem/m_ram_reg/CLKBWRCLK
Low Pulse Width   Slow    RAMD32/CLK          n/a            1.250         16.000      14.750               i_system_wrapper/system_i/axi_ad9361_adc_dma/inst/i_transfer/i_request_arb/eot_mem_dest_reg_r1_0_15_0_0/DP/CLK
High Pulse Width  Slow    RAMD32/CLK          n/a            1.250         16.000      14.750               i_system_wrapper/system_i/axi_ad9361_adc_dma/inst/i_transfer/i_request_arb/eot_mem_dest_reg_r1_0_15_0_0/DP/CLK



---------------------------------------------------------------------------------------------------
From Clock:  clk_div_sel_1_s
  To Clock:  clk_div_sel_1_s

Setup :            0  Failing Endpoints,  Worst Slack       11.337ns,  Total Violation        0.000ns
Hold  :            0  Failing Endpoints,  Worst Slack        0.045ns,  Total Violation        0.000ns
PW    :            0  Failing Endpoints,  Worst Slack        6.750ns,  Total Violation        0.000ns
---------------------------------------------------------------------------------------------------


Max Delay Paths
--------------------------------------------------------------------------------------
Slack (MET) :             11.337ns  (required time - arrival time)
  Source:                 i_system_wrapper/system_i/axi_ad9361_adc_dma/inst/i_transfer/i_request_arb/i_src_dma_fifo/i_data_mover/id_reg[0]/C
                            (rising edge-triggered cell FDRE clocked by clk_div_sel_1_s  {rise@0.000ns fall@8.000ns period=16.000ns})
  Destination:            i_system_wrapper/system_i/axi_ad9361_adc_dma/inst/i_transfer/i_request_arb/i_src_dma_fifo/i_data_mover/pending_burst_reg/D
                            (rising edge-triggered cell FDRE clocked by clk_div_sel_1_s  {rise@0.000ns fall@8.000ns period=16.000ns})
  Path Group:             clk_div_sel_1_s
  Path Type:              Setup (Max at Slow Process Corner)
  Requirement:            16.000ns  (clk_div_sel_1_s rise@16.000ns - clk_div_sel_1_s rise@0.000ns)
  Data Path Delay:        4.527ns  (logic 1.145ns (25.293%)  route 3.382ns (74.707%))
  Logic Levels:           4  (LUT4=1 LUT5=1 LUT6=1 RAMD32=1)
  Clock Path Skew:        -0.145ns (DCD - SCD + CPR)
    Destination Clock Delay (DCD):    4.294ns = ( 20.294 - 16.000 ) 
    Source Clock Delay      (SCD):    4.945ns
    Clock Pessimism Removal (CPR):    0.506ns
  Clock Uncertainty:      0.035ns  ((TSJ^2 + TIJ^2)^1/2 + DJ) / 2 + PE
    Total System Jitter     (TSJ):    0.071ns
    Total Input Jitter      (TIJ):    0.000ns
    Discrete Jitter          (DJ):    0.000ns
    Phase Error              (PE):    0.000ns

    Location             Delay type                Incr(ns)  Path(ns)    Netlist Resource(s)
  -------------------------------------------------------------------    -------------------
                         (clock clk_div_sel_1_s rise edge)
                                                      0.000     0.000 r  
    K17                                               0.000     0.000 r  rx_clk_in_p (IN)
                         net (fo=0)                   0.000     0.000    i_system_wrapper/system_i/axi_ad9361/inst/i_dev_if/i_clk/rx_clk_in_p
    K17                  IBUFDS (Prop_ibufds_I_O)     0.944     0.944 r  i_system_wrapper/system_i/axi_ad9361/inst/i_dev_if/i_clk/i_rx_clk_ibuf/O
                         net (fo=1, unplaced)         0.800     1.744    i_system_wrapper/system_i/axi_ad9361/inst/i_dev_if/i_clk/clk_ibuf_s
                         BUFG (Prop_bufg_I_O)         0.102     1.846 r  i_system_wrapper/system_i/axi_ad9361/inst/i_dev_if/i_clk/i_clk_gbuf/O
                         net (fo=9486, unplaced)      0.800     2.645    i_system_wrapper/system_i/util_ad9361_divclk/inst/clk
                         BUFR (Prop_bufr_I_O)         1.031     3.676 r  i_system_wrapper/system_i/util_ad9361_divclk/inst/clk_divide_sel_1/O
                         net (fo=1, unplaced)         0.584     4.260    i_system_wrapper/system_i/util_ad9361_divclk/inst/clk_div_sel_1_s
                         BUFGCTRL (Prop_bufgctrl_I1_O)
                                                      0.101     4.361 r  i_system_wrapper/system_i/util_ad9361_divclk/inst/i_div_clk_gbuf/O
                         net (fo=625, unplaced)       0.584     4.945    i_system_wrapper/system_i/axi_ad9361_adc_dma/inst/i_transfer/i_request_arb/i_src_dma_fifo/i_data_mover/fifo_wr_clk
                         FDRE                                         r  i_system_wrapper/system_i/axi_ad9361_adc_dma/inst/i_transfer/i_request_arb/i_src_dma_fifo/i_data_mover/id_reg[0]/C
  -------------------------------------------------------------------    -------------------
                         FDRE (Prop_fdre_C_Q)         0.478     5.423 r  i_system_wrapper/system_i/axi_ad9361_adc_dma/inst/i_transfer/i_request_arb/i_src_dma_fifo/i_data_mover/id_reg[0]/Q
                         net (fo=14, unplaced)        1.016     6.439    i_system_wrapper/system_i/axi_ad9361_adc_dma/inst/i_transfer/i_request_arb/eot_mem_src_reg_0_15_0_0/DPRA0
                         RAMD32 (Prop_ramd32_RADR0_O)
                                                      0.295     6.734 r  i_system_wrapper/system_i/axi_ad9361_adc_dma/inst/i_transfer/i_request_arb/eot_mem_src_reg_0_15_0_0/DP/O
                         net (fo=10, unplaced)        0.945     7.679    i_system_wrapper/system_i/axi_ad9361_adc_dma/inst/i_transfer/i_request_arb/i_src_dma_fifo/i_data_mover/src_eot
                         LUT4 (Prop_lut4_I2_O)        0.124     7.803 r  i_system_wrapper/system_i/axi_ad9361_adc_dma/inst/i_transfer/i_request_arb/i_src_dma_fifo/i_data_mover/burst_len_mem_reg_0_7_0_4_i_1/O
                         net (fo=19, unplaced)        0.508     8.311    i_system_wrapper/system_i/axi_ad9361_adc_dma/inst/i_transfer/i_request_arb/i_src_dma_fifo/i_data_mover/last_non_eot_reg_0
                         LUT5 (Prop_lut5_I4_O)        0.124     8.435 r  i_system_wrapper/system_i/axi_ad9361_adc_dma/inst/i_transfer/i_request_arb/i_src_dma_fifo/i_data_mover/id[2]_i_1/O
                         net (fo=2, unplaced)         0.913     9.348    i_system_wrapper/system_i/axi_ad9361_adc_dma/inst/i_transfer/i_request_arb/i_src_dma_fifo/i_data_mover/id_next[2]
                         LUT6 (Prop_lut6_I3_O)        0.124     9.472 r  i_system_wrapper/system_i/axi_ad9361_adc_dma/inst/i_transfer/i_request_arb/i_src_dma_fifo/i_data_mover/pending_burst_i_1/O
                         net (fo=1, unplaced)         0.000     9.472    i_system_wrapper/system_i/axi_ad9361_adc_dma/inst/i_transfer/i_request_arb/i_src_dma_fifo/i_data_mover/pending_burst_i_1_n_0
                         FDRE                                         r  i_system_wrapper/system_i/axi_ad9361_adc_dma/inst/i_transfer/i_request_arb/i_src_dma_fifo/i_data_mover/pending_burst_reg/D
  -------------------------------------------------------------------    -------------------

                         (clock clk_div_sel_1_s rise edge)
                                                     16.000    16.000 r  
    K17                                               0.000    16.000 r  rx_clk_in_p (IN)
                         net (fo=0)                   0.000    16.000    i_system_wrapper/system_i/axi_ad9361/inst/i_dev_if/i_clk/rx_clk_in_p
    K17                  IBUFDS (Prop_ibufds_I_O)     0.900    16.900 r  i_system_wrapper/system_i/axi_ad9361/inst/i_dev_if/i_clk/i_rx_clk_ibuf/O
                         net (fo=1, unplaced)         0.760    17.660    i_system_wrapper/system_i/axi_ad9361/inst/i_dev_if/i_clk/clk_ibuf_s
                         BUFG (Prop_bufg_I_O)         0.092    17.752 r  i_system_wrapper/system_i/axi_ad9361/inst/i_dev_if/i_clk/i_clk_gbuf/O
                         net (fo=9486, unplaced)      0.655    18.407    i_system_wrapper/system_i/util_ad9361_divclk/inst/clk
                         BUFR (Prop_bufr_I_O)         0.918    19.325 r  i_system_wrapper/system_i/util_ad9361_divclk/inst/clk_divide_sel_1/O
                         net (fo=1, unplaced)         0.439    19.764    i_system_wrapper/system_i/util_ad9361_divclk/inst/clk_div_sel_1_s
                         BUFGCTRL (Prop_bufgctrl_I1_O)
                                                      0.091    19.855 r  i_system_wrapper/system_i/util_ad9361_divclk/inst/i_div_clk_gbuf/O
                         net (fo=625, unplaced)       0.439    20.294    i_system_wrapper/system_i/axi_ad9361_adc_dma/inst/i_transfer/i_request_arb/i_src_dma_fifo/i_data_mover/fifo_wr_clk
                         FDRE                                         r  i_system_wrapper/system_i/axi_ad9361_adc_dma/inst/i_transfer/i_request_arb/i_src_dma_fifo/i_data_mover/pending_burst_reg/C
                         clock pessimism              0.506    20.800    
                         clock uncertainty           -0.035    20.765    
                         FDRE (Setup_fdre_C_D)        0.044    20.809    i_system_wrapper/system_i/axi_ad9361_adc_dma/inst/i_transfer/i_request_arb/i_src_dma_fifo/i_data_mover/pending_burst_reg
  -------------------------------------------------------------------
                         required time                         20.809    
                         arrival time                          -9.472    
  -------------------------------------------------------------------
                         slack                                 11.337    





Min Delay Paths
--------------------------------------------------------------------------------------
Slack (MET) :             0.045ns  (arrival time - required time)
  Source:                 i_system_wrapper/system_i/axi_ad9361_adc_dma/inst/i_transfer/i_request_arb/i_dest_req_fifo/zerodeep.i_raddr_sync/cdc_sync_stage1_reg[0]/C
                            (rising edge-triggered cell FDRE clocked by clk_div_sel_1_s  {rise@0.000ns fall@8.000ns period=16.000ns})
  Destination:            i_system_wrapper/system_i/axi_ad9361_adc_dma/inst/i_transfer/i_request_arb/i_dest_req_fifo/zerodeep.i_raddr_sync/cdc_sync_stage2_reg[0]/D
                            (rising edge-triggered cell FDRE clocked by clk_div_sel_1_s  {rise@0.000ns fall@8.000ns period=16.000ns})
  Path Group:             clk_div_sel_1_s
  Path Type:              Hold (Min at Fast Process Corner)
  Requirement:            0.000ns  (clk_div_sel_1_s rise@0.000ns - clk_div_sel_1_s rise@0.000ns)
  Data Path Delay:        0.228ns  (logic 0.147ns (64.493%)  route 0.081ns (35.507%))
  Logic Levels:           0  
  Clock Path Skew:        0.145ns (DCD - SCD - CPR)
    Destination Clock Delay (DCD):    2.124ns
    Source Clock Delay      (SCD):    1.470ns
    Clock Pessimism Removal (CPR):    0.510ns

    Location             Delay type                Incr(ns)  Path(ns)    Netlist Resource(s)
  -------------------------------------------------------------------    -------------------
                         (clock clk_div_sel_1_s rise edge)
                                                      0.000     0.000 r  
    K17                                               0.000     0.000 r  rx_clk_in_p (IN)
                         net (fo=0)                   0.000     0.000    i_system_wrapper/system_i/axi_ad9361/inst/i_dev_if/i_clk/rx_clk_in_p
    K17                  IBUFDS (Prop_ibufds_I_O)     0.372     0.372 r  i_system_wrapper/system_i/axi_ad9361/inst/i_dev_if/i_clk/i_rx_clk_ibuf/O
                         net (fo=1, unplaced)         0.337     0.709    i_system_wrapper/system_i/axi_ad9361/inst/i_dev_if/i_clk/clk_ibuf_s
                         BUFG (Prop_bufg_I_O)         0.027     0.736 r  i_system_wrapper/system_i/axi_ad9361/inst/i_dev_if/i_clk/i_clk_gbuf/O
                         net (fo=9486, unplaced)      0.210     0.946    i_system_wrapper/system_i/util_ad9361_divclk/inst/clk
                         BUFR (Prop_bufr_I_O)         0.270     1.216 r  i_system_wrapper/system_i/util_ad9361_divclk/inst/clk_divide_sel_1/O
                         net (fo=1, unplaced)         0.114     1.330    i_system_wrapper/system_i/util_ad9361_divclk/inst/clk_div_sel_1_s
                         BUFGCTRL (Prop_bufgctrl_I1_O)
                                                      0.026     1.356 r  i_system_wrapper/system_i/util_ad9361_divclk/inst/i_div_clk_gbuf/O
                         net (fo=625, unplaced)       0.114     1.470    i_system_wrapper/system_i/axi_ad9361_adc_dma/inst/i_transfer/i_request_arb/i_dest_req_fifo/zerodeep.i_raddr_sync/fifo_wr_clk
                         FDRE                                         r  i_system_wrapper/system_i/axi_ad9361_adc_dma/inst/i_transfer/i_request_arb/i_dest_req_fifo/zerodeep.i_raddr_sync/cdc_sync_stage1_reg[0]/C
  -------------------------------------------------------------------    -------------------
                         FDRE (Prop_fdre_C_Q)         0.147     1.617 r  i_system_wrapper/system_i/axi_ad9361_adc_dma/inst/i_transfer/i_request_arb/i_dest_req_fifo/zerodeep.i_raddr_sync/cdc_sync_stage1_reg[0]/Q
                         net (fo=1, unplaced)         0.081     1.698    i_system_wrapper/system_i/axi_ad9361_adc_dma/inst/i_transfer/i_request_arb/i_dest_req_fifo/zerodeep.i_raddr_sync/cdc_sync_stage1_reg_n_0_[0]
                         FDRE                                         r  i_system_wrapper/system_i/axi_ad9361_adc_dma/inst/i_transfer/i_request_arb/i_dest_req_fifo/zerodeep.i_raddr_sync/cdc_sync_stage2_reg[0]/D
  -------------------------------------------------------------------    -------------------

                         (clock clk_div_sel_1_s rise edge)
                                                      0.000     0.000 r  
    K17                                               0.000     0.000 r  rx_clk_in_p (IN)
                         net (fo=0)                   0.000     0.000    i_system_wrapper/system_i/axi_ad9361/inst/i_dev_if/i_clk/rx_clk_in_p
    K17                  IBUFDS (Prop_ibufds_I_O)     0.407     0.407 r  i_system_wrapper/system_i/axi_ad9361/inst/i_dev_if/i_clk/i_rx_clk_ibuf/O
                         net (fo=1, unplaced)         0.355     0.761    i_system_wrapper/system_i/axi_ad9361/inst/i_dev_if/i_clk/clk_ibuf_s
                         BUFG (Prop_bufg_I_O)         0.030     0.791 r  i_system_wrapper/system_i/axi_ad9361/inst/i_dev_if/i_clk/i_clk_gbuf/O
                         net (fo=9486, unplaced)      0.355     1.146    i_system_wrapper/system_i/util_ad9361_divclk/inst/clk
                         BUFR (Prop_bufr_I_O)         0.431     1.577 r  i_system_wrapper/system_i/util_ad9361_divclk/inst/clk_divide_sel_1/O
                         net (fo=1, unplaced)         0.259     1.836    i_system_wrapper/system_i/util_ad9361_divclk/inst/clk_div_sel_1_s
                         BUFGCTRL (Prop_bufgctrl_I1_O)
                                                      0.029     1.865 r  i_system_wrapper/system_i/util_ad9361_divclk/inst/i_div_clk_gbuf/O
                         net (fo=625, unplaced)       0.259     2.124    i_system_wrapper/system_i/axi_ad9361_adc_dma/inst/i_transfer/i_request_arb/i_dest_req_fifo/zerodeep.i_raddr_sync/fifo_wr_clk
                         FDRE                                         r  i_system_wrapper/system_i/axi_ad9361_adc_dma/inst/i_transfer/i_request_arb/i_dest_req_fifo/zerodeep.i_raddr_sync/cdc_sync_stage2_reg[0]/C
                         clock pessimism             -0.510     1.615    
                         FDRE (Hold_fdre_C_D)         0.038     1.653    i_system_wrapper/system_i/axi_ad9361_adc_dma/inst/i_transfer/i_request_arb/i_dest_req_fifo/zerodeep.i_raddr_sync/cdc_sync_stage2_reg[0]
  -------------------------------------------------------------------
                         required time                         -1.653    
                         arrival time                           1.698    
  -------------------------------------------------------------------
                         slack                                  0.045    





Pulse Width Checks
--------------------------------------------------------------------------------------
Clock Name:         clk_div_sel_1_s
Waveform(ns):       { 0.000 8.000 }
Period(ns):         16.000
Sources:            { i_system_wrapper/system_i/util_ad9361_divclk/inst/clk_divide_sel_1/O }

Check Type        Corner  Lib Pin             Reference Pin  Required(ns)  Actual(ns)  Slack(ns)  Location  Pin
Min Period        n/a     RAMB36E1/CLKBWRCLK  n/a            2.576         16.000      13.424               i_system_wrapper/system_i/axi_ad9361_adc_dma/inst/i_transfer/i_request_arb/i_store_and_forward/i_mem/m_ram_reg/CLKBWRCLK
Low Pulse Width   Slow    RAMD32/CLK          n/a            1.250         8.000       6.750                i_system_wrapper/system_i/axi_ad9361_adc_dma/inst/i_transfer/i_request_arb/eot_mem_dest_reg_r1_0_15_0_0/DP/CLK
High Pulse Width  Slow    RAMD32/CLK          n/a            1.250         8.000       6.750                i_system_wrapper/system_i/axi_ad9361_adc_dma/inst/i_transfer/i_request_arb/eot_mem_dest_reg_r1_0_15_0_0/DP/CLK



---------------------------------------------------------------------------------------------------
From Clock:  clk_div_sel_0_s
  To Clock:  clk_fpga_0

Setup :            0  Failing Endpoints,  Worst Slack        6.762ns,  Total Violation        0.000ns
Hold  :           NA  Failing Endpoints,  Worst Slack           NA  ,  Total Violation           NA
---------------------------------------------------------------------------------------------------


Max Delay Paths
--------------------------------------------------------------------------------------
Slack (MET) :             6.762ns  (required time - arrival time)
  Source:                 i_system_wrapper/system_i/axi_ad9361_adc_dma/inst/i_transfer/i_request_arb/eot_mem_dest_reg_r2_0_15_0_0/DP/CLK
                            (rising edge-triggered cell RAMD32 clocked by clk_div_sel_0_s  {rise@0.000ns fall@16.000ns period=32.000ns})
  Destination:            i_system_wrapper/system_i/axi_ad9361_adc_dma/inst/i_transfer/i_request_arb/i_dest_dma_mm/i_addr_gen/length_reg[0]/S
                            (rising edge-triggered cell FDSE clocked by clk_fpga_0  {rise@0.000ns fall@5.000ns period=10.000ns})
  Path Group:             clk_fpga_0
  Path Type:              Setup (Max at Slow Process Corner)
  Requirement:            10.000ns  (MaxDelay Path 10.000ns)
  Data Path Delay:        2.681ns  (logic 1.438ns (53.637%)  route 1.243ns (46.363%))
  Logic Levels:           1  (LUT2=1)
  Timing Exception:       MaxDelay Path 10.000ns -datapath_only

    Location             Delay type                Incr(ns)  Path(ns)    Netlist Resource(s)
  -------------------------------------------------------------------    -------------------
                                                      0.000     0.000 r  i_system_wrapper/system_i/axi_ad9361_adc_dma/inst/i_transfer/i_request_arb/eot_mem_dest_reg_r2_0_15_0_0/DP/CLK
                         RAMD32 (Prop_ramd32_CLK_O)
                                                      1.314     1.314 f  i_system_wrapper/system_i/axi_ad9361_adc_dma/inst/i_transfer/i_request_arb/eot_mem_dest_reg_r2_0_15_0_0/DP/O
                         net (fo=4, unplaced)         0.443     1.757    i_system_wrapper/system_i/axi_ad9361_adc_dma/inst/i_transfer/i_request_arb/i_dest_dma_mm/i_addr_gen/dest_address_eot
                         LUT2 (Prop_lut2_I0_O)        0.124     1.881 r  i_system_wrapper/system_i/axi_ad9361_adc_dma/inst/i_transfer/i_request_arb/i_dest_dma_mm/i_addr_gen/length[3]_i_1/O
                         net (fo=4, unplaced)         0.800     2.681    i_system_wrapper/system_i/axi_ad9361_adc_dma/inst/i_transfer/i_request_arb/i_dest_dma_mm/i_addr_gen/length
                         FDSE                                         r  i_system_wrapper/system_i/axi_ad9361_adc_dma/inst/i_transfer/i_request_arb/i_dest_dma_mm/i_addr_gen/length_reg[0]/S
  -------------------------------------------------------------------    -------------------

                         max delay                   10.000    10.000    
                         FDSE (Setup_fdse_C_S)       -0.557     9.443    i_system_wrapper/system_i/axi_ad9361_adc_dma/inst/i_transfer/i_request_arb/i_dest_dma_mm/i_addr_gen/length_reg[0]
  -------------------------------------------------------------------
                         required time                          9.443    
                         arrival time                          -2.681    
  -------------------------------------------------------------------
                         slack                                  6.762    





---------------------------------------------------------------------------------------------------
From Clock:  clk_div_sel_1_s
  To Clock:  clk_fpga_0

Setup :            0  Failing Endpoints,  Worst Slack        6.762ns,  Total Violation        0.000ns
Hold  :           NA  Failing Endpoints,  Worst Slack           NA  ,  Total Violation           NA
---------------------------------------------------------------------------------------------------


Max Delay Paths
--------------------------------------------------------------------------------------
Slack (MET) :             6.762ns  (required time - arrival time)
  Source:                 i_system_wrapper/system_i/axi_ad9361_adc_dma/inst/i_transfer/i_request_arb/eot_mem_dest_reg_r2_0_15_0_0/DP/CLK
                            (rising edge-triggered cell RAMD32 clocked by clk_div_sel_1_s  {rise@0.000ns fall@8.000ns period=16.000ns})
  Destination:            i_system_wrapper/system_i/axi_ad9361_adc_dma/inst/i_transfer/i_request_arb/i_dest_dma_mm/i_addr_gen/length_reg[0]/S
                            (rising edge-triggered cell FDSE clocked by clk_fpga_0  {rise@0.000ns fall@5.000ns period=10.000ns})
  Path Group:             clk_fpga_0
  Path Type:              Setup (Max at Slow Process Corner)
  Requirement:            10.000ns  (MaxDelay Path 10.000ns)
  Data Path Delay:        2.681ns  (logic 1.438ns (53.637%)  route 1.243ns (46.363%))
  Logic Levels:           1  (LUT2=1)
  Timing Exception:       MaxDelay Path 10.000ns -datapath_only

    Location             Delay type                Incr(ns)  Path(ns)    Netlist Resource(s)
  -------------------------------------------------------------------    -------------------
                                                      0.000     0.000 r  i_system_wrapper/system_i/axi_ad9361_adc_dma/inst/i_transfer/i_request_arb/eot_mem_dest_reg_r2_0_15_0_0/DP/CLK
                         RAMD32 (Prop_ramd32_CLK_O)
                                                      1.314     1.314 f  i_system_wrapper/system_i/axi_ad9361_adc_dma/inst/i_transfer/i_request_arb/eot_mem_dest_reg_r2_0_15_0_0/DP/O
                         net (fo=4, unplaced)         0.443     1.757    i_system_wrapper/system_i/axi_ad9361_adc_dma/inst/i_transfer/i_request_arb/i_dest_dma_mm/i_addr_gen/dest_address_eot
                         LUT2 (Prop_lut2_I0_O)        0.124     1.881 r  i_system_wrapper/system_i/axi_ad9361_adc_dma/inst/i_transfer/i_request_arb/i_dest_dma_mm/i_addr_gen/length[3]_i_1/O
                         net (fo=4, unplaced)         0.800     2.681    i_system_wrapper/system_i/axi_ad9361_adc_dma/inst/i_transfer/i_request_arb/i_dest_dma_mm/i_addr_gen/length
                         FDSE                                         r  i_system_wrapper/system_i/axi_ad9361_adc_dma/inst/i_transfer/i_request_arb/i_dest_dma_mm/i_addr_gen/length_reg[0]/S
  -------------------------------------------------------------------    -------------------

                         max delay                   10.000    10.000    
                         FDSE (Setup_fdse_C_S)       -0.557     9.443    i_system_wrapper/system_i/axi_ad9361_adc_dma/inst/i_transfer/i_request_arb/i_dest_dma_mm/i_addr_gen/length_reg[0]
  -------------------------------------------------------------------
                         required time                          9.443    
                         arrival time                          -2.681    
  -------------------------------------------------------------------
                         slack                                  6.762    





---------------------------------------------------------------------------------------------------
From Clock:  clk_fpga_0
  To Clock:  clk_div_sel_0_s

Setup :            0  Failing Endpoints,  Worst Slack        8.915ns,  Total Violation        0.000ns
Hold  :           NA  Failing Endpoints,  Worst Slack           NA  ,  Total Violation           NA
---------------------------------------------------------------------------------------------------


Max Delay Paths
--------------------------------------------------------------------------------------
Slack (MET) :             8.915ns  (required time - arrival time)
  Source:                 i_system_wrapper/system_i/axi_ad9361_dac_dma/inst/i_transfer/i_request_arb/i_store_and_forward/src_id_reg[0]/C
                            (rising edge-triggered cell FDRE clocked by clk_fpga_0  {rise@0.000ns fall@5.000ns period=10.000ns})
  Destination:            i_system_wrapper/system_i/axi_ad9361_dac_dma/inst/i_transfer/i_request_arb/i_store_and_forward/i_dest_sync_id/cdc_sync_stage1_reg[0]/D
                            (rising edge-triggered cell FDRE clocked by clk_div_sel_0_s  {rise@0.000ns fall@16.000ns period=32.000ns})
  Path Group:             clk_div_sel_0_s
  Path Type:              Setup (Max at Slow Process Corner)
  Requirement:            10.000ns  (MaxDelay Path 10.000ns)
  Data Path Delay:        0.865ns  (logic 0.478ns (55.260%)  route 0.387ns (44.740%))
  Logic Levels:           0  
  Timing Exception:       MaxDelay Path 10.000ns -datapath_only

    Location             Delay type                Incr(ns)  Path(ns)    Netlist Resource(s)
  -------------------------------------------------------------------    -------------------
                                                      0.000     0.000 r  i_system_wrapper/system_i/axi_ad9361_dac_dma/inst/i_transfer/i_request_arb/i_store_and_forward/src_id_reg[0]/C
                         FDRE (Prop_fdre_C_Q)         0.478     0.478 r  i_system_wrapper/system_i/axi_ad9361_dac_dma/inst/i_transfer/i_request_arb/i_store_and_forward/src_id_reg[0]/Q
                         net (fo=15, unplaced)        0.387     0.865    i_system_wrapper/system_i/axi_ad9361_dac_dma/inst/i_transfer/i_request_arb/i_store_and_forward/i_dest_sync_id/cdc_sync_stage1_reg[3]_0[0]
                         FDRE                                         r  i_system_wrapper/system_i/axi_ad9361_dac_dma/inst/i_transfer/i_request_arb/i_store_and_forward/i_dest_sync_id/cdc_sync_stage1_reg[0]/D
  -------------------------------------------------------------------    -------------------

                         max delay                   10.000    10.000    
                         FDRE (Setup_fdre_C_D)       -0.220     9.780    i_system_wrapper/system_i/axi_ad9361_dac_dma/inst/i_transfer/i_request_arb/i_store_and_forward/i_dest_sync_id/cdc_sync_stage1_reg[0]
  -------------------------------------------------------------------
                         required time                          9.780    
                         arrival time                          -0.865    
  -------------------------------------------------------------------
                         slack                                  8.915    





---------------------------------------------------------------------------------------------------
From Clock:  clk_fpga_0
  To Clock:  clk_div_sel_1_s

Setup :            0  Failing Endpoints,  Worst Slack        8.915ns,  Total Violation        0.000ns
Hold  :           NA  Failing Endpoints,  Worst Slack           NA  ,  Total Violation           NA
---------------------------------------------------------------------------------------------------


Max Delay Paths
--------------------------------------------------------------------------------------
Slack (MET) :             8.915ns  (required time - arrival time)
  Source:                 i_system_wrapper/system_i/axi_ad9361_dac_dma/inst/i_transfer/i_request_arb/i_store_and_forward/src_id_reg[0]/C
                            (rising edge-triggered cell FDRE clocked by clk_fpga_0  {rise@0.000ns fall@5.000ns period=10.000ns})
  Destination:            i_system_wrapper/system_i/axi_ad9361_dac_dma/inst/i_transfer/i_request_arb/i_store_and_forward/i_dest_sync_id/cdc_sync_stage1_reg[0]/D
                            (rising edge-triggered cell FDRE clocked by clk_div_sel_1_s  {rise@0.000ns fall@8.000ns period=16.000ns})
  Path Group:             clk_div_sel_1_s
  Path Type:              Setup (Max at Slow Process Corner)
  Requirement:            10.000ns  (MaxDelay Path 10.000ns)
  Data Path Delay:        0.865ns  (logic 0.478ns (55.260%)  route 0.387ns (44.740%))
  Logic Levels:           0  
  Timing Exception:       MaxDelay Path 10.000ns -datapath_only

    Location             Delay type                Incr(ns)  Path(ns)    Netlist Resource(s)
  -------------------------------------------------------------------    -------------------
                                                      0.000     0.000 r  i_system_wrapper/system_i/axi_ad9361_dac_dma/inst/i_transfer/i_request_arb/i_store_and_forward/src_id_reg[0]/C
                         FDRE (Prop_fdre_C_Q)         0.478     0.478 r  i_system_wrapper/system_i/axi_ad9361_dac_dma/inst/i_transfer/i_request_arb/i_store_and_forward/src_id_reg[0]/Q
                         net (fo=15, unplaced)        0.387     0.865    i_system_wrapper/system_i/axi_ad9361_dac_dma/inst/i_transfer/i_request_arb/i_store_and_forward/i_dest_sync_id/cdc_sync_stage1_reg[3]_0[0]
                         FDRE                                         r  i_system_wrapper/system_i/axi_ad9361_dac_dma/inst/i_transfer/i_request_arb/i_store_and_forward/i_dest_sync_id/cdc_sync_stage1_reg[0]/D
  -------------------------------------------------------------------    -------------------

                         max delay                   10.000    10.000    
                         FDRE (Setup_fdre_C_D)       -0.220     9.780    i_system_wrapper/system_i/axi_ad9361_dac_dma/inst/i_transfer/i_request_arb/i_store_and_forward/i_dest_sync_id/cdc_sync_stage1_reg[0]
  -------------------------------------------------------------------
                         required time                          9.780    
                         arrival time                          -0.865    
  -------------------------------------------------------------------
                         slack                                  8.915    





---------------------------------------------------------------------------------------------------
Path Group:  **async_default**
From Clock:  clk_div_sel_0_s
  To Clock:  clk_div_sel_0_s

Setup :            0  Failing Endpoints,  Worst Slack       29.487ns,  Total Violation        0.000ns
Hold  :            0  Failing Endpoints,  Worst Slack        0.678ns,  Total Violation        0.000ns
---------------------------------------------------------------------------------------------------


Max Delay Paths
--------------------------------------------------------------------------------------
Slack (MET) :             29.487ns  (required time - arrival time)
  Source:                 i_system_wrapper/system_i/util_ad9361_divclk_reset/U0/ACTIVE_LOW_PR_OUT_DFF[0].FDRE_PER_N/C
                            (rising edge-triggered cell FDRE clocked by clk_div_sel_0_s  {rise@0.000ns fall@16.000ns period=32.000ns})
  Destination:            i_system_wrapper/system_i/axi_ad9361_dac_fifo/inst/din_waddr_reg[2]/PRE
                            (recovery check against rising-edge clock clk_div_sel_0_s  {rise@0.000ns fall@16.000ns period=32.000ns})
  Path Group:             **async_default**
  Path Type:              Recovery (Max at Slow Process Corner)
  Requirement:            32.000ns  (clk_div_sel_0_s rise@32.000ns - clk_div_sel_0_s rise@0.000ns)
  Data Path Delay:        1.939ns  (logic 0.773ns (39.866%)  route 1.166ns (60.134%))
  Logic Levels:           1  (LUT1=1)
  Clock Path Skew:        -0.145ns (DCD - SCD + CPR)
    Destination Clock Delay (DCD):    4.294ns = ( 36.294 - 32.000 ) 
    Source Clock Delay      (SCD):    4.945ns
    Clock Pessimism Removal (CPR):    0.506ns
  Clock Uncertainty:      0.035ns  ((TSJ^2 + TIJ^2)^1/2 + DJ) / 2 + PE
    Total System Jitter     (TSJ):    0.071ns
    Total Input Jitter      (TIJ):    0.000ns
    Discrete Jitter          (DJ):    0.000ns
    Phase Error              (PE):    0.000ns

    Location             Delay type                Incr(ns)  Path(ns)    Netlist Resource(s)
  -------------------------------------------------------------------    -------------------
                         (clock clk_div_sel_0_s rise edge)
                                                      0.000     0.000 r  
    K17                                               0.000     0.000 r  rx_clk_in_p (IN)
                         net (fo=0)                   0.000     0.000    i_system_wrapper/system_i/axi_ad9361/inst/i_dev_if/i_clk/rx_clk_in_p
    K17                  IBUFDS (Prop_ibufds_I_O)     0.944     0.944 r  i_system_wrapper/system_i/axi_ad9361/inst/i_dev_if/i_clk/i_rx_clk_ibuf/O
                         net (fo=1, unplaced)         0.800     1.744    i_system_wrapper/system_i/axi_ad9361/inst/i_dev_if/i_clk/clk_ibuf_s
                         BUFG (Prop_bufg_I_O)         0.102     1.846 r  i_system_wrapper/system_i/axi_ad9361/inst/i_dev_if/i_clk/i_clk_gbuf/O
                         net (fo=9486, unplaced)      0.800     2.645    i_system_wrapper/system_i/util_ad9361_divclk/inst/clk
                         BUFR (Prop_bufr_I_O)         1.031     3.676 r  i_system_wrapper/system_i/util_ad9361_divclk/inst/clk_divide_sel_0/O
                         net (fo=1, unplaced)         0.584     4.260    i_system_wrapper/system_i/util_ad9361_divclk/inst/clk_div_sel_0_s
                         BUFGCTRL (Prop_bufgctrl_I0_O)
                                                      0.101     4.361 r  i_system_wrapper/system_i/util_ad9361_divclk/inst/i_div_clk_gbuf/O
                         net (fo=625, unplaced)       0.584     4.945    i_system_wrapper/system_i/util_ad9361_divclk_reset/U0/slowest_sync_clk
                         FDRE                                         r  i_system_wrapper/system_i/util_ad9361_divclk_reset/U0/ACTIVE_LOW_PR_OUT_DFF[0].FDRE_PER_N/C
  -------------------------------------------------------------------    -------------------
                         FDRE (Prop_fdre_C_Q)         0.478     5.423 r  i_system_wrapper/system_i/util_ad9361_divclk_reset/U0/ACTIVE_LOW_PR_OUT_DFF[0].FDRE_PER_N/Q
                         net (fo=2, unplaced)         0.322     5.745    i_system_wrapper/system_i/axi_ad9361_dac_fifo/inst/din_rstn
                         LUT1 (Prop_lut1_I0_O)        0.295     6.040 f  i_system_wrapper/system_i/axi_ad9361_dac_fifo/inst/din_enable[0]_i_1/O
                         net (fo=28, unplaced)        0.844     6.884    i_system_wrapper/system_i/axi_ad9361_dac_fifo/inst/din_enable[0]_i_1_n_0
                         FDPE                                         f  i_system_wrapper/system_i/axi_ad9361_dac_fifo/inst/din_waddr_reg[2]/PRE
  -------------------------------------------------------------------    -------------------

                         (clock clk_div_sel_0_s rise edge)
                                                     32.000    32.000 r  
    K17                                               0.000    32.000 r  rx_clk_in_p (IN)
                         net (fo=0)                   0.000    32.000    i_system_wrapper/system_i/axi_ad9361/inst/i_dev_if/i_clk/rx_clk_in_p
    K17                  IBUFDS (Prop_ibufds_I_O)     0.900    32.900 r  i_system_wrapper/system_i/axi_ad9361/inst/i_dev_if/i_clk/i_rx_clk_ibuf/O
                         net (fo=1, unplaced)         0.760    33.660    i_system_wrapper/system_i/axi_ad9361/inst/i_dev_if/i_clk/clk_ibuf_s
                         BUFG (Prop_bufg_I_O)         0.092    33.752 r  i_system_wrapper/system_i/axi_ad9361/inst/i_dev_if/i_clk/i_clk_gbuf/O
                         net (fo=9486, unplaced)      0.655    34.407    i_system_wrapper/system_i/util_ad9361_divclk/inst/clk
                         BUFR (Prop_bufr_I_O)         0.918    35.325 r  i_system_wrapper/system_i/util_ad9361_divclk/inst/clk_divide_sel_0/O
                         net (fo=1, unplaced)         0.439    35.764    i_system_wrapper/system_i/util_ad9361_divclk/inst/clk_div_sel_0_s
                         BUFGCTRL (Prop_bufgctrl_I0_O)
                                                      0.091    35.855 r  i_system_wrapper/system_i/util_ad9361_divclk/inst/i_div_clk_gbuf/O
                         net (fo=625, unplaced)       0.439    36.294    i_system_wrapper/system_i/axi_ad9361_dac_fifo/inst/din_clk
                         FDPE                                         r  i_system_wrapper/system_i/axi_ad9361_dac_fifo/inst/din_waddr_reg[2]/C
                         clock pessimism              0.506    36.800    
                         clock uncertainty           -0.035    36.765    
                         FDPE (Recov_fdpe_C_PRE)     -0.394    36.371    i_system_wrapper/system_i/axi_ad9361_dac_fifo/inst/din_waddr_reg[2]
  -------------------------------------------------------------------
                         required time                         36.371    
                         arrival time                          -6.884    
  -------------------------------------------------------------------
                         slack                                 29.487    





Min Delay Paths
--------------------------------------------------------------------------------------
Slack (MET) :             0.678ns  (arrival time - required time)
  Source:                 i_system_wrapper/system_i/util_ad9361_divclk_reset/U0/ACTIVE_LOW_PR_OUT_DFF[0].FDRE_PER_N/C
                            (rising edge-triggered cell FDRE clocked by clk_div_sel_0_s  {rise@0.000ns fall@16.000ns period=32.000ns})
  Destination:            i_system_wrapper/system_i/util_ad9361_adc_fifo/inst/dout_enable_m1_reg[0]/CLR
                            (removal check against rising-edge clock clk_div_sel_0_s  {rise@0.000ns fall@16.000ns period=32.000ns})
  Path Group:             **async_default**
  Path Type:              Removal (Min at Fast Process Corner)
  Requirement:            0.000ns  (clk_div_sel_0_s rise@0.000ns - clk_div_sel_0_s rise@0.000ns)
  Data Path Delay:        0.735ns  (logic 0.245ns (33.342%)  route 0.490ns (66.658%))
  Logic Levels:           1  (LUT1=1)
  Clock Path Skew:        0.145ns (DCD - SCD - CPR)
    Destination Clock Delay (DCD):    2.124ns
    Source Clock Delay      (SCD):    1.470ns
    Clock Pessimism Removal (CPR):    0.510ns

    Location             Delay type                Incr(ns)  Path(ns)    Netlist Resource(s)
  -------------------------------------------------------------------    -------------------
                         (clock clk_div_sel_0_s rise edge)
                                                      0.000     0.000 r  
    K17                                               0.000     0.000 r  rx_clk_in_p (IN)
                         net (fo=0)                   0.000     0.000    i_system_wrapper/system_i/axi_ad9361/inst/i_dev_if/i_clk/rx_clk_in_p
    K17                  IBUFDS (Prop_ibufds_I_O)     0.372     0.372 r  i_system_wrapper/system_i/axi_ad9361/inst/i_dev_if/i_clk/i_rx_clk_ibuf/O
                         net (fo=1, unplaced)         0.337     0.709    i_system_wrapper/system_i/axi_ad9361/inst/i_dev_if/i_clk/clk_ibuf_s
                         BUFG (Prop_bufg_I_O)         0.027     0.736 r  i_system_wrapper/system_i/axi_ad9361/inst/i_dev_if/i_clk/i_clk_gbuf/O
                         net (fo=9486, unplaced)      0.210     0.946    i_system_wrapper/system_i/util_ad9361_divclk/inst/clk
                         BUFR (Prop_bufr_I_O)         0.270     1.216 r  i_system_wrapper/system_i/util_ad9361_divclk/inst/clk_divide_sel_0/O
                         net (fo=1, unplaced)         0.114     1.330    i_system_wrapper/system_i/util_ad9361_divclk/inst/clk_div_sel_0_s
                         BUFGCTRL (Prop_bufgctrl_I0_O)
                                                      0.026     1.356 r  i_system_wrapper/system_i/util_ad9361_divclk/inst/i_div_clk_gbuf/O
                         net (fo=625, unplaced)       0.114     1.470    i_system_wrapper/system_i/util_ad9361_divclk_reset/U0/slowest_sync_clk
                         FDRE                                         r  i_system_wrapper/system_i/util_ad9361_divclk_reset/U0/ACTIVE_LOW_PR_OUT_DFF[0].FDRE_PER_N/C
  -------------------------------------------------------------------    -------------------
                         FDRE (Prop_fdre_C_Q)         0.147     1.617 r  i_system_wrapper/system_i/util_ad9361_divclk_reset/U0/ACTIVE_LOW_PR_OUT_DFF[0].FDRE_PER_N/Q
                         net (fo=2, unplaced)         0.136     1.752    i_system_wrapper/system_i/util_ad9361_adc_fifo/inst/dout_rstn
                         LUT1 (Prop_lut1_I0_O)        0.098     1.850 f  i_system_wrapper/system_i/util_ad9361_adc_fifo/inst/dout_enable[0]_i_1/O
                         net (fo=24, unplaced)        0.354     2.204    i_system_wrapper/system_i/util_ad9361_adc_fifo/inst/dout_enable[0]_i_1_n_0
                         FDCE                                         f  i_system_wrapper/system_i/util_ad9361_adc_fifo/inst/dout_enable_m1_reg[0]/CLR
  -------------------------------------------------------------------    -------------------

                         (clock clk_div_sel_0_s rise edge)
                                                      0.000     0.000 r  
    K17                                               0.000     0.000 r  rx_clk_in_p (IN)
                         net (fo=0)                   0.000     0.000    i_system_wrapper/system_i/axi_ad9361/inst/i_dev_if/i_clk/rx_clk_in_p
    K17                  IBUFDS (Prop_ibufds_I_O)     0.407     0.407 r  i_system_wrapper/system_i/axi_ad9361/inst/i_dev_if/i_clk/i_rx_clk_ibuf/O
                         net (fo=1, unplaced)         0.355     0.761    i_system_wrapper/system_i/axi_ad9361/inst/i_dev_if/i_clk/clk_ibuf_s
                         BUFG (Prop_bufg_I_O)         0.030     0.791 r  i_system_wrapper/system_i/axi_ad9361/inst/i_dev_if/i_clk/i_clk_gbuf/O
                         net (fo=9486, unplaced)      0.355     1.146    i_system_wrapper/system_i/util_ad9361_divclk/inst/clk
                         BUFR (Prop_bufr_I_O)         0.431     1.577 r  i_system_wrapper/system_i/util_ad9361_divclk/inst/clk_divide_sel_0/O
                         net (fo=1, unplaced)         0.259     1.836    i_system_wrapper/system_i/util_ad9361_divclk/inst/clk_div_sel_0_s
                         BUFGCTRL (Prop_bufgctrl_I0_O)
                                                      0.029     1.865 r  i_system_wrapper/system_i/util_ad9361_divclk/inst/i_div_clk_gbuf/O
                         net (fo=625, unplaced)       0.259     2.124    i_system_wrapper/system_i/util_ad9361_adc_fifo/inst/dout_clk
                         FDCE                                         r  i_system_wrapper/system_i/util_ad9361_adc_fifo/inst/dout_enable_m1_reg[0]/C
                         clock pessimism             -0.510     1.615    
                         FDCE (Remov_fdce_C_CLR)     -0.088     1.527    i_system_wrapper/system_i/util_ad9361_adc_fifo/inst/dout_enable_m1_reg[0]
  -------------------------------------------------------------------
                         required time                         -1.527    
                         arrival time                           2.204    
  -------------------------------------------------------------------
                         slack                                  0.678    





---------------------------------------------------------------------------------------------------
Path Group:  **async_default**
From Clock:  clk_div_sel_1_s
  To Clock:  clk_div_sel_1_s

Setup :            0  Failing Endpoints,  Worst Slack       13.487ns,  Total Violation        0.000ns
Hold  :            0  Failing Endpoints,  Worst Slack        0.678ns,  Total Violation        0.000ns
---------------------------------------------------------------------------------------------------


Max Delay Paths
--------------------------------------------------------------------------------------
Slack (MET) :             13.487ns  (required time - arrival time)
  Source:                 i_system_wrapper/system_i/util_ad9361_divclk_reset/U0/ACTIVE_LOW_PR_OUT_DFF[0].FDRE_PER_N/C
                            (rising edge-triggered cell FDRE clocked by clk_div_sel_1_s  {rise@0.000ns fall@8.000ns period=16.000ns})
  Destination:            i_system_wrapper/system_i/axi_ad9361_dac_fifo/inst/din_waddr_reg[2]/PRE
                            (recovery check against rising-edge clock clk_div_sel_1_s  {rise@0.000ns fall@8.000ns period=16.000ns})
  Path Group:             **async_default**
  Path Type:              Recovery (Max at Slow Process Corner)
  Requirement:            16.000ns  (clk_div_sel_1_s rise@16.000ns - clk_div_sel_1_s rise@0.000ns)
  Data Path Delay:        1.939ns  (logic 0.773ns (39.866%)  route 1.166ns (60.134%))
  Logic Levels:           1  (LUT1=1)
  Clock Path Skew:        -0.145ns (DCD - SCD + CPR)
    Destination Clock Delay (DCD):    4.294ns = ( 20.294 - 16.000 ) 
    Source Clock Delay      (SCD):    4.945ns
    Clock Pessimism Removal (CPR):    0.506ns
  Clock Uncertainty:      0.035ns  ((TSJ^2 + TIJ^2)^1/2 + DJ) / 2 + PE
    Total System Jitter     (TSJ):    0.071ns
    Total Input Jitter      (TIJ):    0.000ns
    Discrete Jitter          (DJ):    0.000ns
    Phase Error              (PE):    0.000ns

    Location             Delay type                Incr(ns)  Path(ns)    Netlist Resource(s)
  -------------------------------------------------------------------    -------------------
                         (clock clk_div_sel_1_s rise edge)
                                                      0.000     0.000 r  
    K17                                               0.000     0.000 r  rx_clk_in_p (IN)
                         net (fo=0)                   0.000     0.000    i_system_wrapper/system_i/axi_ad9361/inst/i_dev_if/i_clk/rx_clk_in_p
    K17                  IBUFDS (Prop_ibufds_I_O)     0.944     0.944 r  i_system_wrapper/system_i/axi_ad9361/inst/i_dev_if/i_clk/i_rx_clk_ibuf/O
                         net (fo=1, unplaced)         0.800     1.744    i_system_wrapper/system_i/axi_ad9361/inst/i_dev_if/i_clk/clk_ibuf_s
                         BUFG (Prop_bufg_I_O)         0.102     1.846 r  i_system_wrapper/system_i/axi_ad9361/inst/i_dev_if/i_clk/i_clk_gbuf/O
                         net (fo=9486, unplaced)      0.800     2.645    i_system_wrapper/system_i/util_ad9361_divclk/inst/clk
                         BUFR (Prop_bufr_I_O)         1.031     3.676 r  i_system_wrapper/system_i/util_ad9361_divclk/inst/clk_divide_sel_1/O
                         net (fo=1, unplaced)         0.584     4.260    i_system_wrapper/system_i/util_ad9361_divclk/inst/clk_div_sel_1_s
                         BUFGCTRL (Prop_bufgctrl_I1_O)
                                                      0.101     4.361 r  i_system_wrapper/system_i/util_ad9361_divclk/inst/i_div_clk_gbuf/O
                         net (fo=625, unplaced)       0.584     4.945    i_system_wrapper/system_i/util_ad9361_divclk_reset/U0/slowest_sync_clk
                         FDRE                                         r  i_system_wrapper/system_i/util_ad9361_divclk_reset/U0/ACTIVE_LOW_PR_OUT_DFF[0].FDRE_PER_N/C
  -------------------------------------------------------------------    -------------------
                         FDRE (Prop_fdre_C_Q)         0.478     5.423 r  i_system_wrapper/system_i/util_ad9361_divclk_reset/U0/ACTIVE_LOW_PR_OUT_DFF[0].FDRE_PER_N/Q
                         net (fo=2, unplaced)         0.322     5.745    i_system_wrapper/system_i/axi_ad9361_dac_fifo/inst/din_rstn
                         LUT1 (Prop_lut1_I0_O)        0.295     6.040 f  i_system_wrapper/system_i/axi_ad9361_dac_fifo/inst/din_enable[0]_i_1/O
                         net (fo=28, unplaced)        0.844     6.884    i_system_wrapper/system_i/axi_ad9361_dac_fifo/inst/din_enable[0]_i_1_n_0
                         FDPE                                         f  i_system_wrapper/system_i/axi_ad9361_dac_fifo/inst/din_waddr_reg[2]/PRE
  -------------------------------------------------------------------    -------------------

                         (clock clk_div_sel_1_s rise edge)
                                                     16.000    16.000 r  
    K17                                               0.000    16.000 r  rx_clk_in_p (IN)
                         net (fo=0)                   0.000    16.000    i_system_wrapper/system_i/axi_ad9361/inst/i_dev_if/i_clk/rx_clk_in_p
    K17                  IBUFDS (Prop_ibufds_I_O)     0.900    16.900 r  i_system_wrapper/system_i/axi_ad9361/inst/i_dev_if/i_clk/i_rx_clk_ibuf/O
                         net (fo=1, unplaced)         0.760    17.660    i_system_wrapper/system_i/axi_ad9361/inst/i_dev_if/i_clk/clk_ibuf_s
                         BUFG (Prop_bufg_I_O)         0.092    17.752 r  i_system_wrapper/system_i/axi_ad9361/inst/i_dev_if/i_clk/i_clk_gbuf/O
                         net (fo=9486, unplaced)      0.655    18.407    i_system_wrapper/system_i/util_ad9361_divclk/inst/clk
                         BUFR (Prop_bufr_I_O)         0.918    19.325 r  i_system_wrapper/system_i/util_ad9361_divclk/inst/clk_divide_sel_1/O
                         net (fo=1, unplaced)         0.439    19.764    i_system_wrapper/system_i/util_ad9361_divclk/inst/clk_div_sel_1_s
                         BUFGCTRL (Prop_bufgctrl_I1_O)
                                                      0.091    19.855 r  i_system_wrapper/system_i/util_ad9361_divclk/inst/i_div_clk_gbuf/O
                         net (fo=625, unplaced)       0.439    20.294    i_system_wrapper/system_i/axi_ad9361_dac_fifo/inst/din_clk
                         FDPE                                         r  i_system_wrapper/system_i/axi_ad9361_dac_fifo/inst/din_waddr_reg[2]/C
                         clock pessimism              0.506    20.800    
                         clock uncertainty           -0.035    20.765    
                         FDPE (Recov_fdpe_C_PRE)     -0.394    20.371    i_system_wrapper/system_i/axi_ad9361_dac_fifo/inst/din_waddr_reg[2]
  -------------------------------------------------------------------
                         required time                         20.371    
                         arrival time                          -6.884    
  -------------------------------------------------------------------
                         slack                                 13.487    





Min Delay Paths
--------------------------------------------------------------------------------------
Slack (MET) :             0.678ns  (arrival time - required time)
  Source:                 i_system_wrapper/system_i/util_ad9361_divclk_reset/U0/ACTIVE_LOW_PR_OUT_DFF[0].FDRE_PER_N/C
                            (rising edge-triggered cell FDRE clocked by clk_div_sel_1_s  {rise@0.000ns fall@8.000ns period=16.000ns})
  Destination:            i_system_wrapper/system_i/util_ad9361_adc_fifo/inst/dout_enable_m1_reg[0]/CLR
                            (removal check against rising-edge clock clk_div_sel_1_s  {rise@0.000ns fall@8.000ns period=16.000ns})
  Path Group:             **async_default**
  Path Type:              Removal (Min at Fast Process Corner)
  Requirement:            0.000ns  (clk_div_sel_1_s rise@0.000ns - clk_div_sel_1_s rise@0.000ns)
  Data Path Delay:        0.735ns  (logic 0.245ns (33.342%)  route 0.490ns (66.658%))
  Logic Levels:           1  (LUT1=1)
  Clock Path Skew:        0.145ns (DCD - SCD - CPR)
    Destination Clock Delay (DCD):    2.124ns
    Source Clock Delay      (SCD):    1.470ns
    Clock Pessimism Removal (CPR):    0.510ns

    Location             Delay type                Incr(ns)  Path(ns)    Netlist Resource(s)
  -------------------------------------------------------------------    -------------------
                         (clock clk_div_sel_1_s rise edge)
                                                      0.000     0.000 r  
    K17                                               0.000     0.000 r  rx_clk_in_p (IN)
                         net (fo=0)                   0.000     0.000    i_system_wrapper/system_i/axi_ad9361/inst/i_dev_if/i_clk/rx_clk_in_p
    K17                  IBUFDS (Prop_ibufds_I_O)     0.372     0.372 r  i_system_wrapper/system_i/axi_ad9361/inst/i_dev_if/i_clk/i_rx_clk_ibuf/O
                         net (fo=1, unplaced)         0.337     0.709    i_system_wrapper/system_i/axi_ad9361/inst/i_dev_if/i_clk/clk_ibuf_s
                         BUFG (Prop_bufg_I_O)         0.027     0.736 r  i_system_wrapper/system_i/axi_ad9361/inst/i_dev_if/i_clk/i_clk_gbuf/O
                         net (fo=9486, unplaced)      0.210     0.946    i_system_wrapper/system_i/util_ad9361_divclk/inst/clk
                         BUFR (Prop_bufr_I_O)         0.270     1.216 r  i_system_wrapper/system_i/util_ad9361_divclk/inst/clk_divide_sel_1/O
                         net (fo=1, unplaced)         0.114     1.330    i_system_wrapper/system_i/util_ad9361_divclk/inst/clk_div_sel_1_s
                         BUFGCTRL (Prop_bufgctrl_I1_O)
                                                      0.026     1.356 r  i_system_wrapper/system_i/util_ad9361_divclk/inst/i_div_clk_gbuf/O
                         net (fo=625, unplaced)       0.114     1.470    i_system_wrapper/system_i/util_ad9361_divclk_reset/U0/slowest_sync_clk
                         FDRE                                         r  i_system_wrapper/system_i/util_ad9361_divclk_reset/U0/ACTIVE_LOW_PR_OUT_DFF[0].FDRE_PER_N/C
  -------------------------------------------------------------------    -------------------
                         FDRE (Prop_fdre_C_Q)         0.147     1.617 r  i_system_wrapper/system_i/util_ad9361_divclk_reset/U0/ACTIVE_LOW_PR_OUT_DFF[0].FDRE_PER_N/Q
                         net (fo=2, unplaced)         0.136     1.752    i_system_wrapper/system_i/util_ad9361_adc_fifo/inst/dout_rstn
                         LUT1 (Prop_lut1_I0_O)        0.098     1.850 f  i_system_wrapper/system_i/util_ad9361_adc_fifo/inst/dout_enable[0]_i_1/O
                         net (fo=24, unplaced)        0.354     2.204    i_system_wrapper/system_i/util_ad9361_adc_fifo/inst/dout_enable[0]_i_1_n_0
                         FDCE                                         f  i_system_wrapper/system_i/util_ad9361_adc_fifo/inst/dout_enable_m1_reg[0]/CLR
  -------------------------------------------------------------------    -------------------

                         (clock clk_div_sel_1_s rise edge)
                                                      0.000     0.000 r  
    K17                                               0.000     0.000 r  rx_clk_in_p (IN)
                         net (fo=0)                   0.000     0.000    i_system_wrapper/system_i/axi_ad9361/inst/i_dev_if/i_clk/rx_clk_in_p
    K17                  IBUFDS (Prop_ibufds_I_O)     0.407     0.407 r  i_system_wrapper/system_i/axi_ad9361/inst/i_dev_if/i_clk/i_rx_clk_ibuf/O
                         net (fo=1, unplaced)         0.355     0.761    i_system_wrapper/system_i/axi_ad9361/inst/i_dev_if/i_clk/clk_ibuf_s
                         BUFG (Prop_bufg_I_O)         0.030     0.791 r  i_system_wrapper/system_i/axi_ad9361/inst/i_dev_if/i_clk/i_clk_gbuf/O
                         net (fo=9486, unplaced)      0.355     1.146    i_system_wrapper/system_i/util_ad9361_divclk/inst/clk
                         BUFR (Prop_bufr_I_O)         0.431     1.577 r  i_system_wrapper/system_i/util_ad9361_divclk/inst/clk_divide_sel_1/O
                         net (fo=1, unplaced)         0.259     1.836    i_system_wrapper/system_i/util_ad9361_divclk/inst/clk_div_sel_1_s
                         BUFGCTRL (Prop_bufgctrl_I1_O)
                                                      0.029     1.865 r  i_system_wrapper/system_i/util_ad9361_divclk/inst/i_div_clk_gbuf/O
                         net (fo=625, unplaced)       0.259     2.124    i_system_wrapper/system_i/util_ad9361_adc_fifo/inst/dout_clk
                         FDCE                                         r  i_system_wrapper/system_i/util_ad9361_adc_fifo/inst/dout_enable_m1_reg[0]/C
                         clock pessimism             -0.510     1.615    
                         FDCE (Remov_fdce_C_CLR)     -0.088     1.527    i_system_wrapper/system_i/util_ad9361_adc_fifo/inst/dout_enable_m1_reg[0]
  -------------------------------------------------------------------
                         required time                         -1.527    
                         arrival time                           2.204    
  -------------------------------------------------------------------
                         slack                                  0.678    





---------------------------------------------------------------------------------------------------
Path Group:  **async_default**
From Clock:  clk_fpga_0
  To Clock:  clk_fpga_0

Setup :            0  Failing Endpoints,  Worst Slack        7.207ns,  Total Violation        0.000ns
Hold  :            0  Failing Endpoints,  Worst Slack        0.742ns,  Total Violation        0.000ns
---------------------------------------------------------------------------------------------------


Max Delay Paths
--------------------------------------------------------------------------------------
Slack (MET) :             7.207ns  (required time - arrival time)
  Source:                 i_system_wrapper/system_i/sys_rstgen/U0/ACTIVE_LOW_PR_OUT_DFF[0].FDRE_PER_N/C
                            (rising edge-triggered cell FDRE clocked by clk_fpga_0  {rise@0.000ns fall@5.000ns period=10.000ns})
  Destination:            i_system_wrapper/system_i/axi_ad9361/inst/i_tx/i_up_dac_common/up_core_preset_reg/PRE
                            (recovery check against rising-edge clock clk_fpga_0  {rise@0.000ns fall@5.000ns period=10.000ns})
  Path Group:             **async_default**
  Path Type:              Recovery (Max at Slow Process Corner)
  Requirement:            10.000ns  (clk_fpga_0 rise@10.000ns - clk_fpga_0 rise@0.000ns)
  Data Path Delay:        2.100ns  (logic 0.773ns (36.810%)  route 1.327ns (63.190%))
  Logic Levels:           1  (LUT1=1)
  Clock Path Skew:        -0.145ns (DCD - SCD + CPR)
    Destination Clock Delay (DCD):    1.505ns = ( 11.505 - 10.000 ) 
    Source Clock Delay      (SCD):    1.700ns
    Clock Pessimism Removal (CPR):    0.050ns
  Clock Uncertainty:      0.154ns  ((TSJ^2 + TIJ^2)^1/2 + DJ) / 2 + PE
    Total System Jitter     (TSJ):    0.071ns
    Total Input Jitter      (TIJ):    0.300ns
    Discrete Jitter          (DJ):    0.000ns
    Phase Error              (PE):    0.000ns

    Location             Delay type                Incr(ns)  Path(ns)    Netlist Resource(s)
  -------------------------------------------------------------------    -------------------
                         (clock clk_fpga_0 rise edge)
                                                      0.000     0.000 r  
    PS7_X0Y0             PS7                          0.000     0.000 r  i_system_wrapper/system_i/sys_ps7/inst/PS7_i/FCLKCLK[0]
                         net (fo=1, unplaced)         0.800     0.800    i_system_wrapper/system_i/sys_ps7/inst/FCLK_CLK_unbuffered[0]
                         BUFG (Prop_bufg_I_O)         0.101     0.901 r  i_system_wrapper/system_i/sys_ps7/inst/buffer_fclk_clk_0.FCLK_CLK_0_BUFG/O
                         net (fo=7788, unplaced)      0.800     1.700    i_system_wrapper/system_i/sys_rstgen/U0/slowest_sync_clk
                         FDRE                                         r  i_system_wrapper/system_i/sys_rstgen/U0/ACTIVE_LOW_PR_OUT_DFF[0].FDRE_PER_N/C
  -------------------------------------------------------------------    -------------------
                         FDRE (Prop_fdre_C_Q)         0.478     2.178 r  i_system_wrapper/system_i/sys_rstgen/U0/ACTIVE_LOW_PR_OUT_DFF[0].FDRE_PER_N/Q
                         net (fo=103, unplaced)       0.411     2.589    i_system_wrapper/system_i/axi_ad9361/inst/i_tx/i_tx_channel_1/i_up_dac_channel/i_xfer_cntrl/s_axi_aresetn
                         LUT1 (Prop_lut1_I0_O)        0.295     2.884 f  i_system_wrapper/system_i/axi_ad9361/inst/i_tx/i_tx_channel_1/i_up_dac_channel/i_xfer_cntrl/up_axi_awready_int_i_1/O
                         net (fo=4380, unplaced)      0.916     3.800    i_system_wrapper/system_i/axi_ad9361/inst/i_tx/i_up_dac_common/up_xfer_toggle_m1_reg[0]
                         FDPE                                         f  i_system_wrapper/system_i/axi_ad9361/inst/i_tx/i_up_dac_common/up_core_preset_reg/PRE
  -------------------------------------------------------------------    -------------------

                         (clock clk_fpga_0 rise edge)
                                                     10.000    10.000 r  
    PS7_X0Y0             PS7                          0.000    10.000 r  i_system_wrapper/system_i/sys_ps7/inst/PS7_i/FCLKCLK[0]
                         net (fo=1, unplaced)         0.760    10.760    i_system_wrapper/system_i/sys_ps7/inst/FCLK_CLK_unbuffered[0]
                         BUFG (Prop_bufg_I_O)         0.091    10.851 r  i_system_wrapper/system_i/sys_ps7/inst/buffer_fclk_clk_0.FCLK_CLK_0_BUFG/O
                         net (fo=7788, unplaced)      0.655    11.505    i_system_wrapper/system_i/axi_ad9361/inst/i_tx/i_up_dac_common/s_axi_aclk
                         FDPE                                         r  i_system_wrapper/system_i/axi_ad9361/inst/i_tx/i_up_dac_common/up_core_preset_reg/C
                         clock pessimism              0.050    11.555    
                         clock uncertainty           -0.154    11.401    
                         FDPE (Recov_fdpe_C_PRE)     -0.394    11.007    i_system_wrapper/system_i/axi_ad9361/inst/i_tx/i_up_dac_common/up_core_preset_reg
  -------------------------------------------------------------------
                         required time                         11.007    
                         arrival time                          -3.800    
  -------------------------------------------------------------------
                         slack                                  7.207    





Min Delay Paths
--------------------------------------------------------------------------------------
Slack (MET) :             0.742ns  (arrival time - required time)
  Source:                 i_system_wrapper/system_i/sys_rstgen/U0/ACTIVE_LOW_PR_OUT_DFF[0].FDRE_PER_N/C
                            (rising edge-triggered cell FDRE clocked by clk_fpga_0  {rise@0.000ns fall@5.000ns period=10.000ns})
  Destination:            i_system_wrapper/system_i/axi_gpreg/inst/g_io[0].i_gpreg_io/up_gp_out_reg[0]/CLR
                            (removal check against rising-edge clock clk_fpga_0  {rise@0.000ns fall@5.000ns period=10.000ns})
  Path Group:             **async_default**
  Path Type:              Removal (Min at Fast Process Corner)
  Requirement:            0.000ns  (clk_fpga_0 rise@0.000ns - clk_fpga_0 rise@0.000ns)
  Data Path Delay:        0.799ns  (logic 0.245ns (30.668%)  route 0.554ns (69.332%))
  Logic Levels:           1  (LUT1=1)
  Clock Path Skew:        0.145ns (DCD - SCD - CPR)
    Destination Clock Delay (DCD):    0.739ns
    Source Clock Delay      (SCD):    0.573ns
    Clock Pessimism Removal (CPR):    0.021ns

    Location             Delay type                Incr(ns)  Path(ns)    Netlist Resource(s)
  -------------------------------------------------------------------    -------------------
                         (clock clk_fpga_0 rise edge)
                                                      0.000     0.000 r  
    PS7_X0Y0             PS7                          0.000     0.000 r  i_system_wrapper/system_i/sys_ps7/inst/PS7_i/FCLKCLK[0]
                         net (fo=1, unplaced)         0.337     0.337    i_system_wrapper/system_i/sys_ps7/inst/FCLK_CLK_unbuffered[0]
                         BUFG (Prop_bufg_I_O)         0.026     0.363 r  i_system_wrapper/system_i/sys_ps7/inst/buffer_fclk_clk_0.FCLK_CLK_0_BUFG/O
                         net (fo=7788, unplaced)      0.210     0.573    i_system_wrapper/system_i/sys_rstgen/U0/slowest_sync_clk
                         FDRE                                         r  i_system_wrapper/system_i/sys_rstgen/U0/ACTIVE_LOW_PR_OUT_DFF[0].FDRE_PER_N/C
  -------------------------------------------------------------------    -------------------
                         FDRE (Prop_fdre_C_Q)         0.147     0.720 r  i_system_wrapper/system_i/sys_rstgen/U0/ACTIVE_LOW_PR_OUT_DFF[0].FDRE_PER_N/Q
                         net (fo=103, unplaced)       0.173     0.893    i_system_wrapper/system_i/axi_gpreg/inst/i_up_axi/s_axi_aresetn
                         LUT1 (Prop_lut1_I0_O)        0.098     0.991 f  i_system_wrapper/system_i/axi_gpreg/inst/i_up_axi/up_gp_ioenb[31]_i_2/O
                         net (fo=298, unplaced)       0.381     1.372    i_system_wrapper/system_i/axi_gpreg/inst/g_io[0].i_gpreg_io/up_gp_ioenb_reg[31]_0
                         FDCE                                         f  i_system_wrapper/system_i/axi_gpreg/inst/g_io[0].i_gpreg_io/up_gp_out_reg[0]/CLR
  -------------------------------------------------------------------    -------------------

                         (clock clk_fpga_0 rise edge)
                                                      0.000     0.000 r  
    PS7_X0Y0             PS7                          0.000     0.000 r  i_system_wrapper/system_i/sys_ps7/inst/PS7_i/FCLKCLK[0]
                         net (fo=1, unplaced)         0.355     0.355    i_system_wrapper/system_i/sys_ps7/inst/FCLK_CLK_unbuffered[0]
                         BUFG (Prop_bufg_I_O)         0.029     0.384 r  i_system_wrapper/system_i/sys_ps7/inst/buffer_fclk_clk_0.FCLK_CLK_0_BUFG/O
                         net (fo=7788, unplaced)      0.355     0.739    i_system_wrapper/system_i/axi_gpreg/inst/g_io[0].i_gpreg_io/s_axi_aclk
                         FDCE                                         r  i_system_wrapper/system_i/axi_gpreg/inst/g_io[0].i_gpreg_io/up_gp_out_reg[0]/C
                         clock pessimism             -0.021     0.718    
                         FDCE (Remov_fdce_C_CLR)     -0.088     0.630    i_system_wrapper/system_i/axi_gpreg/inst/g_io[0].i_gpreg_io/up_gp_out_reg[0]
  -------------------------------------------------------------------
                         required time                         -0.630    
                         arrival time                           1.372    
  -------------------------------------------------------------------
                         slack                                  0.742    





---------------------------------------------------------------------------------------------------
Path Group:  **async_default**
From Clock:  rx_clk
  To Clock:  rx_clk

Setup :            0  Failing Endpoints,  Worst Slack        5.405ns,  Total Violation        0.000ns
Hold  :            0  Failing Endpoints,  Worst Slack        0.314ns,  Total Violation        0.000ns
---------------------------------------------------------------------------------------------------


Max Delay Paths
--------------------------------------------------------------------------------------
Slack (MET) :             5.405ns  (required time - arrival time)
  Source:                 i_system_wrapper/system_i/axi_ad9361/inst/i_rx/i_up_adc_common/i_xfer_cntrl/d_data_cntrl_int_reg[0]/C
                            (rising edge-triggered cell FDCE clocked by rx_clk  {rise@0.000ns fall@4.000ns period=8.000ns})
  Destination:            i_system_wrapper/system_i/axi_ad9361/inst/i_dev_if/enable_up_m1_reg/CLR
                            (recovery check against rising-edge clock rx_clk  {rise@0.000ns fall@4.000ns period=8.000ns})
  Path Group:             **async_default**
  Path Type:              Recovery (Max at Slow Process Corner)
  Requirement:            8.000ns  (rx_clk rise@8.000ns - rx_clk rise@0.000ns)
  Data Path Delay:        2.063ns  (logic 0.765ns (37.082%)  route 1.298ns (62.918%))
  Logic Levels:           1  (LUT1=1)
  Clock Path Skew:        -0.145ns (DCD - SCD + CPR)
    Destination Clock Delay (DCD):    2.407ns = ( 10.407 - 8.000 ) 
    Source Clock Delay      (SCD):    2.645ns
    Clock Pessimism Removal (CPR):    0.093ns
  Clock Uncertainty:      0.035ns  ((TSJ^2 + TIJ^2)^1/2 + DJ) / 2 + PE
    Total System Jitter     (TSJ):    0.071ns
    Total Input Jitter      (TIJ):    0.000ns
    Discrete Jitter          (DJ):    0.000ns
    Phase Error              (PE):    0.000ns

    Location             Delay type                Incr(ns)  Path(ns)    Netlist Resource(s)
  -------------------------------------------------------------------    -------------------
                         (clock rx_clk rise edge)     0.000     0.000 r  
    K17                                               0.000     0.000 r  rx_clk_in_p (IN)
                         net (fo=0)                   0.000     0.000    i_system_wrapper/system_i/axi_ad9361/inst/i_dev_if/i_clk/rx_clk_in_p
    K17                  IBUFDS (Prop_ibufds_I_O)     0.944     0.944 r  i_system_wrapper/system_i/axi_ad9361/inst/i_dev_if/i_clk/i_rx_clk_ibuf/O
                         net (fo=1, unplaced)         0.800     1.744    i_system_wrapper/system_i/axi_ad9361/inst/i_dev_if/i_clk/clk_ibuf_s
                         BUFG (Prop_bufg_I_O)         0.102     1.846 r  i_system_wrapper/system_i/axi_ad9361/inst/i_dev_if/i_clk/i_clk_gbuf/O
                         net (fo=9486, unplaced)      0.800     2.645    i_system_wrapper/system_i/axi_ad9361/inst/i_rx/i_up_adc_common/i_xfer_cntrl/clk
                         FDCE                                         r  i_system_wrapper/system_i/axi_ad9361/inst/i_rx/i_up_adc_common/i_xfer_cntrl/d_data_cntrl_int_reg[0]/C
  -------------------------------------------------------------------    -------------------
                         FDCE (Prop_fdce_C_Q)         0.478     3.123 r  i_system_wrapper/system_i/axi_ad9361/inst/i_rx/i_up_adc_common/i_xfer_cntrl/d_data_cntrl_int_reg[0]/Q
                         net (fo=32, unplaced)        0.382     3.505    i_system_wrapper/system_i/axi_ad9361/inst/i_rx/i_up_adc_common/i_xfer_cntrl/d_data_cntrl_int_reg[0]_0
                         LUT1 (Prop_lut1_I0_O)        0.287     3.792 f  i_system_wrapper/system_i/axi_ad9361/inst/i_rx/i_up_adc_common/i_xfer_cntrl/rst_INST_0/O
                         net (fo=987, unplaced)       0.916     4.708    i_system_wrapper/system_i/axi_ad9361/inst/i_dev_if/txnrx_up_m1_reg_0
                         FDCE                                         f  i_system_wrapper/system_i/axi_ad9361/inst/i_dev_if/enable_up_m1_reg/CLR
  -------------------------------------------------------------------    -------------------

                         (clock rx_clk rise edge)     8.000     8.000 r  
    K17                                               0.000     8.000 r  rx_clk_in_p (IN)
                         net (fo=0)                   0.000     8.000    i_system_wrapper/system_i/axi_ad9361/inst/i_dev_if/i_clk/rx_clk_in_p
    K17                  IBUFDS (Prop_ibufds_I_O)     0.900     8.900 r  i_system_wrapper/system_i/axi_ad9361/inst/i_dev_if/i_clk/i_rx_clk_ibuf/O
                         net (fo=1, unplaced)         0.760     9.660    i_system_wrapper/system_i/axi_ad9361/inst/i_dev_if/i_clk/clk_ibuf_s
                         BUFG (Prop_bufg_I_O)         0.092     9.752 r  i_system_wrapper/system_i/axi_ad9361/inst/i_dev_if/i_clk/i_clk_gbuf/O
                         net (fo=9486, unplaced)      0.655    10.407    i_system_wrapper/system_i/axi_ad9361/inst/i_dev_if/txnrx_int_reg_0
                         FDCE                                         r  i_system_wrapper/system_i/axi_ad9361/inst/i_dev_if/enable_up_m1_reg/C
                         clock pessimism              0.093    10.500    
                         clock uncertainty           -0.035    10.465    
                         FDCE (Recov_fdce_C_CLR)     -0.352    10.113    i_system_wrapper/system_i/axi_ad9361/inst/i_dev_if/enable_up_m1_reg
  -------------------------------------------------------------------
                         required time                         10.113    
                         arrival time                          -4.708    
  -------------------------------------------------------------------
                         slack                                  5.405    





Min Delay Paths
--------------------------------------------------------------------------------------
Slack (MET) :             0.314ns  (arrival time - required time)
  Source:                 i_system_wrapper/system_i/axi_ad9361/inst/i_rx/i_up_adc_common/i_core_rst_reg/rst_reg/C
                            (rising edge-triggered cell FDRE clocked by rx_clk  {rise@0.000ns fall@4.000ns period=8.000ns})
  Destination:            i_system_wrapper/system_i/axi_ad9361/inst/i_rx/i_up_adc_common/i_clock_mon/d_count_run_m1_reg/CLR
                            (removal check against rising-edge clock rx_clk  {rise@0.000ns fall@4.000ns period=8.000ns})
  Path Group:             **async_default**
  Path Type:              Removal (Min at Fast Process Corner)
  Requirement:            0.000ns  (rx_clk rise@0.000ns - rx_clk rise@0.000ns)
  Data Path Delay:        0.318ns  (logic 0.147ns (46.206%)  route 0.171ns (53.794%))
  Logic Levels:           0  
  Clock Path Skew:        0.145ns (DCD - SCD - CPR)
    Destination Clock Delay (DCD):    1.146ns
    Source Clock Delay      (SCD):    0.946ns
    Clock Pessimism Removal (CPR):    0.056ns

    Location             Delay type                Incr(ns)  Path(ns)    Netlist Resource(s)
  -------------------------------------------------------------------    -------------------
                         (clock rx_clk rise edge)     0.000     0.000 r  
    K17                                               0.000     0.000 r  rx_clk_in_p (IN)
                         net (fo=0)                   0.000     0.000    i_system_wrapper/system_i/axi_ad9361/inst/i_dev_if/i_clk/rx_clk_in_p
    K17                  IBUFDS (Prop_ibufds_I_O)     0.372     0.372 r  i_system_wrapper/system_i/axi_ad9361/inst/i_dev_if/i_clk/i_rx_clk_ibuf/O
                         net (fo=1, unplaced)         0.337     0.709    i_system_wrapper/system_i/axi_ad9361/inst/i_dev_if/i_clk/clk_ibuf_s
                         BUFG (Prop_bufg_I_O)         0.027     0.736 r  i_system_wrapper/system_i/axi_ad9361/inst/i_dev_if/i_clk/i_clk_gbuf/O
                         net (fo=9486, unplaced)      0.210     0.946    i_system_wrapper/system_i/axi_ad9361/inst/i_rx/i_up_adc_common/i_core_rst_reg/clk
                         FDRE                                         r  i_system_wrapper/system_i/axi_ad9361/inst/i_rx/i_up_adc_common/i_core_rst_reg/rst_reg/C
  -------------------------------------------------------------------    -------------------
                         FDRE (Prop_fdre_C_Q)         0.147     1.093 f  i_system_wrapper/system_i/axi_ad9361/inst/i_rx/i_up_adc_common/i_core_rst_reg/rst_reg/Q
                         net (fo=23, unplaced)        0.171     1.264    i_system_wrapper/system_i/axi_ad9361/inst/i_rx/i_up_adc_common/i_clock_mon/AR[0]
                         FDCE                                         f  i_system_wrapper/system_i/axi_ad9361/inst/i_rx/i_up_adc_common/i_clock_mon/d_count_run_m1_reg/CLR
  -------------------------------------------------------------------    -------------------

                         (clock rx_clk rise edge)     0.000     0.000 r  
    K17                                               0.000     0.000 r  rx_clk_in_p (IN)
                         net (fo=0)                   0.000     0.000    i_system_wrapper/system_i/axi_ad9361/inst/i_dev_if/i_clk/rx_clk_in_p
    K17                  IBUFDS (Prop_ibufds_I_O)     0.407     0.407 r  i_system_wrapper/system_i/axi_ad9361/inst/i_dev_if/i_clk/i_rx_clk_ibuf/O
                         net (fo=1, unplaced)         0.355     0.761    i_system_wrapper/system_i/axi_ad9361/inst/i_dev_if/i_clk/clk_ibuf_s
                         BUFG (Prop_bufg_I_O)         0.030     0.791 r  i_system_wrapper/system_i/axi_ad9361/inst/i_dev_if/i_clk/i_clk_gbuf/O
                         net (fo=9486, unplaced)      0.355     1.146    i_system_wrapper/system_i/axi_ad9361/inst/i_rx/i_up_adc_common/i_clock_mon/clk
                         FDCE                                         r  i_system_wrapper/system_i/axi_ad9361/inst/i_rx/i_up_adc_common/i_clock_mon/d_count_run_m1_reg/C
                         clock pessimism             -0.056     1.091    
                         FDCE (Remov_fdce_C_CLR)     -0.141     0.950    i_system_wrapper/system_i/axi_ad9361/inst/i_rx/i_up_adc_common/i_clock_mon/d_count_run_m1_reg
  -------------------------------------------------------------------
                         required time                         -0.950    
                         arrival time                           1.264    
  -------------------------------------------------------------------
                         slack                                  0.314    





