Copyright 1986-2022 Xilinx, Inc. All Rights Reserved. Copyright 2022-2023 Advanced Micro Devices, Inc. All Rights Reserved.
---------------------------------------------------------------------------------------------------------------------------------------------
| Tool Version : Vivado v.2023.2 (lin64) Build 4029153 Fri Oct 13 20:13:54 MDT 2023
| Date         : Thu Apr 16 14:24:08 2026
| Host         : Sevro running 64-bit Ubuntu 22.04.5 LTS
| Command      : report_timing_summary -warn_on_violation -file timing_impl.log
| Design       : system_top
| Device       : 7z020-clg400
| Speed File   : -1  PRODUCTION 1.12 2019-11-22
| Design State : Routed
---------------------------------------------------------------------------------------------------------------------------------------------

Timing Summary Report

------------------------------------------------------------------------------------------------
| Timer Settings
| --------------
------------------------------------------------------------------------------------------------

  Enable Multi Corner Analysis               :  Yes
  Enable Pessimism Removal                   :  Yes
  Pessimism Removal Resolution               :  Nearest Common Node
  Enable Input Delay Default Clock           :  No
  Enable Preset / Clear Arcs                 :  No
  Disable Flight Delays                      :  No
  Ignore I/O Paths                           :  No
  Timing Early Launch at Borrowing Latches   :  No
  Borrow Time for Max Delay Exceptions       :  Yes
  Merge Timing Exceptions                    :  Yes
  Inter-SLR Compensation                     :  Conservative

  Corner  Analyze    Analyze    
  Name    Max Paths  Min Paths  
  ------  ---------  ---------  
  Slow    Yes        Yes        
  Fast    Yes        Yes        


------------------------------------------------------------------------------------------------
| Report Methodology
| ------------------
------------------------------------------------------------------------------------------------

Rule       Severity          Description                                  Violations  
---------  ----------------  -------------------------------------------  ----------  
TIMING-54  Critical Warning  Scoped false path                            7           
CKBF-1     Warning           connects_I_driver_BUFR                       2           
TIMING-9   Warning           Unknown CDC Logic                            1           
TIMING-10  Warning           Missing property on synchronizer             1           
TIMING-18  Warning           Missing input or output delay                85          
XDCB-5     Warning           Runtime inefficient way to find pin objects  5           

Note: This report is based on the most recent report_methodology run and may not be up-to-date. Run report_methodology on the current design for the latest report.



check_timing report

Table of Contents
-----------------
1. checking no_clock (0)
2. checking constant_clock (0)
3. checking pulse_width_clock (0)
4. checking unconstrained_internal_endpoints (0)
5. checking no_input_delay (37)
6. checking no_output_delay (40)
7. checking multiple_clock (0)
8. checking generated_clocks (0)
9. checking loops (0)
10. checking partial_input_delay (0)
11. checking partial_output_delay (0)
12. checking latch_loops (0)

1. checking no_clock (0)
------------------------
 There are 0 register/latch pins with no clock.


2. checking constant_clock (0)
------------------------------
 There are 0 register/latch pins with constant_clock.


3. checking pulse_width_clock (0)
---------------------------------
 There are 0 register/latch pins which need pulse_width check


4. checking unconstrained_internal_endpoints (0)
------------------------------------------------
 There are 0 pins that are not constrained for maximum delay.

 There are 0 pins that are not constrained for maximum delay due to constant clock.


5. checking no_input_delay (37)
-------------------------------
 There are 37 input ports with no input delay specified. (HIGH)

 There are 0 input ports with no input delay but user has a false path constraint.


6. checking no_output_delay (40)
--------------------------------
 There are 40 ports with no output delay specified. (HIGH)

 There are 0 ports with no output delay but user has a false path constraint

 There are 0 ports with no output delay but with a timing clock defined on it or propagating through it


7. checking multiple_clock (0)
------------------------------
 There are 0 register/latch pins with multiple clocks.


8. checking generated_clocks (0)
--------------------------------
 There are 0 generated clocks that are not connected to a clock source.


9. checking loops (0)
---------------------
 There are 0 combinational loops in the design.


10. checking partial_input_delay (0)
------------------------------------
 There are 0 input ports with partial input delay specified.


11. checking partial_output_delay (0)
-------------------------------------
 There are 0 ports with partial output delay specified.


12. checking latch_loops (0)
----------------------------
 There are 0 combinational latch loops in the design through latch input



------------------------------------------------------------------------------------------------
| Design Timing Summary
| ---------------------
------------------------------------------------------------------------------------------------

    WNS(ns)      TNS(ns)  TNS Failing Endpoints  TNS Total Endpoints      WHS(ns)      THS(ns)  THS Failing Endpoints  THS Total Endpoints     WPWS(ns)     TPWS(ns)  TPWS Failing Endpoints  TPWS Total Endpoints  
    -------      -------  ---------------------  -------------------      -------      -------  ---------------------  -------------------     --------     --------  ----------------------  --------------------  
      1.199        0.000                      0                28385        0.017        0.000                      0                28315        0.264        0.000                       0                 13609  


All user specified timing constraints are met.


------------------------------------------------------------------------------------------------
| Clock Summary
| -------------
------------------------------------------------------------------------------------------------

Clock              Waveform(ns)         Period(ns)      Frequency(MHz)
-----              ------------         ----------      --------------
clk_fpga_0         {0.000 5.000}        10.000          100.000         
clk_fpga_1         {0.000 2.500}        5.000           200.000         
clk_fpga_2         {0.000 2.500}        5.000           200.000         
rx_clk             {0.000 4.000}        8.000           125.000         
  clk_div_sel_0_s  {0.000 16.000}       32.000          31.250          
  clk_div_sel_1_s  {0.000 8.000}        16.000          62.500          


------------------------------------------------------------------------------------------------
| Intra Clock Table
| -----------------
------------------------------------------------------------------------------------------------

Clock                  WNS(ns)      TNS(ns)  TNS Failing Endpoints  TNS Total Endpoints      WHS(ns)      THS(ns)  THS Failing Endpoints  THS Total Endpoints     WPWS(ns)     TPWS(ns)  TPWS Failing Endpoints  TPWS Total Endpoints  
-----                  -------      -------  ---------------------  -------------------      -------      -------  ---------------------  -------------------     --------     --------  ----------------------  --------------------  
clk_fpga_0               1.199        0.000                      0                15997        0.018        0.000                      0                15997        3.750        0.000                       0                  6831  
clk_fpga_1               3.738        0.000                      0                    4        0.122        0.000                      0                    4        0.264        0.000                       0                     7  
rx_clk                   1.826        0.000                      0                 7764        0.017        0.000                      0                 7764        3.020        0.000                       0                  6153  
  clk_div_sel_0_s       25.787        0.000                      0                 1338        0.047        0.000                      0                 1338       14.750        0.000                       0                   617  
  clk_div_sel_1_s        9.787        0.000                      0                 1338        0.047        0.000                      0                 1338        6.750        0.000                       0                   617  


------------------------------------------------------------------------------------------------
| Inter Clock Table
| -----------------
------------------------------------------------------------------------------------------------

From Clock       To Clock             WNS(ns)      TNS(ns)  TNS Failing Endpoints  TNS Total Endpoints      WHS(ns)      THS(ns)  THS Failing Endpoints  THS Total Endpoints  
----------       --------             -------      -------  ---------------------  -------------------      -------      -------  ---------------------  -------------------  
clk_div_sel_0_s  clk_fpga_0             6.504        0.000                      0                   61                                                                        
clk_div_sel_1_s  clk_fpga_0             6.504        0.000                      0                   61                                                                        
clk_fpga_0       clk_div_sel_0_s        8.585        0.000                      0                  131                                                                        
clk_fpga_0       clk_div_sel_1_s        8.585        0.000                      0                  131                                                                        


------------------------------------------------------------------------------------------------
| Other Path Groups Table
| -----------------------
------------------------------------------------------------------------------------------------

Path Group         From Clock         To Clock               WNS(ns)      TNS(ns)  TNS Failing Endpoints  TNS Total Endpoints      WHS(ns)      THS(ns)  THS Failing Endpoints  THS Total Endpoints  
----------         ----------         --------               -------      -------  ---------------------  -------------------      -------      -------  ---------------------  -------------------  
**async_default**  clk_div_sel_0_s    clk_div_sel_0_s         28.327        0.000                      0                   52        0.706        0.000                      0                   52  
**async_default**  clk_div_sel_1_s    clk_div_sel_1_s         12.327        0.000                      0                   52        0.706        0.000                      0                   52  
**async_default**  clk_fpga_0         clk_fpga_0               2.485        0.000                      0                 1906        1.870        0.000                      0                 1906  
**async_default**  rx_clk             rx_clk                   1.813        0.000                      0                 1254        0.424        0.000                      0                 1254  


------------------------------------------------------------------------------------------------
| Timing Details
| --------------
------------------------------------------------------------------------------------------------


---------------------------------------------------------------------------------------------------
From Clock:  clk_fpga_0
  To Clock:  clk_fpga_0

Setup :            0  Failing Endpoints,  Worst Slack        1.199ns,  Total Violation        0.000ns
Hold  :            0  Failing Endpoints,  Worst Slack        0.018ns,  Total Violation        0.000ns
PW    :            0  Failing Endpoints,  Worst Slack        3.750ns,  Total Violation        0.000ns
---------------------------------------------------------------------------------------------------


Max Delay Paths
--------------------------------------------------------------------------------------
Slack (MET) :             1.199ns  (required time - arrival time)
  Source:                 i_system_wrapper/system_i/axi_ad9361/inst/i_up_axi/up_wdata_int_reg[9]/C
                            (rising edge-triggered cell FDRE clocked by clk_fpga_0  {rise@0.000ns fall@5.000ns period=10.000ns})
  Destination:            i_system_wrapper/system_i/axi_ad9361/inst/i_tdd/i_up_tdd_cntrl/up_tdd_rx_off_1_reg[9]/D
                            (rising edge-triggered cell FDCE clocked by clk_fpga_0  {rise@0.000ns fall@5.000ns period=10.000ns})
  Path Group:             clk_fpga_0
  Path Type:              Setup (Max at Slow Process Corner)
  Requirement:            10.000ns  (clk_fpga_0 rise@10.000ns - clk_fpga_0 rise@0.000ns)
  Data Path Delay:        8.432ns  (logic 0.478ns (5.669%)  route 7.954ns (94.331%))
  Logic Levels:           0  
  Clock Path Skew:        0.026ns (DCD - SCD + CPR)
    Destination Clock Delay (DCD):    2.831ns = ( 12.831 - 10.000 ) 
    Source Clock Delay      (SCD):    2.934ns
    Clock Pessimism Removal (CPR):    0.129ns
  Clock Uncertainty:      0.154ns  ((TSJ^2 + TIJ^2)^1/2 + DJ) / 2 + PE
    Total System Jitter     (TSJ):    0.071ns
    Total Input Jitter      (TIJ):    0.300ns
    Discrete Jitter          (DJ):    0.000ns
    Phase Error              (PE):    0.000ns

    Location             Delay type                Incr(ns)  Path(ns)    Netlist Resource(s)
  -------------------------------------------------------------------    -------------------
                         (clock clk_fpga_0 rise edge)
                                                      0.000     0.000 r  
    PS7_X0Y0             PS7                          0.000     0.000 r  i_system_wrapper/system_i/sys_ps7/inst/PS7_i/FCLKCLK[0]
                         net (fo=1, routed)           1.193     1.193    i_system_wrapper/system_i/sys_ps7/inst/FCLK_CLK_unbuffered[0]
    BUFGCTRL_X0Y16       BUFG (Prop_bufg_I_O)         0.101     1.294 r  i_system_wrapper/system_i/sys_ps7/inst/buffer_fclk_clk_0.FCLK_CLK_0_BUFG/O
                         net (fo=6833, routed)        1.640     2.934    i_system_wrapper/system_i/axi_ad9361/inst/i_up_axi/s_axi_aclk
    SLICE_X50Y97         FDRE                                         r  i_system_wrapper/system_i/axi_ad9361/inst/i_up_axi/up_wdata_int_reg[9]/C
  -------------------------------------------------------------------    -------------------
    SLICE_X50Y97         FDRE (Prop_fdre_C_Q)         0.478     3.412 r  i_system_wrapper/system_i/axi_ad9361/inst/i_up_axi/up_wdata_int_reg[9]/Q
                         net (fo=65, routed)          7.954    11.366    i_system_wrapper/system_i/axi_ad9361/inst/i_tdd/i_up_tdd_cntrl/Q[9]
    SLICE_X45Y143        FDCE                                         r  i_system_wrapper/system_i/axi_ad9361/inst/i_tdd/i_up_tdd_cntrl/up_tdd_rx_off_1_reg[9]/D
  -------------------------------------------------------------------    -------------------

                         (clock clk_fpga_0 rise edge)
                                                     10.000    10.000 r  
    PS7_X0Y0             PS7                          0.000    10.000 r  i_system_wrapper/system_i/sys_ps7/inst/PS7_i/FCLKCLK[0]
                         net (fo=1, routed)           1.088    11.088    i_system_wrapper/system_i/sys_ps7/inst/FCLK_CLK_unbuffered[0]
    BUFGCTRL_X0Y16       BUFG (Prop_bufg_I_O)         0.091    11.179 r  i_system_wrapper/system_i/sys_ps7/inst/buffer_fclk_clk_0.FCLK_CLK_0_BUFG/O
                         net (fo=6833, routed)        1.652    12.831    i_system_wrapper/system_i/axi_ad9361/inst/i_tdd/i_up_tdd_cntrl/s_axi_aclk
    SLICE_X45Y143        FDCE                                         r  i_system_wrapper/system_i/axi_ad9361/inst/i_tdd/i_up_tdd_cntrl/up_tdd_rx_off_1_reg[9]/C
                         clock pessimism              0.129    12.960    
                         clock uncertainty           -0.154    12.806    
    SLICE_X45Y143        FDCE (Setup_fdce_C_D)       -0.241    12.565    i_system_wrapper/system_i/axi_ad9361/inst/i_tdd/i_up_tdd_cntrl/up_tdd_rx_off_1_reg[9]
  -------------------------------------------------------------------
                         required time                         12.565    
                         arrival time                         -11.366    
  -------------------------------------------------------------------
                         slack                                  1.199    





Min Delay Paths
--------------------------------------------------------------------------------------
Slack (MET) :             0.018ns  (arrival time - required time)
  Source:                 i_system_wrapper/system_i/axi_ad9361/inst/i_rx/i_rx_channel_1/i_up_adc_channel/up_adc_iqcor_coeff_tc_1_reg[10]/C
                            (rising edge-triggered cell FDRE clocked by clk_fpga_0  {rise@0.000ns fall@5.000ns period=10.000ns})
  Destination:            i_system_wrapper/system_i/axi_ad9361/inst/i_rx/i_rx_channel_1/i_up_adc_channel/i_xfer_cntrl/up_xfer_data_reg[37]/D
                            (rising edge-triggered cell FDRE clocked by clk_fpga_0  {rise@0.000ns fall@5.000ns period=10.000ns})
  Path Group:             clk_fpga_0
  Path Type:              Hold (Min at Fast Process Corner)
  Requirement:            0.000ns  (clk_fpga_0 rise@0.000ns - clk_fpga_0 rise@0.000ns)
  Data Path Delay:        0.334ns  (logic 0.141ns (42.263%)  route 0.193ns (57.737%))
  Logic Levels:           0  
  Clock Path Skew:        0.268ns (DCD - SCD - CPR)
    Destination Clock Delay (DCD):    1.276ns
    Source Clock Delay      (SCD):    0.969ns
    Clock Pessimism Removal (CPR):    0.039ns

    Location             Delay type                Incr(ns)  Path(ns)    Netlist Resource(s)
  -------------------------------------------------------------------    -------------------
                         (clock clk_fpga_0 rise edge)
                                                      0.000     0.000 r  
    PS7_X0Y0             PS7                          0.000     0.000 r  i_system_wrapper/system_i/sys_ps7/inst/PS7_i/FCLKCLK[0]
                         net (fo=1, routed)           0.310     0.310    i_system_wrapper/system_i/sys_ps7/inst/FCLK_CLK_unbuffered[0]
    BUFGCTRL_X0Y16       BUFG (Prop_bufg_I_O)         0.026     0.336 r  i_system_wrapper/system_i/sys_ps7/inst/buffer_fclk_clk_0.FCLK_CLK_0_BUFG/O
                         net (fo=6833, routed)        0.633     0.969    i_system_wrapper/system_i/axi_ad9361/inst/i_rx/i_rx_channel_1/i_up_adc_channel/s_axi_aclk
    SLICE_X53Y107        FDRE                                         r  i_system_wrapper/system_i/axi_ad9361/inst/i_rx/i_rx_channel_1/i_up_adc_channel/up_adc_iqcor_coeff_tc_1_reg[10]/C
  -------------------------------------------------------------------    -------------------
    SLICE_X53Y107        FDRE (Prop_fdre_C_Q)         0.141     1.110 r  i_system_wrapper/system_i/axi_ad9361/inst/i_rx/i_rx_channel_1/i_up_adc_channel/up_adc_iqcor_coeff_tc_1_reg[10]/Q
                         net (fo=1, routed)           0.193     1.303    i_system_wrapper/system_i/axi_ad9361/inst/i_rx/i_rx_channel_1/i_up_adc_channel/i_xfer_cntrl/up_xfer_data_reg[80]_0[34]
    SLICE_X49Y106        FDRE                                         r  i_system_wrapper/system_i/axi_ad9361/inst/i_rx/i_rx_channel_1/i_up_adc_channel/i_xfer_cntrl/up_xfer_data_reg[37]/D
  -------------------------------------------------------------------    -------------------

                         (clock clk_fpga_0 rise edge)
                                                      0.000     0.000 r  
    PS7_X0Y0             PS7                          0.000     0.000 r  i_system_wrapper/system_i/sys_ps7/inst/PS7_i/FCLKCLK[0]
                         net (fo=1, routed)           0.337     0.337    i_system_wrapper/system_i/sys_ps7/inst/FCLK_CLK_unbuffered[0]
    BUFGCTRL_X0Y16       BUFG (Prop_bufg_I_O)         0.029     0.366 r  i_system_wrapper/system_i/sys_ps7/inst/buffer_fclk_clk_0.FCLK_CLK_0_BUFG/O
                         net (fo=6833, routed)        0.910     1.276    i_system_wrapper/system_i/axi_ad9361/inst/i_rx/i_rx_channel_1/i_up_adc_channel/i_xfer_cntrl/s_axi_aclk
    SLICE_X49Y106        FDRE                                         r  i_system_wrapper/system_i/axi_ad9361/inst/i_rx/i_rx_channel_1/i_up_adc_channel/i_xfer_cntrl/up_xfer_data_reg[37]/C
                         clock pessimism             -0.039     1.237    
    SLICE_X49Y106        FDRE (Hold_fdre_C_D)         0.047     1.284    i_system_wrapper/system_i/axi_ad9361/inst/i_rx/i_rx_channel_1/i_up_adc_channel/i_xfer_cntrl/up_xfer_data_reg[37]
  -------------------------------------------------------------------
                         required time                         -1.284    
                         arrival time                           1.303    
  -------------------------------------------------------------------
                         slack                                  0.018    





Pulse Width Checks
--------------------------------------------------------------------------------------
Clock Name:         clk_fpga_0
Waveform(ns):       { 0.000 5.000 }
Period(ns):         10.000
Sources:            { i_system_wrapper/system_i/sys_ps7/inst/PS7_i/FCLKCLK[0] }

Check Type        Corner  Lib Pin             Reference Pin  Required(ns)  Actual(ns)  Slack(ns)  Location      Pin
Min Period        n/a     RAMB36E1/CLKARDCLK  n/a            2.576         10.000      7.424      RAMB36_X2Y11  i_system_wrapper/system_i/axi_ad9361_adc_dma/inst/i_transfer/i_request_arb/i_store_and_forward/i_mem/m_ram_reg/CLKARDCLK
Low Pulse Width   Slow    RAMD32/CLK          n/a            1.250         5.000       3.750      SLICE_X38Y69  i_system_wrapper/system_i/axi_ad9361_adc_dma/inst/i_regmap/i_regmap_request/i_transfer_lenghts_fifo/fifo.sync_clocks.ram_reg_0_3_0_5/RAMA/CLK
High Pulse Width  Slow    RAMD32/CLK          n/a            1.250         5.000       3.750      SLICE_X38Y69  i_system_wrapper/system_i/axi_ad9361_adc_dma/inst/i_regmap/i_regmap_request/i_transfer_lenghts_fifo/fifo.sync_clocks.ram_reg_0_3_0_5/RAMA/CLK



---------------------------------------------------------------------------------------------------
From Clock:  clk_fpga_1
  To Clock:  clk_fpga_1

Setup :            0  Failing Endpoints,  Worst Slack        3.738ns,  Total Violation        0.000ns
Hold  :            0  Failing Endpoints,  Worst Slack        0.122ns,  Total Violation        0.000ns
PW    :            0  Failing Endpoints,  Worst Slack        0.264ns,  Total Violation        0.000ns
---------------------------------------------------------------------------------------------------


Max Delay Paths
--------------------------------------------------------------------------------------
Slack (MET) :             3.738ns  (required time - arrival time)
  Source:                 i_system_wrapper/system_i/axi_ad9361/inst/i_rx/i_delay_cntrl/i_delay_rst_reg/rst_sync_d_reg/C
                            (rising edge-triggered cell FDRE clocked by clk_fpga_1  {rise@0.000ns fall@2.500ns period=5.000ns})
  Destination:            i_system_wrapper/system_i/axi_ad9361/inst/i_rx/i_delay_cntrl/i_delay_rst_reg/rst_reg/D
                            (rising edge-triggered cell FDRE clocked by clk_fpga_1  {rise@0.000ns fall@2.500ns period=5.000ns})
  Path Group:             clk_fpga_1
  Path Type:              Setup (Max at Slow Process Corner)
  Requirement:            5.000ns  (clk_fpga_1 rise@5.000ns - clk_fpga_1 rise@0.000ns)
  Data Path Delay:        1.112ns  (logic 0.456ns (40.994%)  route 0.656ns (59.006%))
  Logic Levels:           0  
  Clock Path Skew:        0.000ns (DCD - SCD + CPR)
    Destination Clock Delay (DCD):    3.022ns = ( 8.022 - 5.000 ) 
    Source Clock Delay      (SCD):    3.331ns
    Clock Pessimism Removal (CPR):    0.309ns
  Clock Uncertainty:      0.083ns  ((TSJ^2 + TIJ^2)^1/2 + DJ) / 2 + PE
    Total System Jitter     (TSJ):    0.071ns
    Total Input Jitter      (TIJ):    0.150ns
    Discrete Jitter          (DJ):    0.000ns
    Phase Error              (PE):    0.000ns

    Location             Delay type                Incr(ns)  Path(ns)    Netlist Resource(s)
  -------------------------------------------------------------------    -------------------
                         (clock clk_fpga_1 rise edge)
                                                      0.000     0.000 r  
    PS7_X0Y0             PS7                          0.000     0.000 r  i_system_wrapper/system_i/sys_ps7/inst/PS7_i/FCLKCLK[1]
                         net (fo=1, routed)           1.193     1.193    i_system_wrapper/system_i/sys_ps7/inst/FCLK_CLK_unbuffered[1]
    BUFGCTRL_X0Y18       BUFG (Prop_bufg_I_O)         0.101     1.294 r  i_system_wrapper/system_i/sys_ps7/inst/buffer_fclk_clk_1.FCLK_CLK_1_BUFG/O
                         net (fo=6, routed)           2.037     3.331    i_system_wrapper/system_i/axi_ad9361/inst/i_rx/i_delay_cntrl/i_delay_rst_reg/delay_clk
    SLICE_X113Y125       FDRE                                         r  i_system_wrapper/system_i/axi_ad9361/inst/i_rx/i_delay_cntrl/i_delay_rst_reg/rst_sync_d_reg/C
  -------------------------------------------------------------------    -------------------
    SLICE_X113Y125       FDRE (Prop_fdre_C_Q)         0.456     3.787 r  i_system_wrapper/system_i/axi_ad9361/inst/i_rx/i_delay_cntrl/i_delay_rst_reg/rst_sync_d_reg/Q
                         net (fo=1, routed)           0.656     4.443    i_system_wrapper/system_i/axi_ad9361/inst/i_rx/i_delay_cntrl/i_delay_rst_reg/rst_sync_d
    SLICE_X113Y125       FDRE                                         r  i_system_wrapper/system_i/axi_ad9361/inst/i_rx/i_delay_cntrl/i_delay_rst_reg/rst_reg/D
  -------------------------------------------------------------------    -------------------

                         (clock clk_fpga_1 rise edge)
                                                      5.000     5.000 r  
    PS7_X0Y0             PS7                          0.000     5.000 r  i_system_wrapper/system_i/sys_ps7/inst/PS7_i/FCLKCLK[1]
                         net (fo=1, routed)           1.088     6.088    i_system_wrapper/system_i/sys_ps7/inst/FCLK_CLK_unbuffered[1]
    BUFGCTRL_X0Y18       BUFG (Prop_bufg_I_O)         0.091     6.179 r  i_system_wrapper/system_i/sys_ps7/inst/buffer_fclk_clk_1.FCLK_CLK_1_BUFG/O
                         net (fo=6, routed)           1.843     8.022    i_system_wrapper/system_i/axi_ad9361/inst/i_rx/i_delay_cntrl/i_delay_rst_reg/delay_clk
    SLICE_X113Y125       FDRE                                         r  i_system_wrapper/system_i/axi_ad9361/inst/i_rx/i_delay_cntrl/i_delay_rst_reg/rst_reg/C
                         clock pessimism              0.309     8.331    
                         clock uncertainty           -0.083     8.248    
    SLICE_X113Y125       FDRE (Setup_fdre_C_D)       -0.067     8.181    i_system_wrapper/system_i/axi_ad9361/inst/i_rx/i_delay_cntrl/i_delay_rst_reg/rst_reg
  -------------------------------------------------------------------
                         required time                          8.181    
                         arrival time                          -4.443    
  -------------------------------------------------------------------
                         slack                                  3.738    





Min Delay Paths
--------------------------------------------------------------------------------------
Slack (MET) :             0.122ns  (arrival time - required time)
  Source:                 i_system_wrapper/system_i/axi_ad9361/inst/i_rx/i_delay_cntrl/i_delay_rst_reg/rst_async_d1_reg/C
                            (rising edge-triggered cell FDPE clocked by clk_fpga_1  {rise@0.000ns fall@2.500ns period=5.000ns})
  Destination:            i_system_wrapper/system_i/axi_ad9361/inst/i_rx/i_delay_cntrl/i_delay_rst_reg/rst_async_d2_reg/D
                            (rising edge-triggered cell FDPE clocked by clk_fpga_1  {rise@0.000ns fall@2.500ns period=5.000ns})
  Path Group:             clk_fpga_1
  Path Type:              Hold (Min at Fast Process Corner)
  Requirement:            0.000ns  (clk_fpga_1 rise@0.000ns - clk_fpga_1 rise@0.000ns)
  Data Path Delay:        0.197ns  (logic 0.141ns (71.611%)  route 0.056ns (28.389%))
  Logic Levels:           0  
  Clock Path Skew:        0.000ns (DCD - SCD - CPR)
    Destination Clock Delay (DCD):    1.344ns
    Source Clock Delay      (SCD):    1.041ns
    Clock Pessimism Removal (CPR):    0.303ns

    Location             Delay type                Incr(ns)  Path(ns)    Netlist Resource(s)
  -------------------------------------------------------------------    -------------------
                         (clock clk_fpga_1 rise edge)
                                                      0.000     0.000 r  
    PS7_X0Y0             PS7                          0.000     0.000 r  i_system_wrapper/system_i/sys_ps7/inst/PS7_i/FCLKCLK[1]
                         net (fo=1, routed)           0.310     0.310    i_system_wrapper/system_i/sys_ps7/inst/FCLK_CLK_unbuffered[1]
    BUFGCTRL_X0Y18       BUFG (Prop_bufg_I_O)         0.026     0.336 r  i_system_wrapper/system_i/sys_ps7/inst/buffer_fclk_clk_1.FCLK_CLK_1_BUFG/O
                         net (fo=6, routed)           0.705     1.041    i_system_wrapper/system_i/axi_ad9361/inst/i_rx/i_delay_cntrl/i_delay_rst_reg/delay_clk
    SLICE_X111Y125       FDPE                                         r  i_system_wrapper/system_i/axi_ad9361/inst/i_rx/i_delay_cntrl/i_delay_rst_reg/rst_async_d1_reg/C
  -------------------------------------------------------------------    -------------------
    SLICE_X111Y125       FDPE (Prop_fdpe_C_Q)         0.141     1.182 r  i_system_wrapper/system_i/axi_ad9361/inst/i_rx/i_delay_cntrl/i_delay_rst_reg/rst_async_d1_reg/Q
                         net (fo=1, routed)           0.056     1.238    i_system_wrapper/system_i/axi_ad9361/inst/i_rx/i_delay_cntrl/i_delay_rst_reg/rst_async_d1
    SLICE_X111Y125       FDPE                                         r  i_system_wrapper/system_i/axi_ad9361/inst/i_rx/i_delay_cntrl/i_delay_rst_reg/rst_async_d2_reg/D
  -------------------------------------------------------------------    -------------------

                         (clock clk_fpga_1 rise edge)
                                                      0.000     0.000 r  
    PS7_X0Y0             PS7                          0.000     0.000 r  i_system_wrapper/system_i/sys_ps7/inst/PS7_i/FCLKCLK[1]
                         net (fo=1, routed)           0.337     0.337    i_system_wrapper/system_i/sys_ps7/inst/FCLK_CLK_unbuffered[1]
    BUFGCTRL_X0Y18       BUFG (Prop_bufg_I_O)         0.029     0.366 r  i_system_wrapper/system_i/sys_ps7/inst/buffer_fclk_clk_1.FCLK_CLK_1_BUFG/O
                         net (fo=6, routed)           0.978     1.344    i_system_wrapper/system_i/axi_ad9361/inst/i_rx/i_delay_cntrl/i_delay_rst_reg/delay_clk
    SLICE_X111Y125       FDPE                                         r  i_system_wrapper/system_i/axi_ad9361/inst/i_rx/i_delay_cntrl/i_delay_rst_reg/rst_async_d2_reg/C
                         clock pessimism             -0.303     1.041    
    SLICE_X111Y125       FDPE (Hold_fdpe_C_D)         0.075     1.116    i_system_wrapper/system_i/axi_ad9361/inst/i_rx/i_delay_cntrl/i_delay_rst_reg/rst_async_d2_reg
  -------------------------------------------------------------------
                         required time                         -1.116    
                         arrival time                           1.238    
  -------------------------------------------------------------------
                         slack                                  0.122    





Pulse Width Checks
--------------------------------------------------------------------------------------
Clock Name:         clk_fpga_1
Waveform(ns):       { 0.000 2.500 }
Period(ns):         5.000
Sources:            { i_system_wrapper/system_i/sys_ps7/inst/PS7_i/FCLKCLK[1] }

Check Type        Corner  Lib Pin            Reference Pin  Required(ns)  Actual(ns)  Slack(ns)  Location         Pin
Min Period        n/a     IDELAYCTRL/REFCLK  n/a            3.225         5.000       1.775      IDELAYCTRL_X1Y2  i_system_wrapper/system_i/axi_ad9361/inst/i_dev_if/i_rx_frame/i_delay_ctrl/REFCLK
Max Period        n/a     IDELAYCTRL/REFCLK  n/a            5.264         5.000       0.264      IDELAYCTRL_X1Y2  i_system_wrapper/system_i/axi_ad9361/inst/i_dev_if/i_rx_frame/i_delay_ctrl/REFCLK
Low Pulse Width   Slow    FDPE/C             n/a            0.500         2.500       2.000      SLICE_X111Y125   i_system_wrapper/system_i/axi_ad9361/inst/i_rx/i_delay_cntrl/i_delay_rst_reg/rst_async_d1_reg/C
High Pulse Width  Slow    FDPE/C             n/a            0.500         2.500       2.000      SLICE_X111Y125   i_system_wrapper/system_i/axi_ad9361/inst/i_rx/i_delay_cntrl/i_delay_rst_reg/rst_async_d1_reg/C



---------------------------------------------------------------------------------------------------
From Clock:  rx_clk
  To Clock:  rx_clk

Setup :            0  Failing Endpoints,  Worst Slack        1.826ns,  Total Violation        0.000ns
Hold  :            0  Failing Endpoints,  Worst Slack        0.017ns,  Total Violation        0.000ns
PW    :            0  Failing Endpoints,  Worst Slack        3.020ns,  Total Violation        0.000ns
---------------------------------------------------------------------------------------------------


Max Delay Paths
--------------------------------------------------------------------------------------
Slack (MET) :             1.826ns  (required time - arrival time)
  Source:                 i_system_wrapper/system_i/axi_ad9361/inst/i_rx/i_up_adc_common/i_xfer_cntrl/d_data_cntrl_int_reg[0]/C
                            (rising edge-triggered cell FDCE clocked by rx_clk  {rise@0.000ns fall@4.000ns period=8.000ns})
  Destination:            i_system_wrapper/system_i/axi_ad9361_dac_fifo/inst/g_out[0].dout_data_reg[5]/R
                            (rising edge-triggered cell FDRE clocked by rx_clk  {rise@0.000ns fall@4.000ns period=8.000ns})
  Path Group:             rx_clk
  Path Type:              Setup (Max at Slow Process Corner)
  Requirement:            8.000ns  (rx_clk rise@8.000ns - rx_clk rise@0.000ns)
  Data Path Delay:        5.438ns  (logic 0.580ns (10.665%)  route 4.858ns (89.335%))
  Logic Levels:           1  (LUT1=1)
  Clock Path Skew:        -0.271ns (DCD - SCD + CPR)
    Destination Clock Delay (DCD):    4.817ns = ( 12.817 - 8.000 ) 
    Source Clock Delay      (SCD):    5.385ns
    Clock Pessimism Removal (CPR):    0.296ns
  Clock Uncertainty:      0.035ns  ((TSJ^2 + TIJ^2)^1/2 + DJ) / 2 + PE
    Total System Jitter     (TSJ):    0.071ns
    Total Input Jitter      (TIJ):    0.000ns
    Discrete Jitter          (DJ):    0.000ns
    Phase Error              (PE):    0.000ns

    Location             Delay type                Incr(ns)  Path(ns)    Netlist Resource(s)
  -------------------------------------------------------------------    -------------------
                         (clock rx_clk rise edge)     0.000     0.000 r  
    K17                                               0.000     0.000 r  rx_clk_in_p (IN)
                         net (fo=0)                   0.000     0.000    i_system_wrapper/system_i/axi_ad9361/inst/i_dev_if/i_clk/rx_clk_in_p
    K17                  IBUFDS (Prop_ibufds_I_O)     0.944     0.944 r  i_system_wrapper/system_i/axi_ad9361/inst/i_dev_if/i_clk/i_rx_clk_ibuf/O
                         net (fo=1, routed)           2.522     3.466    i_system_wrapper/system_i/axi_ad9361/inst/i_dev_if/i_clk/clk_ibuf_s
    BUFGCTRL_X0Y17       BUFG (Prop_bufg_I_O)         0.102     3.568 r  i_system_wrapper/system_i/axi_ad9361/inst/i_dev_if/i_clk/i_clk_gbuf/O
                         net (fo=6152, routed)        1.817     5.385    i_system_wrapper/system_i/axi_ad9361/inst/i_rx/i_up_adc_common/i_xfer_cntrl/clk
    SLICE_X52Y121        FDCE                                         r  i_system_wrapper/system_i/axi_ad9361/inst/i_rx/i_up_adc_common/i_xfer_cntrl/d_data_cntrl_int_reg[0]/C
  -------------------------------------------------------------------    -------------------
    SLICE_X52Y121        FDCE (Prop_fdce_C_Q)         0.456     5.841 f  i_system_wrapper/system_i/axi_ad9361/inst/i_rx/i_up_adc_common/i_xfer_cntrl/d_data_cntrl_int_reg[0]/Q
                         net (fo=33, routed)          0.498     6.338    i_system_wrapper/system_i/axi_ad9361/inst/i_rx/i_up_adc_common/i_xfer_cntrl/d_data_cntrl_int_reg[0]_0
    SLICE_X52Y121        LUT1 (Prop_lut1_I0_O)        0.124     6.462 r  i_system_wrapper/system_i/axi_ad9361/inst/i_rx/i_up_adc_common/i_xfer_cntrl/rst_INST_0/O
                         net (fo=942, routed)         4.361    10.823    i_system_wrapper/system_i/axi_ad9361_dac_fifo/inst/dout_rst
    SLICE_X56Y63         FDRE                                         r  i_system_wrapper/system_i/axi_ad9361_dac_fifo/inst/g_out[0].dout_data_reg[5]/R
  -------------------------------------------------------------------    -------------------

                         (clock rx_clk rise edge)     8.000     8.000 r  
    K17                                               0.000     8.000 r  rx_clk_in_p (IN)
                         net (fo=0)                   0.000     8.000    i_system_wrapper/system_i/axi_ad9361/inst/i_dev_if/i_clk/rx_clk_in_p
    K17                  IBUFDS (Prop_ibufds_I_O)     0.900     8.900 r  i_system_wrapper/system_i/axi_ad9361/inst/i_dev_if/i_clk/i_rx_clk_ibuf/O
                         net (fo=1, routed)           2.293    11.193    i_system_wrapper/system_i/axi_ad9361/inst/i_dev_if/i_clk/clk_ibuf_s
    BUFGCTRL_X0Y17       BUFG (Prop_bufg_I_O)         0.092    11.285 r  i_system_wrapper/system_i/axi_ad9361/inst/i_dev_if/i_clk/i_clk_gbuf/O
                         net (fo=6152, routed)        1.532    12.817    i_system_wrapper/system_i/axi_ad9361_dac_fifo/inst/dout_clk
    SLICE_X56Y63         FDRE                                         r  i_system_wrapper/system_i/axi_ad9361_dac_fifo/inst/g_out[0].dout_data_reg[5]/C
                         clock pessimism              0.296    13.114    
                         clock uncertainty           -0.035    13.078    
    SLICE_X56Y63         FDRE (Setup_fdre_C_R)       -0.429    12.649    i_system_wrapper/system_i/axi_ad9361_dac_fifo/inst/g_out[0].dout_data_reg[5]
  -------------------------------------------------------------------
                         required time                         12.649    
                         arrival time                         -10.823    
  -------------------------------------------------------------------
                         slack                                  1.826    





Min Delay Paths
--------------------------------------------------------------------------------------
Slack (MET) :             0.017ns  (arrival time - required time)
  Source:                 i_system_wrapper/system_i/axi_ad9361/inst/i_tx/i_tx_channel_1/i_dds/dds_phase[1].i_dds_2/i_dds_1_0/i_dds_sine/rotation[11].pipe/result_y_reg[1]/C
                            (rising edge-triggered cell FDRE clocked by rx_clk  {rise@0.000ns fall@4.000ns period=8.000ns})
  Destination:            i_system_wrapper/system_i/axi_ad9361/inst/i_tx/i_tx_channel_1/i_dds/dds_phase[1].i_dds_2/i_dds_1_0/i_dds_sine/sine_reg[1]/D
                            (rising edge-triggered cell FDRE clocked by rx_clk  {rise@0.000ns fall@4.000ns period=8.000ns})
  Path Group:             rx_clk
  Path Type:              Hold (Min at Fast Process Corner)
  Requirement:            0.000ns  (rx_clk rise@0.000ns - rx_clk rise@0.000ns)
  Data Path Delay:        0.357ns  (logic 0.141ns (39.537%)  route 0.216ns (60.463%))
  Logic Levels:           0  
  Clock Path Skew:        0.264ns (DCD - SCD - CPR)
    Destination Clock Delay (DCD):    2.160ns
    Source Clock Delay      (SCD):    1.787ns
    Clock Pessimism Removal (CPR):    0.108ns

    Location             Delay type                Incr(ns)  Path(ns)    Netlist Resource(s)
  -------------------------------------------------------------------    -------------------
                         (clock rx_clk rise edge)     0.000     0.000 r  
    K17                                               0.000     0.000 r  rx_clk_in_p (IN)
                         net (fo=0)                   0.000     0.000    i_system_wrapper/system_i/axi_ad9361/inst/i_dev_if/i_clk/rx_clk_in_p
    K17                  IBUFDS (Prop_ibufds_I_O)     0.372     0.372 r  i_system_wrapper/system_i/axi_ad9361/inst/i_dev_if/i_clk/i_rx_clk_ibuf/O
                         net (fo=1, routed)           0.842     1.213    i_system_wrapper/system_i/axi_ad9361/inst/i_dev_if/i_clk/clk_ibuf_s
    BUFGCTRL_X0Y17       BUFG (Prop_bufg_I_O)         0.027     1.240 r  i_system_wrapper/system_i/axi_ad9361/inst/i_dev_if/i_clk/i_clk_gbuf/O
                         net (fo=6152, routed)        0.547     1.787    i_system_wrapper/system_i/axi_ad9361/inst/i_tx/i_tx_channel_1/i_dds/dds_phase[1].i_dds_2/i_dds_1_0/i_dds_sine/rotation[11].pipe/clk
    SLICE_X51Y83         FDRE                                         r  i_system_wrapper/system_i/axi_ad9361/inst/i_tx/i_tx_channel_1/i_dds/dds_phase[1].i_dds_2/i_dds_1_0/i_dds_sine/rotation[11].pipe/result_y_reg[1]/C
  -------------------------------------------------------------------    -------------------
    SLICE_X51Y83         FDRE (Prop_fdre_C_Q)         0.141     1.928 r  i_system_wrapper/system_i/axi_ad9361/inst/i_tx/i_tx_channel_1/i_dds/dds_phase[1].i_dds_2/i_dds_1_0/i_dds_sine/rotation[11].pipe/result_y_reg[1]/Q
                         net (fo=1, routed)           0.216     2.144    i_system_wrapper/system_i/axi_ad9361/inst/i_tx/i_tx_channel_1/i_dds/dds_phase[1].i_dds_2/i_dds_1_0/i_dds_sine/y_s[12]_116[1]
    SLICE_X47Y82         FDRE                                         r  i_system_wrapper/system_i/axi_ad9361/inst/i_tx/i_tx_channel_1/i_dds/dds_phase[1].i_dds_2/i_dds_1_0/i_dds_sine/sine_reg[1]/D
  -------------------------------------------------------------------    -------------------

                         (clock rx_clk rise edge)     0.000     0.000 r  
    K17                                               0.000     0.000 r  rx_clk_in_p (IN)
                         net (fo=0)                   0.000     0.000    i_system_wrapper/system_i/axi_ad9361/inst/i_dev_if/i_clk/rx_clk_in_p
    K17                  IBUFDS (Prop_ibufds_I_O)     0.407     0.407 r  i_system_wrapper/system_i/axi_ad9361/inst/i_dev_if/i_clk/i_rx_clk_ibuf/O
                         net (fo=1, routed)           0.907     1.314    i_system_wrapper/system_i/axi_ad9361/inst/i_dev_if/i_clk/clk_ibuf_s
    BUFGCTRL_X0Y17       BUFG (Prop_bufg_I_O)         0.030     1.344 r  i_system_wrapper/system_i/axi_ad9361/inst/i_dev_if/i_clk/i_clk_gbuf/O
                         net (fo=6152, routed)        0.816     2.160    i_system_wrapper/system_i/axi_ad9361/inst/i_tx/i_tx_channel_1/i_dds/dds_phase[1].i_dds_2/i_dds_1_0/i_dds_sine/clk
    SLICE_X47Y82         FDRE                                         r  i_system_wrapper/system_i/axi_ad9361/inst/i_tx/i_tx_channel_1/i_dds/dds_phase[1].i_dds_2/i_dds_1_0/i_dds_sine/sine_reg[1]/C
                         clock pessimism             -0.108     2.051    
    SLICE_X47Y82         FDRE (Hold_fdre_C_D)         0.075     2.126    i_system_wrapper/system_i/axi_ad9361/inst/i_tx/i_tx_channel_1/i_dds/dds_phase[1].i_dds_2/i_dds_1_0/i_dds_sine/sine_reg[1]
  -------------------------------------------------------------------
                         required time                         -2.126    
                         arrival time                           2.144    
  -------------------------------------------------------------------
                         slack                                  0.017    





Pulse Width Checks
--------------------------------------------------------------------------------------
Clock Name:         rx_clk
Waveform(ns):       { 0.000 4.000 }
Period(ns):         8.000
Sources:            { rx_clk_in_p }

Check Type        Corner  Lib Pin             Reference Pin  Required(ns)  Actual(ns)  Slack(ns)  Location       Pin
Min Period        n/a     RAMB36E1/CLKARDCLK  n/a            2.576         8.000       5.424      RAMB36_X2Y12   i_system_wrapper/system_i/axi_ad9361_dac_fifo/inst/i_mem/m_ram_reg/CLKARDCLK
Low Pulse Width   Slow    SRL16E/CLK          n/a            0.980         4.000       3.020      SLICE_X46Y117  i_system_wrapper/system_i/axi_ad9361/inst/i_rx/i_rx_channel_0/i_ad_iqcor/g_loop[0].p1_valid_reg_srl6/CLK
High Pulse Width  Slow    SRL16E/CLK          n/a            0.980         4.000       3.020      SLICE_X46Y117  i_system_wrapper/system_i/axi_ad9361/inst/i_rx/i_rx_channel_0/i_ad_iqcor/g_loop[0].p1_valid_reg_srl6/CLK



---------------------------------------------------------------------------------------------------
From Clock:  clk_div_sel_0_s
  To Clock:  clk_div_sel_0_s

Setup :            0  Failing Endpoints,  Worst Slack       25.787ns,  Total Violation        0.000ns
Hold  :            0  Failing Endpoints,  Worst Slack        0.047ns,  Total Violation        0.000ns
PW    :            0  Failing Endpoints,  Worst Slack       14.750ns,  Total Violation        0.000ns
---------------------------------------------------------------------------------------------------


Max Delay Paths
--------------------------------------------------------------------------------------
Slack (MET) :             25.787ns  (required time - arrival time)
  Source:                 i_system_wrapper/system_i/util_ad9361_adc_pack/inst/i_cpack/packed_fifo_wr_sync_reg/C
                            (rising edge-triggered cell FDRE clocked by clk_div_sel_0_s  {rise@0.000ns fall@16.000ns period=32.000ns})
  Destination:            i_system_wrapper/system_i/axi_ad9361_adc_dma/inst/i_transfer/i_request_arb/src_req_dest_address_cur_reg[10]/CE
                            (rising edge-triggered cell FDRE clocked by clk_div_sel_0_s  {rise@0.000ns fall@16.000ns period=32.000ns})
  Path Group:             clk_div_sel_0_s
  Path Type:              Setup (Max at Slow Process Corner)
  Requirement:            32.000ns  (clk_div_sel_0_s rise@32.000ns - clk_div_sel_0_s rise@0.000ns)
  Data Path Delay:        5.977ns  (logic 0.963ns (16.111%)  route 5.014ns (83.889%))
  Logic Levels:           3  (LUT5=3)
  Clock Path Skew:        -0.031ns (DCD - SCD + CPR)
    Destination Clock Delay (DCD):    8.939ns = ( 40.939 - 32.000 ) 
    Source Clock Delay      (SCD):    9.838ns
    Clock Pessimism Removal (CPR):    0.869ns
  Clock Uncertainty:      0.035ns  ((TSJ^2 + TIJ^2)^1/2 + DJ) / 2 + PE
    Total System Jitter     (TSJ):    0.071ns
    Total Input Jitter      (TIJ):    0.000ns
    Discrete Jitter          (DJ):    0.000ns
    Phase Error              (PE):    0.000ns

    Location             Delay type                Incr(ns)  Path(ns)    Netlist Resource(s)
  -------------------------------------------------------------------    -------------------
                         (clock clk_div_sel_0_s rise edge)
                                                      0.000     0.000 r  
    K17                                               0.000     0.000 r  rx_clk_in_p (IN)
                         net (fo=0)                   0.000     0.000    i_system_wrapper/system_i/axi_ad9361/inst/i_dev_if/i_clk/rx_clk_in_p
    K17                  IBUFDS (Prop_ibufds_I_O)     0.944     0.944 r  i_system_wrapper/system_i/axi_ad9361/inst/i_dev_if/i_clk/i_rx_clk_ibuf/O
                         net (fo=1, routed)           2.522     3.466    i_system_wrapper/system_i/axi_ad9361/inst/i_dev_if/i_clk/clk_ibuf_s
    BUFGCTRL_X0Y17       BUFG (Prop_bufg_I_O)         0.102     3.568 r  i_system_wrapper/system_i/axi_ad9361/inst/i_dev_if/i_clk/i_clk_gbuf/O
                         net (fo=6152, routed)        2.225     5.792    i_system_wrapper/system_i/util_ad9361_divclk/inst/clk
    BUFR_X1Y9            BUFR (Prop_bufr_I_O)         1.031     6.823 r  i_system_wrapper/system_i/util_ad9361_divclk/inst/clk_divide_sel_0/O
                         net (fo=1, routed)           1.262     8.085    i_system_wrapper/system_i/util_ad9361_divclk/inst/clk_div_sel_0_s
    BUFGCTRL_X0Y19       BUFGCTRL (Prop_bufgctrl_I0_O)
                                                      0.101     8.186 r  i_system_wrapper/system_i/util_ad9361_divclk/inst/i_div_clk_gbuf/O
                         net (fo=616, routed)         1.652     9.838    i_system_wrapper/system_i/util_ad9361_adc_pack/inst/i_cpack/clk
    SLICE_X35Y55         FDRE                                         r  i_system_wrapper/system_i/util_ad9361_adc_pack/inst/i_cpack/packed_fifo_wr_sync_reg/C
  -------------------------------------------------------------------    -------------------
    SLICE_X35Y55         FDRE (Prop_fdre_C_Q)         0.419    10.257 r  i_system_wrapper/system_i/util_ad9361_adc_pack/inst/i_cpack/packed_fifo_wr_sync_reg/Q
                         net (fo=2, routed)           1.127    11.384    i_system_wrapper/system_i/axi_ad9361_adc_dma/inst/i_transfer/i_request_arb/i_src_dma_fifo/i_data_mover/fifo_wr_sync
    SLICE_X36Y59         LUT5 (Prop_lut5_I1_O)        0.296    11.680 r  i_system_wrapper/system_i/axi_ad9361_adc_dma/inst/i_transfer/i_request_arb/i_src_dma_fifo/i_data_mover/m_ram_reg_i_2/O
                         net (fo=30, routed)          0.970    12.650    i_system_wrapper/system_i/axi_ad9361_adc_dma/inst/i_transfer/i_request_arb/i_src_dma_fifo/i_data_mover/E[0]
    SLICE_X36Y61         LUT5 (Prop_lut5_I2_O)        0.124    12.774 r  i_system_wrapper/system_i/axi_ad9361_adc_dma/inst/i_transfer/i_request_arb/i_src_dma_fifo/i_data_mover/beat_counter_minus_one[3]_i_1/O
                         net (fo=17, routed)          0.850    13.623    i_system_wrapper/system_i/axi_ad9361_adc_dma/inst/i_transfer/i_request_arb/i_src_req_fifo/zerodeep.i_waddr_sync/src_req_ready
    SLICE_X36Y63         LUT5 (Prop_lut5_I4_O)        0.124    13.747 r  i_system_wrapper/system_i/axi_ad9361_adc_dma/inst/i_transfer/i_request_arb/i_src_req_fifo/zerodeep.i_waddr_sync/src_req_xlast_cur_i_1/O
                         net (fo=29, routed)          2.068    15.816    i_system_wrapper/system_i/axi_ad9361_adc_dma/inst/i_transfer/i_request_arb/i_data_mover/active0
    SLICE_X26Y72         FDRE                                         r  i_system_wrapper/system_i/axi_ad9361_adc_dma/inst/i_transfer/i_request_arb/src_req_dest_address_cur_reg[10]/CE
  -------------------------------------------------------------------    -------------------

                         (clock clk_div_sel_0_s rise edge)
                                                     32.000    32.000 r  
    K17                                               0.000    32.000 r  rx_clk_in_p (IN)
                         net (fo=0)                   0.000    32.000    i_system_wrapper/system_i/axi_ad9361/inst/i_dev_if/i_clk/rx_clk_in_p
    K17                  IBUFDS (Prop_ibufds_I_O)     0.900    32.900 r  i_system_wrapper/system_i/axi_ad9361/inst/i_dev_if/i_clk/i_rx_clk_ibuf/O
                         net (fo=1, routed)           2.293    35.193    i_system_wrapper/system_i/axi_ad9361/inst/i_dev_if/i_clk/clk_ibuf_s
    BUFGCTRL_X0Y17       BUFG (Prop_bufg_I_O)         0.092    35.285 r  i_system_wrapper/system_i/axi_ad9361/inst/i_dev_if/i_clk/i_clk_gbuf/O
                         net (fo=6152, routed)        1.993    37.278    i_system_wrapper/system_i/util_ad9361_divclk/inst/clk
    BUFR_X1Y9            BUFR (Prop_bufr_I_O)         0.918    38.196 r  i_system_wrapper/system_i/util_ad9361_divclk/inst/clk_divide_sel_0/O
                         net (fo=1, routed)           1.145    39.341    i_system_wrapper/system_i/util_ad9361_divclk/inst/clk_div_sel_0_s
    BUFGCTRL_X0Y19       BUFGCTRL (Prop_bufgctrl_I0_O)
                                                      0.091    39.432 r  i_system_wrapper/system_i/util_ad9361_divclk/inst/i_div_clk_gbuf/O
                         net (fo=616, routed)         1.507    40.939    i_system_wrapper/system_i/axi_ad9361_adc_dma/inst/i_transfer/i_request_arb/fifo_wr_clk
    SLICE_X26Y72         FDRE                                         r  i_system_wrapper/system_i/axi_ad9361_adc_dma/inst/i_transfer/i_request_arb/src_req_dest_address_cur_reg[10]/C
                         clock pessimism              0.869    41.807    
                         clock uncertainty           -0.035    41.772    
    SLICE_X26Y72         FDRE (Setup_fdre_C_CE)      -0.169    41.603    i_system_wrapper/system_i/axi_ad9361_adc_dma/inst/i_transfer/i_request_arb/src_req_dest_address_cur_reg[10]
  -------------------------------------------------------------------
                         required time                         41.603    
                         arrival time                         -15.816    
  -------------------------------------------------------------------
                         slack                                 25.787    





Min Delay Paths
--------------------------------------------------------------------------------------
Slack (MET) :             0.047ns  (arrival time - required time)
  Source:                 i_system_wrapper/system_i/util_ad9361_adc_pack/inst/i_cpack/packed_fifo_wr_data_reg[17]/C
                            (rising edge-triggered cell FDRE clocked by clk_div_sel_0_s  {rise@0.000ns fall@16.000ns period=32.000ns})
  Destination:            i_system_wrapper/system_i/axi_ad9361_adc_dma/inst/i_transfer/i_request_arb/i_store_and_forward/i_mem/m_ram_reg/DIADI[17]
                            (rising edge-triggered cell RAMB36E1 clocked by clk_div_sel_0_s  {rise@0.000ns fall@16.000ns period=32.000ns})
  Path Group:             clk_div_sel_0_s
  Path Type:              Hold (Min at Fast Process Corner)
  Requirement:            0.000ns  (clk_div_sel_0_s rise@0.000ns - clk_div_sel_0_s rise@0.000ns)
  Data Path Delay:        0.364ns  (logic 0.128ns (35.172%)  route 0.236ns (64.828%))
  Logic Levels:           0  
  Clock Path Skew:        0.074ns (DCD - SCD - CPR)
    Destination Clock Delay (DCD):    4.228ns
    Source Clock Delay      (SCD):    3.322ns
    Clock Pessimism Removal (CPR):    0.831ns

    Location             Delay type                Incr(ns)  Path(ns)    Netlist Resource(s)
  -------------------------------------------------------------------    -------------------
                         (clock clk_div_sel_0_s rise edge)
                                                      0.000     0.000 r  
    K17                                               0.000     0.000 r  rx_clk_in_p (IN)
                         net (fo=0)                   0.000     0.000    i_system_wrapper/system_i/axi_ad9361/inst/i_dev_if/i_clk/rx_clk_in_p
    K17                  IBUFDS (Prop_ibufds_I_O)     0.372     0.372 r  i_system_wrapper/system_i/axi_ad9361/inst/i_dev_if/i_clk/i_rx_clk_ibuf/O
                         net (fo=1, routed)           0.842     1.213    i_system_wrapper/system_i/axi_ad9361/inst/i_dev_if/i_clk/clk_ibuf_s
    BUFGCTRL_X0Y17       BUFG (Prop_bufg_I_O)         0.027     1.240 r  i_system_wrapper/system_i/axi_ad9361/inst/i_dev_if/i_clk/i_clk_gbuf/O
                         net (fo=6152, routed)        0.766     2.006    i_system_wrapper/system_i/util_ad9361_divclk/inst/clk
    BUFR_X1Y9            BUFR (Prop_bufr_I_O)         0.270     2.276 r  i_system_wrapper/system_i/util_ad9361_divclk/inst/clk_divide_sel_0/O
                         net (fo=1, routed)           0.462     2.738    i_system_wrapper/system_i/util_ad9361_divclk/inst/clk_div_sel_0_s
    BUFGCTRL_X0Y19       BUFGCTRL (Prop_bufgctrl_I0_O)
                                                      0.026     2.764 r  i_system_wrapper/system_i/util_ad9361_divclk/inst/i_div_clk_gbuf/O
                         net (fo=616, routed)         0.559     3.322    i_system_wrapper/system_i/util_ad9361_adc_pack/inst/i_cpack/clk
    SLICE_X35Y52         FDRE                                         r  i_system_wrapper/system_i/util_ad9361_adc_pack/inst/i_cpack/packed_fifo_wr_data_reg[17]/C
  -------------------------------------------------------------------    -------------------
    SLICE_X35Y52         FDRE (Prop_fdre_C_Q)         0.128     3.450 r  i_system_wrapper/system_i/util_ad9361_adc_pack/inst/i_cpack/packed_fifo_wr_data_reg[17]/Q
                         net (fo=1, routed)           0.236     3.686    i_system_wrapper/system_i/axi_ad9361_adc_dma/inst/i_transfer/i_request_arb/i_store_and_forward/i_mem/fifo_wr_din[17]
    RAMB36_X2Y11         RAMB36E1                                     r  i_system_wrapper/system_i/axi_ad9361_adc_dma/inst/i_transfer/i_request_arb/i_store_and_forward/i_mem/m_ram_reg/DIADI[17]
  -------------------------------------------------------------------    -------------------

                         (clock clk_div_sel_0_s rise edge)
                                                      0.000     0.000 r  
    K17                                               0.000     0.000 r  rx_clk_in_p (IN)
                         net (fo=0)                   0.000     0.000    i_system_wrapper/system_i/axi_ad9361/inst/i_dev_if/i_clk/rx_clk_in_p
    K17                  IBUFDS (Prop_ibufds_I_O)     0.407     0.407 r  i_system_wrapper/system_i/axi_ad9361/inst/i_dev_if/i_clk/i_rx_clk_ibuf/O
                         net (fo=1, routed)           0.907     1.314    i_system_wrapper/system_i/axi_ad9361/inst/i_dev_if/i_clk/clk_ibuf_s
    BUFGCTRL_X0Y17       BUFG (Prop_bufg_I_O)         0.030     1.344 r  i_system_wrapper/system_i/axi_ad9361/inst/i_dev_if/i_clk/i_clk_gbuf/O
                         net (fo=6152, routed)        1.049     2.392    i_system_wrapper/system_i/util_ad9361_divclk/inst/clk
    BUFR_X1Y9            BUFR (Prop_bufr_I_O)         0.431     2.823 r  i_system_wrapper/system_i/util_ad9361_divclk/inst/clk_divide_sel_0/O
                         net (fo=1, routed)           0.508     3.331    i_system_wrapper/system_i/util_ad9361_divclk/inst/clk_div_sel_0_s
    BUFGCTRL_X0Y19       BUFGCTRL (Prop_bufgctrl_I0_O)
                                                      0.029     3.360 r  i_system_wrapper/system_i/util_ad9361_divclk/inst/i_div_clk_gbuf/O
                         net (fo=616, routed)         0.867     4.228    i_system_wrapper/system_i/axi_ad9361_adc_dma/inst/i_transfer/i_request_arb/i_store_and_forward/i_mem/fifo_wr_clk
    RAMB36_X2Y11         RAMB36E1                                     r  i_system_wrapper/system_i/axi_ad9361_adc_dma/inst/i_transfer/i_request_arb/i_store_and_forward/i_mem/m_ram_reg/CLKBWRCLK
                         clock pessimism             -0.831     3.397    
    RAMB36_X2Y11         RAMB36E1 (Hold_ramb36e1_CLKBWRCLK_DIADI[17])
                                                      0.242     3.639    i_system_wrapper/system_i/axi_ad9361_adc_dma/inst/i_transfer/i_request_arb/i_store_and_forward/i_mem/m_ram_reg
  -------------------------------------------------------------------
                         required time                         -3.639    
                         arrival time                           3.686    
  -------------------------------------------------------------------
                         slack                                  0.047    





Pulse Width Checks
--------------------------------------------------------------------------------------
Clock Name:         clk_div_sel_0_s
Waveform(ns):       { 0.000 16.000 }
Period(ns):         32.000
Sources:            { i_system_wrapper/system_i/util_ad9361_divclk/inst/clk_divide_sel_0/O }

Check Type        Corner  Lib Pin             Reference Pin  Required(ns)  Actual(ns)  Slack(ns)  Location      Pin
Min Period        n/a     RAMB36E1/CLKBWRCLK  n/a            2.576         32.000      29.424     RAMB36_X2Y11  i_system_wrapper/system_i/axi_ad9361_adc_dma/inst/i_transfer/i_request_arb/i_store_and_forward/i_mem/m_ram_reg/CLKBWRCLK
Low Pulse Width   Slow    RAMD32/CLK          n/a            1.250         16.000      14.750     SLICE_X34Y65  i_system_wrapper/system_i/axi_ad9361_adc_dma/inst/i_transfer/i_request_arb/eot_mem_dest_reg_r1_0_15_0_0/DP/CLK
High Pulse Width  Slow    RAMD32/CLK          n/a            1.250         16.000      14.750     SLICE_X34Y65  i_system_wrapper/system_i/axi_ad9361_adc_dma/inst/i_transfer/i_request_arb/eot_mem_dest_reg_r1_0_15_0_0/DP/CLK



---------------------------------------------------------------------------------------------------
From Clock:  clk_div_sel_1_s
  To Clock:  clk_div_sel_1_s

Setup :            0  Failing Endpoints,  Worst Slack        9.787ns,  Total Violation        0.000ns
Hold  :            0  Failing Endpoints,  Worst Slack        0.047ns,  Total Violation        0.000ns
PW    :            0  Failing Endpoints,  Worst Slack        6.750ns,  Total Violation        0.000ns
---------------------------------------------------------------------------------------------------


Max Delay Paths
--------------------------------------------------------------------------------------
Slack (MET) :             9.787ns  (required time - arrival time)
  Source:                 i_system_wrapper/system_i/util_ad9361_adc_pack/inst/i_cpack/packed_fifo_wr_sync_reg/C
                            (rising edge-triggered cell FDRE clocked by clk_div_sel_1_s  {rise@0.000ns fall@8.000ns period=16.000ns})
  Destination:            i_system_wrapper/system_i/axi_ad9361_adc_dma/inst/i_transfer/i_request_arb/src_req_dest_address_cur_reg[10]/CE
                            (rising edge-triggered cell FDRE clocked by clk_div_sel_1_s  {rise@0.000ns fall@8.000ns period=16.000ns})
  Path Group:             clk_div_sel_1_s
  Path Type:              Setup (Max at Slow Process Corner)
  Requirement:            16.000ns  (clk_div_sel_1_s rise@16.000ns - clk_div_sel_1_s rise@0.000ns)
  Data Path Delay:        5.977ns  (logic 0.963ns (16.111%)  route 5.014ns (83.889%))
  Logic Levels:           3  (LUT5=3)
  Clock Path Skew:        -0.031ns (DCD - SCD + CPR)
    Destination Clock Delay (DCD):    8.939ns = ( 24.939 - 16.000 ) 
    Source Clock Delay      (SCD):    9.838ns
    Clock Pessimism Removal (CPR):    0.869ns
  Clock Uncertainty:      0.035ns  ((TSJ^2 + TIJ^2)^1/2 + DJ) / 2 + PE
    Total System Jitter     (TSJ):    0.071ns
    Total Input Jitter      (TIJ):    0.000ns
    Discrete Jitter          (DJ):    0.000ns
    Phase Error              (PE):    0.000ns

    Location             Delay type                Incr(ns)  Path(ns)    Netlist Resource(s)
  -------------------------------------------------------------------    -------------------
                         (clock clk_div_sel_1_s rise edge)
                                                      0.000     0.000 r  
    K17                                               0.000     0.000 r  rx_clk_in_p (IN)
                         net (fo=0)                   0.000     0.000    i_system_wrapper/system_i/axi_ad9361/inst/i_dev_if/i_clk/rx_clk_in_p
    K17                  IBUFDS (Prop_ibufds_I_O)     0.944     0.944 r  i_system_wrapper/system_i/axi_ad9361/inst/i_dev_if/i_clk/i_rx_clk_ibuf/O
                         net (fo=1, routed)           2.522     3.466    i_system_wrapper/system_i/axi_ad9361/inst/i_dev_if/i_clk/clk_ibuf_s
    BUFGCTRL_X0Y17       BUFG (Prop_bufg_I_O)         0.102     3.568 r  i_system_wrapper/system_i/axi_ad9361/inst/i_dev_if/i_clk/i_clk_gbuf/O
                         net (fo=6152, routed)        2.225     5.792    i_system_wrapper/system_i/util_ad9361_divclk/inst/clk
    BUFR_X1Y8            BUFR (Prop_bufr_I_O)         1.031     6.823 r  i_system_wrapper/system_i/util_ad9361_divclk/inst/clk_divide_sel_1/O
                         net (fo=1, routed)           1.262     8.085    i_system_wrapper/system_i/util_ad9361_divclk/inst/clk_div_sel_1_s
    BUFGCTRL_X0Y19       BUFGCTRL (Prop_bufgctrl_I1_O)
                                                      0.101     8.186 r  i_system_wrapper/system_i/util_ad9361_divclk/inst/i_div_clk_gbuf/O
                         net (fo=616, routed)         1.652     9.838    i_system_wrapper/system_i/util_ad9361_adc_pack/inst/i_cpack/clk
    SLICE_X35Y55         FDRE                                         r  i_system_wrapper/system_i/util_ad9361_adc_pack/inst/i_cpack/packed_fifo_wr_sync_reg/C
  -------------------------------------------------------------------    -------------------
    SLICE_X35Y55         FDRE (Prop_fdre_C_Q)         0.419    10.257 r  i_system_wrapper/system_i/util_ad9361_adc_pack/inst/i_cpack/packed_fifo_wr_sync_reg/Q
                         net (fo=2, routed)           1.127    11.384    i_system_wrapper/system_i/axi_ad9361_adc_dma/inst/i_transfer/i_request_arb/i_src_dma_fifo/i_data_mover/fifo_wr_sync
    SLICE_X36Y59         LUT5 (Prop_lut5_I1_O)        0.296    11.680 r  i_system_wrapper/system_i/axi_ad9361_adc_dma/inst/i_transfer/i_request_arb/i_src_dma_fifo/i_data_mover/m_ram_reg_i_2/O
                         net (fo=30, routed)          0.970    12.650    i_system_wrapper/system_i/axi_ad9361_adc_dma/inst/i_transfer/i_request_arb/i_src_dma_fifo/i_data_mover/E[0]
    SLICE_X36Y61         LUT5 (Prop_lut5_I2_O)        0.124    12.774 r  i_system_wrapper/system_i/axi_ad9361_adc_dma/inst/i_transfer/i_request_arb/i_src_dma_fifo/i_data_mover/beat_counter_minus_one[3]_i_1/O
                         net (fo=17, routed)          0.850    13.623    i_system_wrapper/system_i/axi_ad9361_adc_dma/inst/i_transfer/i_request_arb/i_src_req_fifo/zerodeep.i_waddr_sync/src_req_ready
    SLICE_X36Y63         LUT5 (Prop_lut5_I4_O)        0.124    13.747 r  i_system_wrapper/system_i/axi_ad9361_adc_dma/inst/i_transfer/i_request_arb/i_src_req_fifo/zerodeep.i_waddr_sync/src_req_xlast_cur_i_1/O
                         net (fo=29, routed)          2.068    15.816    i_system_wrapper/system_i/axi_ad9361_adc_dma/inst/i_transfer/i_request_arb/i_data_mover/active0
    SLICE_X26Y72         FDRE                                         r  i_system_wrapper/system_i/axi_ad9361_adc_dma/inst/i_transfer/i_request_arb/src_req_dest_address_cur_reg[10]/CE
  -------------------------------------------------------------------    -------------------

                         (clock clk_div_sel_1_s rise edge)
                                                     16.000    16.000 r  
    K17                                               0.000    16.000 r  rx_clk_in_p (IN)
                         net (fo=0)                   0.000    16.000    i_system_wrapper/system_i/axi_ad9361/inst/i_dev_if/i_clk/rx_clk_in_p
    K17                  IBUFDS (Prop_ibufds_I_O)     0.900    16.900 r  i_system_wrapper/system_i/axi_ad9361/inst/i_dev_if/i_clk/i_rx_clk_ibuf/O
                         net (fo=1, routed)           2.293    19.193    i_system_wrapper/system_i/axi_ad9361/inst/i_dev_if/i_clk/clk_ibuf_s
    BUFGCTRL_X0Y17       BUFG (Prop_bufg_I_O)         0.092    19.285 r  i_system_wrapper/system_i/axi_ad9361/inst/i_dev_if/i_clk/i_clk_gbuf/O
                         net (fo=6152, routed)        1.993    21.278    i_system_wrapper/system_i/util_ad9361_divclk/inst/clk
    BUFR_X1Y8            BUFR (Prop_bufr_I_O)         0.918    22.196 r  i_system_wrapper/system_i/util_ad9361_divclk/inst/clk_divide_sel_1/O
                         net (fo=1, routed)           1.145    23.341    i_system_wrapper/system_i/util_ad9361_divclk/inst/clk_div_sel_1_s
    BUFGCTRL_X0Y19       BUFGCTRL (Prop_bufgctrl_I1_O)
                                                      0.091    23.432 r  i_system_wrapper/system_i/util_ad9361_divclk/inst/i_div_clk_gbuf/O
                         net (fo=616, routed)         1.507    24.939    i_system_wrapper/system_i/axi_ad9361_adc_dma/inst/i_transfer/i_request_arb/fifo_wr_clk
    SLICE_X26Y72         FDRE                                         r  i_system_wrapper/system_i/axi_ad9361_adc_dma/inst/i_transfer/i_request_arb/src_req_dest_address_cur_reg[10]/C
                         clock pessimism              0.869    25.807    
                         clock uncertainty           -0.035    25.772    
    SLICE_X26Y72         FDRE (Setup_fdre_C_CE)      -0.169    25.603    i_system_wrapper/system_i/axi_ad9361_adc_dma/inst/i_transfer/i_request_arb/src_req_dest_address_cur_reg[10]
  -------------------------------------------------------------------
                         required time                         25.603    
                         arrival time                         -15.816    
  -------------------------------------------------------------------
                         slack                                  9.787    





Min Delay Paths
--------------------------------------------------------------------------------------
Slack (MET) :             0.047ns  (arrival time - required time)
  Source:                 i_system_wrapper/system_i/util_ad9361_adc_pack/inst/i_cpack/packed_fifo_wr_data_reg[17]/C
                            (rising edge-triggered cell FDRE clocked by clk_div_sel_1_s  {rise@0.000ns fall@8.000ns period=16.000ns})
  Destination:            i_system_wrapper/system_i/axi_ad9361_adc_dma/inst/i_transfer/i_request_arb/i_store_and_forward/i_mem/m_ram_reg/DIADI[17]
                            (rising edge-triggered cell RAMB36E1 clocked by clk_div_sel_1_s  {rise@0.000ns fall@8.000ns period=16.000ns})
  Path Group:             clk_div_sel_1_s
  Path Type:              Hold (Min at Fast Process Corner)
  Requirement:            0.000ns  (clk_div_sel_1_s rise@0.000ns - clk_div_sel_1_s rise@0.000ns)
  Data Path Delay:        0.364ns  (logic 0.128ns (35.172%)  route 0.236ns (64.828%))
  Logic Levels:           0  
  Clock Path Skew:        0.074ns (DCD - SCD - CPR)
    Destination Clock Delay (DCD):    4.228ns
    Source Clock Delay      (SCD):    3.322ns
    Clock Pessimism Removal (CPR):    0.831ns

    Location             Delay type                Incr(ns)  Path(ns)    Netlist Resource(s)
  -------------------------------------------------------------------    -------------------
                         (clock clk_div_sel_1_s rise edge)
                                                      0.000     0.000 r  
    K17                                               0.000     0.000 r  rx_clk_in_p (IN)
                         net (fo=0)                   0.000     0.000    i_system_wrapper/system_i/axi_ad9361/inst/i_dev_if/i_clk/rx_clk_in_p
    K17                  IBUFDS (Prop_ibufds_I_O)     0.372     0.372 r  i_system_wrapper/system_i/axi_ad9361/inst/i_dev_if/i_clk/i_rx_clk_ibuf/O
                         net (fo=1, routed)           0.842     1.213    i_system_wrapper/system_i/axi_ad9361/inst/i_dev_if/i_clk/clk_ibuf_s
    BUFGCTRL_X0Y17       BUFG (Prop_bufg_I_O)         0.027     1.240 r  i_system_wrapper/system_i/axi_ad9361/inst/i_dev_if/i_clk/i_clk_gbuf/O
                         net (fo=6152, routed)        0.766     2.006    i_system_wrapper/system_i/util_ad9361_divclk/inst/clk
    BUFR_X1Y8            BUFR (Prop_bufr_I_O)         0.270     2.276 r  i_system_wrapper/system_i/util_ad9361_divclk/inst/clk_divide_sel_1/O
                         net (fo=1, routed)           0.462     2.738    i_system_wrapper/system_i/util_ad9361_divclk/inst/clk_div_sel_1_s
    BUFGCTRL_X0Y19       BUFGCTRL (Prop_bufgctrl_I1_O)
                                                      0.026     2.764 r  i_system_wrapper/system_i/util_ad9361_divclk/inst/i_div_clk_gbuf/O
                         net (fo=616, routed)         0.559     3.322    i_system_wrapper/system_i/util_ad9361_adc_pack/inst/i_cpack/clk
    SLICE_X35Y52         FDRE                                         r  i_system_wrapper/system_i/util_ad9361_adc_pack/inst/i_cpack/packed_fifo_wr_data_reg[17]/C
  -------------------------------------------------------------------    -------------------
    SLICE_X35Y52         FDRE (Prop_fdre_C_Q)         0.128     3.450 r  i_system_wrapper/system_i/util_ad9361_adc_pack/inst/i_cpack/packed_fifo_wr_data_reg[17]/Q
                         net (fo=1, routed)           0.236     3.686    i_system_wrapper/system_i/axi_ad9361_adc_dma/inst/i_transfer/i_request_arb/i_store_and_forward/i_mem/fifo_wr_din[17]
    RAMB36_X2Y11         RAMB36E1                                     r  i_system_wrapper/system_i/axi_ad9361_adc_dma/inst/i_transfer/i_request_arb/i_store_and_forward/i_mem/m_ram_reg/DIADI[17]
  -------------------------------------------------------------------    -------------------

                         (clock clk_div_sel_1_s rise edge)
                                                      0.000     0.000 r  
    K17                                               0.000     0.000 r  rx_clk_in_p (IN)
                         net (fo=0)                   0.000     0.000    i_system_wrapper/system_i/axi_ad9361/inst/i_dev_if/i_clk/rx_clk_in_p
    K17                  IBUFDS (Prop_ibufds_I_O)     0.407     0.407 r  i_system_wrapper/system_i/axi_ad9361/inst/i_dev_if/i_clk/i_rx_clk_ibuf/O
                         net (fo=1, routed)           0.907     1.314    i_system_wrapper/system_i/axi_ad9361/inst/i_dev_if/i_clk/clk_ibuf_s
    BUFGCTRL_X0Y17       BUFG (Prop_bufg_I_O)         0.030     1.344 r  i_system_wrapper/system_i/axi_ad9361/inst/i_dev_if/i_clk/i_clk_gbuf/O
                         net (fo=6152, routed)        1.049     2.392    i_system_wrapper/system_i/util_ad9361_divclk/inst/clk
    BUFR_X1Y8            BUFR (Prop_bufr_I_O)         0.431     2.823 r  i_system_wrapper/system_i/util_ad9361_divclk/inst/clk_divide_sel_1/O
                         net (fo=1, routed)           0.508     3.331    i_system_wrapper/system_i/util_ad9361_divclk/inst/clk_div_sel_1_s
    BUFGCTRL_X0Y19       BUFGCTRL (Prop_bufgctrl_I1_O)
                                                      0.029     3.360 r  i_system_wrapper/system_i/util_ad9361_divclk/inst/i_div_clk_gbuf/O
                         net (fo=616, routed)         0.867     4.228    i_system_wrapper/system_i/axi_ad9361_adc_dma/inst/i_transfer/i_request_arb/i_store_and_forward/i_mem/fifo_wr_clk
    RAMB36_X2Y11         RAMB36E1                                     r  i_system_wrapper/system_i/axi_ad9361_adc_dma/inst/i_transfer/i_request_arb/i_store_and_forward/i_mem/m_ram_reg/CLKBWRCLK
                         clock pessimism             -0.831     3.397    
    RAMB36_X2Y11         RAMB36E1 (Hold_ramb36e1_CLKBWRCLK_DIADI[17])
                                                      0.242     3.639    i_system_wrapper/system_i/axi_ad9361_adc_dma/inst/i_transfer/i_request_arb/i_store_and_forward/i_mem/m_ram_reg
  -------------------------------------------------------------------
                         required time                         -3.639    
                         arrival time                           3.686    
  -------------------------------------------------------------------
                         slack                                  0.047    





Pulse Width Checks
--------------------------------------------------------------------------------------
Clock Name:         clk_div_sel_1_s
Waveform(ns):       { 0.000 8.000 }
Period(ns):         16.000
Sources:            { i_system_wrapper/system_i/util_ad9361_divclk/inst/clk_divide_sel_1/O }

Check Type        Corner  Lib Pin             Reference Pin  Required(ns)  Actual(ns)  Slack(ns)  Location      Pin
Min Period        n/a     RAMB36E1/CLKBWRCLK  n/a            2.576         16.000      13.424     RAMB36_X2Y11  i_system_wrapper/system_i/axi_ad9361_adc_dma/inst/i_transfer/i_request_arb/i_store_and_forward/i_mem/m_ram_reg/CLKBWRCLK
Low Pulse Width   Slow    RAMD32/CLK          n/a            1.250         8.000       6.750      SLICE_X34Y65  i_system_wrapper/system_i/axi_ad9361_adc_dma/inst/i_transfer/i_request_arb/eot_mem_dest_reg_r1_0_15_0_0/DP/CLK
High Pulse Width  Slow    RAMD32/CLK          n/a            1.250         8.000       6.750      SLICE_X34Y65  i_system_wrapper/system_i/axi_ad9361_adc_dma/inst/i_transfer/i_request_arb/eot_mem_dest_reg_r1_0_15_0_0/DP/CLK



---------------------------------------------------------------------------------------------------
From Clock:  clk_div_sel_0_s
  To Clock:  clk_fpga_0

Setup :            0  Failing Endpoints,  Worst Slack        6.504ns,  Total Violation        0.000ns
Hold  :           NA  Failing Endpoints,  Worst Slack           NA  ,  Total Violation           NA
---------------------------------------------------------------------------------------------------


Max Delay Paths
--------------------------------------------------------------------------------------
Slack (MET) :             6.504ns  (required time - arrival time)
  Source:                 i_system_wrapper/system_i/axi_ad9361_adc_dma/inst/i_transfer/i_request_arb/eot_mem_dest_reg_r2_0_15_0_0/DP/CLK
                            (rising edge-triggered cell RAMD32 clocked by clk_div_sel_0_s  {rise@0.000ns fall@16.000ns period=32.000ns})
  Destination:            i_system_wrapper/system_i/axi_ad9361_adc_dma/inst/i_transfer/i_request_arb/i_dest_dma_mm/i_addr_gen/length_reg[0]/S
                            (rising edge-triggered cell FDSE clocked by clk_fpga_0  {rise@0.000ns fall@5.000ns period=10.000ns})
  Path Group:             clk_fpga_0
  Path Type:              Setup (Max at Slow Process Corner)
  Requirement:            10.000ns  (MaxDelay Path 10.000ns)
  Data Path Delay:        2.859ns  (logic 1.461ns (51.096%)  route 1.398ns (48.904%))
  Logic Levels:           1  (LUT2=1)
  Timing Exception:       MaxDelay Path 10.000ns -datapath_only

    Location             Delay type                Incr(ns)  Path(ns)    Netlist Resource(s)
  -------------------------------------------------------------------    -------------------
    SLICE_X34Y65                                      0.000     0.000 r  i_system_wrapper/system_i/axi_ad9361_adc_dma/inst/i_transfer/i_request_arb/eot_mem_dest_reg_r2_0_15_0_0/DP/CLK
    SLICE_X34Y65         RAMD32 (Prop_ramd32_CLK_O)
                                                      1.309     1.309 f  i_system_wrapper/system_i/axi_ad9361_adc_dma/inst/i_transfer/i_request_arb/eot_mem_dest_reg_r2_0_15_0_0/DP/O
                         net (fo=4, routed)           0.696     2.005    i_system_wrapper/system_i/axi_ad9361_adc_dma/inst/i_transfer/i_request_arb/i_dest_dma_mm/i_addr_gen/dest_address_eot
    SLICE_X33Y66         LUT2 (Prop_lut2_I0_O)        0.152     2.157 r  i_system_wrapper/system_i/axi_ad9361_adc_dma/inst/i_transfer/i_request_arb/i_dest_dma_mm/i_addr_gen/length[3]_i_1/O
                         net (fo=4, routed)           0.703     2.859    i_system_wrapper/system_i/axi_ad9361_adc_dma/inst/i_transfer/i_request_arb/i_dest_dma_mm/i_addr_gen/length
    SLICE_X33Y65         FDSE                                         r  i_system_wrapper/system_i/axi_ad9361_adc_dma/inst/i_transfer/i_request_arb/i_dest_dma_mm/i_addr_gen/length_reg[0]/S
  -------------------------------------------------------------------    -------------------

                         max delay                   10.000    10.000    
    SLICE_X33Y65         FDSE (Setup_fdse_C_S)       -0.637     9.363    i_system_wrapper/system_i/axi_ad9361_adc_dma/inst/i_transfer/i_request_arb/i_dest_dma_mm/i_addr_gen/length_reg[0]
  -------------------------------------------------------------------
                         required time                          9.363    
                         arrival time                          -2.859    
  -------------------------------------------------------------------
                         slack                                  6.504    





---------------------------------------------------------------------------------------------------
From Clock:  clk_div_sel_1_s
  To Clock:  clk_fpga_0

Setup :            0  Failing Endpoints,  Worst Slack        6.504ns,  Total Violation        0.000ns
Hold  :           NA  Failing Endpoints,  Worst Slack           NA  ,  Total Violation           NA
---------------------------------------------------------------------------------------------------


Max Delay Paths
--------------------------------------------------------------------------------------
Slack (MET) :             6.504ns  (required time - arrival time)
  Source:                 i_system_wrapper/system_i/axi_ad9361_adc_dma/inst/i_transfer/i_request_arb/eot_mem_dest_reg_r2_0_15_0_0/DP/CLK
                            (rising edge-triggered cell RAMD32 clocked by clk_div_sel_1_s  {rise@0.000ns fall@8.000ns period=16.000ns})
  Destination:            i_system_wrapper/system_i/axi_ad9361_adc_dma/inst/i_transfer/i_request_arb/i_dest_dma_mm/i_addr_gen/length_reg[0]/S
                            (rising edge-triggered cell FDSE clocked by clk_fpga_0  {rise@0.000ns fall@5.000ns period=10.000ns})
  Path Group:             clk_fpga_0
  Path Type:              Setup (Max at Slow Process Corner)
  Requirement:            10.000ns  (MaxDelay Path 10.000ns)
  Data Path Delay:        2.859ns  (logic 1.461ns (51.096%)  route 1.398ns (48.904%))
  Logic Levels:           1  (LUT2=1)
  Timing Exception:       MaxDelay Path 10.000ns -datapath_only

    Location             Delay type                Incr(ns)  Path(ns)    Netlist Resource(s)
  -------------------------------------------------------------------    -------------------
    SLICE_X34Y65                                      0.000     0.000 r  i_system_wrapper/system_i/axi_ad9361_adc_dma/inst/i_transfer/i_request_arb/eot_mem_dest_reg_r2_0_15_0_0/DP/CLK
    SLICE_X34Y65         RAMD32 (Prop_ramd32_CLK_O)
                                                      1.309     1.309 f  i_system_wrapper/system_i/axi_ad9361_adc_dma/inst/i_transfer/i_request_arb/eot_mem_dest_reg_r2_0_15_0_0/DP/O
                         net (fo=4, routed)           0.696     2.005    i_system_wrapper/system_i/axi_ad9361_adc_dma/inst/i_transfer/i_request_arb/i_dest_dma_mm/i_addr_gen/dest_address_eot
    SLICE_X33Y66         LUT2 (Prop_lut2_I0_O)        0.152     2.157 r  i_system_wrapper/system_i/axi_ad9361_adc_dma/inst/i_transfer/i_request_arb/i_dest_dma_mm/i_addr_gen/length[3]_i_1/O
                         net (fo=4, routed)           0.703     2.859    i_system_wrapper/system_i/axi_ad9361_adc_dma/inst/i_transfer/i_request_arb/i_dest_dma_mm/i_addr_gen/length
    SLICE_X33Y65         FDSE                                         r  i_system_wrapper/system_i/axi_ad9361_adc_dma/inst/i_transfer/i_request_arb/i_dest_dma_mm/i_addr_gen/length_reg[0]/S
  -------------------------------------------------------------------    -------------------

                         max delay                   10.000    10.000    
    SLICE_X33Y65         FDSE (Setup_fdse_C_S)       -0.637     9.363    i_system_wrapper/system_i/axi_ad9361_adc_dma/inst/i_transfer/i_request_arb/i_dest_dma_mm/i_addr_gen/length_reg[0]
  -------------------------------------------------------------------
                         required time                          9.363    
                         arrival time                          -2.859    
  -------------------------------------------------------------------
                         slack                                  6.504    





---------------------------------------------------------------------------------------------------
From Clock:  clk_fpga_0
  To Clock:  clk_div_sel_0_s

Setup :            0  Failing Endpoints,  Worst Slack        8.585ns,  Total Violation        0.000ns
Hold  :           NA  Failing Endpoints,  Worst Slack           NA  ,  Total Violation           NA
---------------------------------------------------------------------------------------------------


Max Delay Paths
--------------------------------------------------------------------------------------
Slack (MET) :             8.585ns  (required time - arrival time)
  Source:                 i_system_wrapper/system_i/axi_ad9361_adc_dma/inst/i_transfer/i_request_arb/i_store_and_forward/dest_id_reg[2]/C
                            (rising edge-triggered cell FDRE clocked by clk_fpga_0  {rise@0.000ns fall@5.000ns period=10.000ns})
  Destination:            i_system_wrapper/system_i/axi_ad9361_adc_dma/inst/i_transfer/i_request_arb/i_store_and_forward/i_src_sync_id/cdc_sync_stage1_reg[2]/D
                            (rising edge-triggered cell FDRE clocked by clk_div_sel_0_s  {rise@0.000ns fall@16.000ns period=32.000ns})
  Path Group:             clk_div_sel_0_s
  Path Type:              Setup (Max at Slow Process Corner)
  Requirement:            10.000ns  (MaxDelay Path 10.000ns)
  Data Path Delay:        1.312ns  (logic 0.518ns (39.484%)  route 0.794ns (60.516%))
  Logic Levels:           0  
  Timing Exception:       MaxDelay Path 10.000ns -datapath_only

    Location             Delay type                Incr(ns)  Path(ns)    Netlist Resource(s)
  -------------------------------------------------------------------    -------------------
    SLICE_X32Y62                                      0.000     0.000 r  i_system_wrapper/system_i/axi_ad9361_adc_dma/inst/i_transfer/i_request_arb/i_store_and_forward/dest_id_reg[2]/C
    SLICE_X32Y62         FDRE (Prop_fdre_C_Q)         0.518     0.518 r  i_system_wrapper/system_i/axi_ad9361_adc_dma/inst/i_transfer/i_request_arb/i_store_and_forward/dest_id_reg[2]/Q
                         net (fo=10, routed)          0.794     1.312    i_system_wrapper/system_i/axi_ad9361_adc_dma/inst/i_transfer/i_request_arb/i_store_and_forward/i_src_sync_id/Q[2]
    SLICE_X35Y62         FDRE                                         r  i_system_wrapper/system_i/axi_ad9361_adc_dma/inst/i_transfer/i_request_arb/i_store_and_forward/i_src_sync_id/cdc_sync_stage1_reg[2]/D
  -------------------------------------------------------------------    -------------------

                         max delay                   10.000    10.000    
    SLICE_X35Y62         FDRE (Setup_fdre_C_D)       -0.103     9.897    i_system_wrapper/system_i/axi_ad9361_adc_dma/inst/i_transfer/i_request_arb/i_store_and_forward/i_src_sync_id/cdc_sync_stage1_reg[2]
  -------------------------------------------------------------------
                         required time                          9.897    
                         arrival time                          -1.312    
  -------------------------------------------------------------------
                         slack                                  8.585    





---------------------------------------------------------------------------------------------------
From Clock:  clk_fpga_0
  To Clock:  clk_div_sel_1_s

Setup :            0  Failing Endpoints,  Worst Slack        8.585ns,  Total Violation        0.000ns
Hold  :           NA  Failing Endpoints,  Worst Slack           NA  ,  Total Violation           NA
---------------------------------------------------------------------------------------------------


Max Delay Paths
--------------------------------------------------------------------------------------
Slack (MET) :             8.585ns  (required time - arrival time)
  Source:                 i_system_wrapper/system_i/axi_ad9361_adc_dma/inst/i_transfer/i_request_arb/i_store_and_forward/dest_id_reg[2]/C
                            (rising edge-triggered cell FDRE clocked by clk_fpga_0  {rise@0.000ns fall@5.000ns period=10.000ns})
  Destination:            i_system_wrapper/system_i/axi_ad9361_adc_dma/inst/i_transfer/i_request_arb/i_store_and_forward/i_src_sync_id/cdc_sync_stage1_reg[2]/D
                            (rising edge-triggered cell FDRE clocked by clk_div_sel_1_s  {rise@0.000ns fall@8.000ns period=16.000ns})
  Path Group:             clk_div_sel_1_s
  Path Type:              Setup (Max at Slow Process Corner)
  Requirement:            10.000ns  (MaxDelay Path 10.000ns)
  Data Path Delay:        1.312ns  (logic 0.518ns (39.484%)  route 0.794ns (60.516%))
  Logic Levels:           0  
  Timing Exception:       MaxDelay Path 10.000ns -datapath_only

    Location             Delay type                Incr(ns)  Path(ns)    Netlist Resource(s)
  -------------------------------------------------------------------    -------------------
    SLICE_X32Y62                                      0.000     0.000 r  i_system_wrapper/system_i/axi_ad9361_adc_dma/inst/i_transfer/i_request_arb/i_store_and_forward/dest_id_reg[2]/C
    SLICE_X32Y62         FDRE (Prop_fdre_C_Q)         0.518     0.518 r  i_system_wrapper/system_i/axi_ad9361_adc_dma/inst/i_transfer/i_request_arb/i_store_and_forward/dest_id_reg[2]/Q
                         net (fo=10, routed)          0.794     1.312    i_system_wrapper/system_i/axi_ad9361_adc_dma/inst/i_transfer/i_request_arb/i_store_and_forward/i_src_sync_id/Q[2]
    SLICE_X35Y62         FDRE                                         r  i_system_wrapper/system_i/axi_ad9361_adc_dma/inst/i_transfer/i_request_arb/i_store_and_forward/i_src_sync_id/cdc_sync_stage1_reg[2]/D
  -------------------------------------------------------------------    -------------------

                         max delay                   10.000    10.000    
    SLICE_X35Y62         FDRE (Setup_fdre_C_D)       -0.103     9.897    i_system_wrapper/system_i/axi_ad9361_adc_dma/inst/i_transfer/i_request_arb/i_store_and_forward/i_src_sync_id/cdc_sync_stage1_reg[2]
  -------------------------------------------------------------------
                         required time                          9.897    
                         arrival time                          -1.312    
  -------------------------------------------------------------------
                         slack                                  8.585    





---------------------------------------------------------------------------------------------------
Path Group:  **async_default**
From Clock:  clk_div_sel_0_s
  To Clock:  clk_div_sel_0_s

Setup :            0  Failing Endpoints,  Worst Slack       28.327ns,  Total Violation        0.000ns
Hold  :            0  Failing Endpoints,  Worst Slack        0.706ns,  Total Violation        0.000ns
---------------------------------------------------------------------------------------------------


Max Delay Paths
--------------------------------------------------------------------------------------
Slack (MET) :             28.327ns  (required time - arrival time)
  Source:                 i_system_wrapper/system_i/util_ad9361_divclk_reset/U0/ACTIVE_LOW_PR_OUT_DFF[0].FDRE_PER_N/C
                            (rising edge-triggered cell FDRE clocked by clk_div_sel_0_s  {rise@0.000ns fall@16.000ns period=32.000ns})
  Destination:            i_system_wrapper/system_i/axi_ad9361_dac_fifo/inst/din_waddr_reg[1]/CLR
                            (recovery check against rising-edge clock clk_div_sel_0_s  {rise@0.000ns fall@16.000ns period=32.000ns})
  Path Group:             **async_default**
  Path Type:              Recovery (Max at Slow Process Corner)
  Requirement:            32.000ns  (clk_div_sel_0_s rise@32.000ns - clk_div_sel_0_s rise@0.000ns)
  Data Path Delay:        3.216ns  (logic 0.642ns (19.961%)  route 2.574ns (80.039%))
  Logic Levels:           1  (LUT1=1)
  Clock Path Skew:        -0.060ns (DCD - SCD + CPR)
    Destination Clock Delay (DCD):    8.910ns = ( 40.910 - 32.000 ) 
    Source Clock Delay      (SCD):    9.838ns
    Clock Pessimism Removal (CPR):    0.869ns
  Clock Uncertainty:      0.035ns  ((TSJ^2 + TIJ^2)^1/2 + DJ) / 2 + PE
    Total System Jitter     (TSJ):    0.071ns
    Total Input Jitter      (TIJ):    0.000ns
    Discrete Jitter          (DJ):    0.000ns
    Phase Error              (PE):    0.000ns

    Location             Delay type                Incr(ns)  Path(ns)    Netlist Resource(s)
  -------------------------------------------------------------------    -------------------
                         (clock clk_div_sel_0_s rise edge)
                                                      0.000     0.000 r  
    K17                                               0.000     0.000 r  rx_clk_in_p (IN)
                         net (fo=0)                   0.000     0.000    i_system_wrapper/system_i/axi_ad9361/inst/i_dev_if/i_clk/rx_clk_in_p
    K17                  IBUFDS (Prop_ibufds_I_O)     0.944     0.944 r  i_system_wrapper/system_i/axi_ad9361/inst/i_dev_if/i_clk/i_rx_clk_ibuf/O
                         net (fo=1, routed)           2.522     3.466    i_system_wrapper/system_i/axi_ad9361/inst/i_dev_if/i_clk/clk_ibuf_s
    BUFGCTRL_X0Y17       BUFG (Prop_bufg_I_O)         0.102     3.568 r  i_system_wrapper/system_i/axi_ad9361/inst/i_dev_if/i_clk/i_clk_gbuf/O
                         net (fo=6152, routed)        2.225     5.792    i_system_wrapper/system_i/util_ad9361_divclk/inst/clk
    BUFR_X1Y9            BUFR (Prop_bufr_I_O)         1.031     6.823 r  i_system_wrapper/system_i/util_ad9361_divclk/inst/clk_divide_sel_0/O
                         net (fo=1, routed)           1.262     8.085    i_system_wrapper/system_i/util_ad9361_divclk/inst/clk_div_sel_0_s
    BUFGCTRL_X0Y19       BUFGCTRL (Prop_bufgctrl_I0_O)
                                                      0.101     8.186 r  i_system_wrapper/system_i/util_ad9361_divclk/inst/i_div_clk_gbuf/O
                         net (fo=616, routed)         1.652     9.838    i_system_wrapper/system_i/util_ad9361_divclk_reset/U0/slowest_sync_clk
    SLICE_X46Y52         FDRE                                         r  i_system_wrapper/system_i/util_ad9361_divclk_reset/U0/ACTIVE_LOW_PR_OUT_DFF[0].FDRE_PER_N/C
  -------------------------------------------------------------------    -------------------
    SLICE_X46Y52         FDRE (Prop_fdre_C_Q)         0.518    10.356 r  i_system_wrapper/system_i/util_ad9361_divclk_reset/U0/ACTIVE_LOW_PR_OUT_DFF[0].FDRE_PER_N/Q
                         net (fo=2, routed)           0.586    10.943    i_system_wrapper/system_i/axi_ad9361_dac_fifo/inst/din_rstn
    SLICE_X43Y52         LUT1 (Prop_lut1_I0_O)        0.124    11.067 f  i_system_wrapper/system_i/axi_ad9361_dac_fifo/inst/din_enable[0]_i_1/O
                         net (fo=28, routed)          1.988    13.055    i_system_wrapper/system_i/axi_ad9361_dac_fifo/inst/din_enable[0]_i_1_n_0
    SLICE_X32Y58         FDCE                                         f  i_system_wrapper/system_i/axi_ad9361_dac_fifo/inst/din_waddr_reg[1]/CLR
  -------------------------------------------------------------------    -------------------

                         (clock clk_div_sel_0_s rise edge)
                                                     32.000    32.000 r  
    K17                                               0.000    32.000 r  rx_clk_in_p (IN)
                         net (fo=0)                   0.000    32.000    i_system_wrapper/system_i/axi_ad9361/inst/i_dev_if/i_clk/rx_clk_in_p
    K17                  IBUFDS (Prop_ibufds_I_O)     0.900    32.900 r  i_system_wrapper/system_i/axi_ad9361/inst/i_dev_if/i_clk/i_rx_clk_ibuf/O
                         net (fo=1, routed)           2.293    35.193    i_system_wrapper/system_i/axi_ad9361/inst/i_dev_if/i_clk/clk_ibuf_s
    BUFGCTRL_X0Y17       BUFG (Prop_bufg_I_O)         0.092    35.285 r  i_system_wrapper/system_i/axi_ad9361/inst/i_dev_if/i_clk/i_clk_gbuf/O
                         net (fo=6152, routed)        1.993    37.278    i_system_wrapper/system_i/util_ad9361_divclk/inst/clk
    BUFR_X1Y9            BUFR (Prop_bufr_I_O)         0.918    38.196 r  i_system_wrapper/system_i/util_ad9361_divclk/inst/clk_divide_sel_0/O
                         net (fo=1, routed)           1.145    39.341    i_system_wrapper/system_i/util_ad9361_divclk/inst/clk_div_sel_0_s
    BUFGCTRL_X0Y19       BUFGCTRL (Prop_bufgctrl_I0_O)
                                                      0.091    39.432 r  i_system_wrapper/system_i/util_ad9361_divclk/inst/i_div_clk_gbuf/O
                         net (fo=616, routed)         1.478    40.910    i_system_wrapper/system_i/axi_ad9361_dac_fifo/inst/din_clk
    SLICE_X32Y58         FDCE                                         r  i_system_wrapper/system_i/axi_ad9361_dac_fifo/inst/din_waddr_reg[1]/C
                         clock pessimism              0.869    41.778    
                         clock uncertainty           -0.035    41.743    
    SLICE_X32Y58         FDCE (Recov_fdce_C_CLR)     -0.361    41.382    i_system_wrapper/system_i/axi_ad9361_dac_fifo/inst/din_waddr_reg[1]
  -------------------------------------------------------------------
                         required time                         41.382    
                         arrival time                         -13.055    
  -------------------------------------------------------------------
                         slack                                 28.327    





Min Delay Paths
--------------------------------------------------------------------------------------
Slack (MET) :             0.706ns  (arrival time - required time)
  Source:                 i_system_wrapper/system_i/util_ad9361_divclk_reset/U0/ACTIVE_LOW_PR_OUT_DFF[0].FDRE_PER_N/C
                            (rising edge-triggered cell FDRE clocked by clk_div_sel_0_s  {rise@0.000ns fall@16.000ns period=32.000ns})
  Destination:            i_system_wrapper/system_i/util_ad9361_adc_fifo/inst/dout_enable_m1_reg[1]/CLR
                            (removal check against rising-edge clock clk_div_sel_0_s  {rise@0.000ns fall@16.000ns period=32.000ns})
  Path Group:             **async_default**
  Path Type:              Removal (Min at Fast Process Corner)
  Requirement:            0.000ns  (clk_div_sel_0_s rise@0.000ns - clk_div_sel_0_s rise@0.000ns)
  Data Path Delay:        0.584ns  (logic 0.210ns (35.936%)  route 0.374ns (64.064%))
  Logic Levels:           1  (LUT1=1)
  Clock Path Skew:        0.032ns (DCD - SCD - CPR)
    Destination Clock Delay (DCD):    4.183ns
    Source Clock Delay      (SCD):    3.320ns
    Clock Pessimism Removal (CPR):    0.831ns

    Location             Delay type                Incr(ns)  Path(ns)    Netlist Resource(s)
  -------------------------------------------------------------------    -------------------
                         (clock clk_div_sel_0_s rise edge)
                                                      0.000     0.000 r  
    K17                                               0.000     0.000 r  rx_clk_in_p (IN)
                         net (fo=0)                   0.000     0.000    i_system_wrapper/system_i/axi_ad9361/inst/i_dev_if/i_clk/rx_clk_in_p
    K17                  IBUFDS (Prop_ibufds_I_O)     0.372     0.372 r  i_system_wrapper/system_i/axi_ad9361/inst/i_dev_if/i_clk/i_rx_clk_ibuf/O
                         net (fo=1, routed)           0.842     1.213    i_system_wrapper/system_i/axi_ad9361/inst/i_dev_if/i_clk/clk_ibuf_s
    BUFGCTRL_X0Y17       BUFG (Prop_bufg_I_O)         0.027     1.240 r  i_system_wrapper/system_i/axi_ad9361/inst/i_dev_if/i_clk/i_clk_gbuf/O
                         net (fo=6152, routed)        0.766     2.006    i_system_wrapper/system_i/util_ad9361_divclk/inst/clk
    BUFR_X1Y9            BUFR (Prop_bufr_I_O)         0.270     2.276 r  i_system_wrapper/system_i/util_ad9361_divclk/inst/clk_divide_sel_0/O
                         net (fo=1, routed)           0.462     2.738    i_system_wrapper/system_i/util_ad9361_divclk/inst/clk_div_sel_0_s
    BUFGCTRL_X0Y19       BUFGCTRL (Prop_bufgctrl_I0_O)
                                                      0.026     2.764 r  i_system_wrapper/system_i/util_ad9361_divclk/inst/i_div_clk_gbuf/O
                         net (fo=616, routed)         0.557     3.320    i_system_wrapper/system_i/util_ad9361_divclk_reset/U0/slowest_sync_clk
    SLICE_X46Y52         FDRE                                         r  i_system_wrapper/system_i/util_ad9361_divclk_reset/U0/ACTIVE_LOW_PR_OUT_DFF[0].FDRE_PER_N/C
  -------------------------------------------------------------------    -------------------
    SLICE_X46Y52         FDRE (Prop_fdre_C_Q)         0.164     3.484 r  i_system_wrapper/system_i/util_ad9361_divclk_reset/U0/ACTIVE_LOW_PR_OUT_DFF[0].FDRE_PER_N/Q
                         net (fo=2, routed)           0.197     3.682    i_system_wrapper/system_i/util_ad9361_adc_fifo/inst/dout_rstn
    SLICE_X43Y52         LUT1 (Prop_lut1_I0_O)        0.046     3.728 f  i_system_wrapper/system_i/util_ad9361_adc_fifo/inst/dout_enable[0]_i_1/O
                         net (fo=24, routed)          0.177     3.905    i_system_wrapper/system_i/util_ad9361_adc_fifo/inst/dout_enable[0]_i_1_n_0
    SLICE_X43Y58         FDCE                                         f  i_system_wrapper/system_i/util_ad9361_adc_fifo/inst/dout_enable_m1_reg[1]/CLR
  -------------------------------------------------------------------    -------------------

                         (clock clk_div_sel_0_s rise edge)
                                                      0.000     0.000 r  
    K17                                               0.000     0.000 r  rx_clk_in_p (IN)
                         net (fo=0)                   0.000     0.000    i_system_wrapper/system_i/axi_ad9361/inst/i_dev_if/i_clk/rx_clk_in_p
    K17                  IBUFDS (Prop_ibufds_I_O)     0.407     0.407 r  i_system_wrapper/system_i/axi_ad9361/inst/i_dev_if/i_clk/i_rx_clk_ibuf/O
                         net (fo=1, routed)           0.907     1.314    i_system_wrapper/system_i/axi_ad9361/inst/i_dev_if/i_clk/clk_ibuf_s
    BUFGCTRL_X0Y17       BUFG (Prop_bufg_I_O)         0.030     1.344 r  i_system_wrapper/system_i/axi_ad9361/inst/i_dev_if/i_clk/i_clk_gbuf/O
                         net (fo=6152, routed)        1.049     2.392    i_system_wrapper/system_i/util_ad9361_divclk/inst/clk
    BUFR_X1Y9            BUFR (Prop_bufr_I_O)         0.431     2.823 r  i_system_wrapper/system_i/util_ad9361_divclk/inst/clk_divide_sel_0/O
                         net (fo=1, routed)           0.508     3.331    i_system_wrapper/system_i/util_ad9361_divclk/inst/clk_div_sel_0_s
    BUFGCTRL_X0Y19       BUFGCTRL (Prop_bufgctrl_I0_O)
                                                      0.029     3.360 r  i_system_wrapper/system_i/util_ad9361_divclk/inst/i_div_clk_gbuf/O
                         net (fo=616, routed)         0.823     4.183    i_system_wrapper/system_i/util_ad9361_adc_fifo/inst/dout_clk
    SLICE_X43Y58         FDCE                                         r  i_system_wrapper/system_i/util_ad9361_adc_fifo/inst/dout_enable_m1_reg[1]/C
                         clock pessimism             -0.831     3.352    
    SLICE_X43Y58         FDCE (Remov_fdce_C_CLR)     -0.154     3.198    i_system_wrapper/system_i/util_ad9361_adc_fifo/inst/dout_enable_m1_reg[1]
  -------------------------------------------------------------------
                         required time                         -3.198    
                         arrival time                           3.905    
  -------------------------------------------------------------------
                         slack                                  0.706    





---------------------------------------------------------------------------------------------------
Path Group:  **async_default**
From Clock:  clk_div_sel_1_s
  To Clock:  clk_div_sel_1_s

Setup :            0  Failing Endpoints,  Worst Slack       12.327ns,  Total Violation        0.000ns
Hold  :            0  Failing Endpoints,  Worst Slack        0.706ns,  Total Violation        0.000ns
---------------------------------------------------------------------------------------------------


Max Delay Paths
--------------------------------------------------------------------------------------
Slack (MET) :             12.327ns  (required time - arrival time)
  Source:                 i_system_wrapper/system_i/util_ad9361_divclk_reset/U0/ACTIVE_LOW_PR_OUT_DFF[0].FDRE_PER_N/C
                            (rising edge-triggered cell FDRE clocked by clk_div_sel_1_s  {rise@0.000ns fall@8.000ns period=16.000ns})
  Destination:            i_system_wrapper/system_i/axi_ad9361_dac_fifo/inst/din_waddr_reg[1]/CLR
                            (recovery check against rising-edge clock clk_div_sel_1_s  {rise@0.000ns fall@8.000ns period=16.000ns})
  Path Group:             **async_default**
  Path Type:              Recovery (Max at Slow Process Corner)
  Requirement:            16.000ns  (clk_div_sel_1_s rise@16.000ns - clk_div_sel_1_s rise@0.000ns)
  Data Path Delay:        3.216ns  (logic 0.642ns (19.961%)  route 2.574ns (80.039%))
  Logic Levels:           1  (LUT1=1)
  Clock Path Skew:        -0.060ns (DCD - SCD + CPR)
    Destination Clock Delay (DCD):    8.910ns = ( 24.910 - 16.000 ) 
    Source Clock Delay      (SCD):    9.838ns
    Clock Pessimism Removal (CPR):    0.869ns
  Clock Uncertainty:      0.035ns  ((TSJ^2 + TIJ^2)^1/2 + DJ) / 2 + PE
    Total System Jitter     (TSJ):    0.071ns
    Total Input Jitter      (TIJ):    0.000ns
    Discrete Jitter          (DJ):    0.000ns
    Phase Error              (PE):    0.000ns

    Location             Delay type                Incr(ns)  Path(ns)    Netlist Resource(s)
  -------------------------------------------------------------------    -------------------
                         (clock clk_div_sel_1_s rise edge)
                                                      0.000     0.000 r  
    K17                                               0.000     0.000 r  rx_clk_in_p (IN)
                         net (fo=0)                   0.000     0.000    i_system_wrapper/system_i/axi_ad9361/inst/i_dev_if/i_clk/rx_clk_in_p
    K17                  IBUFDS (Prop_ibufds_I_O)     0.944     0.944 r  i_system_wrapper/system_i/axi_ad9361/inst/i_dev_if/i_clk/i_rx_clk_ibuf/O
                         net (fo=1, routed)           2.522     3.466    i_system_wrapper/system_i/axi_ad9361/inst/i_dev_if/i_clk/clk_ibuf_s
    BUFGCTRL_X0Y17       BUFG (Prop_bufg_I_O)         0.102     3.568 r  i_system_wrapper/system_i/axi_ad9361/inst/i_dev_if/i_clk/i_clk_gbuf/O
                         net (fo=6152, routed)        2.225     5.792    i_system_wrapper/system_i/util_ad9361_divclk/inst/clk
    BUFR_X1Y8            BUFR (Prop_bufr_I_O)         1.031     6.823 r  i_system_wrapper/system_i/util_ad9361_divclk/inst/clk_divide_sel_1/O
                         net (fo=1, routed)           1.262     8.085    i_system_wrapper/system_i/util_ad9361_divclk/inst/clk_div_sel_1_s
    BUFGCTRL_X0Y19       BUFGCTRL (Prop_bufgctrl_I1_O)
                                                      0.101     8.186 r  i_system_wrapper/system_i/util_ad9361_divclk/inst/i_div_clk_gbuf/O
                         net (fo=616, routed)         1.652     9.838    i_system_wrapper/system_i/util_ad9361_divclk_reset/U0/slowest_sync_clk
    SLICE_X46Y52         FDRE                                         r  i_system_wrapper/system_i/util_ad9361_divclk_reset/U0/ACTIVE_LOW_PR_OUT_DFF[0].FDRE_PER_N/C
  -------------------------------------------------------------------    -------------------
    SLICE_X46Y52         FDRE (Prop_fdre_C_Q)         0.518    10.356 r  i_system_wrapper/system_i/util_ad9361_divclk_reset/U0/ACTIVE_LOW_PR_OUT_DFF[0].FDRE_PER_N/Q
                         net (fo=2, routed)           0.586    10.943    i_system_wrapper/system_i/axi_ad9361_dac_fifo/inst/din_rstn
    SLICE_X43Y52         LUT1 (Prop_lut1_I0_O)        0.124    11.067 f  i_system_wrapper/system_i/axi_ad9361_dac_fifo/inst/din_enable[0]_i_1/O
                         net (fo=28, routed)          1.988    13.055    i_system_wrapper/system_i/axi_ad9361_dac_fifo/inst/din_enable[0]_i_1_n_0
    SLICE_X32Y58         FDCE                                         f  i_system_wrapper/system_i/axi_ad9361_dac_fifo/inst/din_waddr_reg[1]/CLR
  -------------------------------------------------------------------    -------------------

                         (clock clk_div_sel_1_s rise edge)
                                                     16.000    16.000 r  
    K17                                               0.000    16.000 r  rx_clk_in_p (IN)
                         net (fo=0)                   0.000    16.000    i_system_wrapper/system_i/axi_ad9361/inst/i_dev_if/i_clk/rx_clk_in_p
    K17                  IBUFDS (Prop_ibufds_I_O)     0.900    16.900 r  i_system_wrapper/system_i/axi_ad9361/inst/i_dev_if/i_clk/i_rx_clk_ibuf/O
                         net (fo=1, routed)           2.293    19.193    i_system_wrapper/system_i/axi_ad9361/inst/i_dev_if/i_clk/clk_ibuf_s
    BUFGCTRL_X0Y17       BUFG (Prop_bufg_I_O)         0.092    19.285 r  i_system_wrapper/system_i/axi_ad9361/inst/i_dev_if/i_clk/i_clk_gbuf/O
                         net (fo=6152, routed)        1.993    21.278    i_system_wrapper/system_i/util_ad9361_divclk/inst/clk
    BUFR_X1Y8            BUFR (Prop_bufr_I_O)         0.918    22.196 r  i_system_wrapper/system_i/util_ad9361_divclk/inst/clk_divide_sel_1/O
                         net (fo=1, routed)           1.145    23.341    i_system_wrapper/system_i/util_ad9361_divclk/inst/clk_div_sel_1_s
    BUFGCTRL_X0Y19       BUFGCTRL (Prop_bufgctrl_I1_O)
                                                      0.091    23.432 r  i_system_wrapper/system_i/util_ad9361_divclk/inst/i_div_clk_gbuf/O
                         net (fo=616, routed)         1.478    24.910    i_system_wrapper/system_i/axi_ad9361_dac_fifo/inst/din_clk
    SLICE_X32Y58         FDCE                                         r  i_system_wrapper/system_i/axi_ad9361_dac_fifo/inst/din_waddr_reg[1]/C
                         clock pessimism              0.869    25.778    
                         clock uncertainty           -0.035    25.743    
    SLICE_X32Y58         FDCE (Recov_fdce_C_CLR)     -0.361    25.382    i_system_wrapper/system_i/axi_ad9361_dac_fifo/inst/din_waddr_reg[1]
  -------------------------------------------------------------------
                         required time                         25.382    
                         arrival time                         -13.055    
  -------------------------------------------------------------------
                         slack                                 12.327    





Min Delay Paths
--------------------------------------------------------------------------------------
Slack (MET) :             0.706ns  (arrival time - required time)
  Source:                 i_system_wrapper/system_i/util_ad9361_divclk_reset/U0/ACTIVE_LOW_PR_OUT_DFF[0].FDRE_PER_N/C
                            (rising edge-triggered cell FDRE clocked by clk_div_sel_1_s  {rise@0.000ns fall@8.000ns period=16.000ns})
  Destination:            i_system_wrapper/system_i/util_ad9361_adc_fifo/inst/dout_enable_m1_reg[1]/CLR
                            (removal check against rising-edge clock clk_div_sel_1_s  {rise@0.000ns fall@8.000ns period=16.000ns})
  Path Group:             **async_default**
  Path Type:              Removal (Min at Fast Process Corner)
  Requirement:            0.000ns  (clk_div_sel_1_s rise@0.000ns - clk_div_sel_1_s rise@0.000ns)
  Data Path Delay:        0.584ns  (logic 0.210ns (35.936%)  route 0.374ns (64.064%))
  Logic Levels:           1  (LUT1=1)
  Clock Path Skew:        0.032ns (DCD - SCD - CPR)
    Destination Clock Delay (DCD):    4.183ns
    Source Clock Delay      (SCD):    3.320ns
    Clock Pessimism Removal (CPR):    0.831ns

    Location             Delay type                Incr(ns)  Path(ns)    Netlist Resource(s)
  -------------------------------------------------------------------    -------------------
                         (clock clk_div_sel_1_s rise edge)
                                                      0.000     0.000 r  
    K17                                               0.000     0.000 r  rx_clk_in_p (IN)
                         net (fo=0)                   0.000     0.000    i_system_wrapper/system_i/axi_ad9361/inst/i_dev_if/i_clk/rx_clk_in_p
    K17                  IBUFDS (Prop_ibufds_I_O)     0.372     0.372 r  i_system_wrapper/system_i/axi_ad9361/inst/i_dev_if/i_clk/i_rx_clk_ibuf/O
                         net (fo=1, routed)           0.842     1.213    i_system_wrapper/system_i/axi_ad9361/inst/i_dev_if/i_clk/clk_ibuf_s
    BUFGCTRL_X0Y17       BUFG (Prop_bufg_I_O)         0.027     1.240 r  i_system_wrapper/system_i/axi_ad9361/inst/i_dev_if/i_clk/i_clk_gbuf/O
                         net (fo=6152, routed)        0.766     2.006    i_system_wrapper/system_i/util_ad9361_divclk/inst/clk
    BUFR_X1Y8            BUFR (Prop_bufr_I_O)         0.270     2.276 r  i_system_wrapper/system_i/util_ad9361_divclk/inst/clk_divide_sel_1/O
                         net (fo=1, routed)           0.462     2.738    i_system_wrapper/system_i/util_ad9361_divclk/inst/clk_div_sel_1_s
    BUFGCTRL_X0Y19       BUFGCTRL (Prop_bufgctrl_I1_O)
                                                      0.026     2.764 r  i_system_wrapper/system_i/util_ad9361_divclk/inst/i_div_clk_gbuf/O
                         net (fo=616, routed)         0.557     3.320    i_system_wrapper/system_i/util_ad9361_divclk_reset/U0/slowest_sync_clk
    SLICE_X46Y52         FDRE                                         r  i_system_wrapper/system_i/util_ad9361_divclk_reset/U0/ACTIVE_LOW_PR_OUT_DFF[0].FDRE_PER_N/C
  -------------------------------------------------------------------    -------------------
    SLICE_X46Y52         FDRE (Prop_fdre_C_Q)         0.164     3.484 r  i_system_wrapper/system_i/util_ad9361_divclk_reset/U0/ACTIVE_LOW_PR_OUT_DFF[0].FDRE_PER_N/Q
                         net (fo=2, routed)           0.197     3.682    i_system_wrapper/system_i/util_ad9361_adc_fifo/inst/dout_rstn
    SLICE_X43Y52         LUT1 (Prop_lut1_I0_O)        0.046     3.728 f  i_system_wrapper/system_i/util_ad9361_adc_fifo/inst/dout_enable[0]_i_1/O
                         net (fo=24, routed)          0.177     3.905    i_system_wrapper/system_i/util_ad9361_adc_fifo/inst/dout_enable[0]_i_1_n_0
    SLICE_X43Y58         FDCE                                         f  i_system_wrapper/system_i/util_ad9361_adc_fifo/inst/dout_enable_m1_reg[1]/CLR
  -------------------------------------------------------------------    -------------------

                         (clock clk_div_sel_1_s rise edge)
                                                      0.000     0.000 r  
    K17                                               0.000     0.000 r  rx_clk_in_p (IN)
                         net (fo=0)                   0.000     0.000    i_system_wrapper/system_i/axi_ad9361/inst/i_dev_if/i_clk/rx_clk_in_p
    K17                  IBUFDS (Prop_ibufds_I_O)     0.407     0.407 r  i_system_wrapper/system_i/axi_ad9361/inst/i_dev_if/i_clk/i_rx_clk_ibuf/O
                         net (fo=1, routed)           0.907     1.314    i_system_wrapper/system_i/axi_ad9361/inst/i_dev_if/i_clk/clk_ibuf_s
    BUFGCTRL_X0Y17       BUFG (Prop_bufg_I_O)         0.030     1.344 r  i_system_wrapper/system_i/axi_ad9361/inst/i_dev_if/i_clk/i_clk_gbuf/O
                         net (fo=6152, routed)        1.049     2.392    i_system_wrapper/system_i/util_ad9361_divclk/inst/clk
    BUFR_X1Y8            BUFR (Prop_bufr_I_O)         0.431     2.823 r  i_system_wrapper/system_i/util_ad9361_divclk/inst/clk_divide_sel_1/O
                         net (fo=1, routed)           0.508     3.331    i_system_wrapper/system_i/util_ad9361_divclk/inst/clk_div_sel_1_s
    BUFGCTRL_X0Y19       BUFGCTRL (Prop_bufgctrl_I1_O)
                                                      0.029     3.360 r  i_system_wrapper/system_i/util_ad9361_divclk/inst/i_div_clk_gbuf/O
                         net (fo=616, routed)         0.823     4.183    i_system_wrapper/system_i/util_ad9361_adc_fifo/inst/dout_clk
    SLICE_X43Y58         FDCE                                         r  i_system_wrapper/system_i/util_ad9361_adc_fifo/inst/dout_enable_m1_reg[1]/C
                         clock pessimism             -0.831     3.352    
    SLICE_X43Y58         FDCE (Remov_fdce_C_CLR)     -0.154     3.198    i_system_wrapper/system_i/util_ad9361_adc_fifo/inst/dout_enable_m1_reg[1]
  -------------------------------------------------------------------
                         required time                         -3.198    
                         arrival time                           3.905    
  -------------------------------------------------------------------
                         slack                                  0.706    





---------------------------------------------------------------------------------------------------
Path Group:  **async_default**
From Clock:  clk_fpga_0
  To Clock:  clk_fpga_0

Setup :            0  Failing Endpoints,  Worst Slack        2.485ns,  Total Violation        0.000ns
Hold  :            0  Failing Endpoints,  Worst Slack        1.870ns,  Total Violation        0.000ns
---------------------------------------------------------------------------------------------------


Max Delay Paths
--------------------------------------------------------------------------------------
Slack (MET) :             2.485ns  (required time - arrival time)
  Source:                 i_system_wrapper/system_i/sys_rstgen/U0/ACTIVE_LOW_PR_OUT_DFF[0].FDRE_PER_N/C
                            (rising edge-triggered cell FDRE clocked by clk_fpga_0  {rise@0.000ns fall@5.000ns period=10.000ns})
  Destination:            i_system_wrapper/system_i/axi_ad9361/inst/i_tx/i_tx_channel_1/i_up_dac_channel/up_dac_dds_scale_2_reg[4]/CLR
                            (recovery check against rising-edge clock clk_fpga_0  {rise@0.000ns fall@5.000ns period=10.000ns})
  Path Group:             **async_default**
  Path Type:              Recovery (Max at Slow Process Corner)
  Requirement:            10.000ns  (clk_fpga_0 rise@10.000ns - clk_fpga_0 rise@0.000ns)
  Data Path Delay:        6.343ns  (logic 0.609ns (9.601%)  route 5.734ns (90.399%))
  Logic Levels:           1  (LUT1=1)
  Clock Path Skew:        -0.410ns (DCD - SCD + CPR)
    Destination Clock Delay (DCD):    2.720ns = ( 12.720 - 10.000 ) 
    Source Clock Delay      (SCD):    3.259ns
    Clock Pessimism Removal (CPR):    0.129ns
  Clock Uncertainty:      0.154ns  ((TSJ^2 + TIJ^2)^1/2 + DJ) / 2 + PE
    Total System Jitter     (TSJ):    0.071ns
    Total Input Jitter      (TIJ):    0.300ns
    Discrete Jitter          (DJ):    0.000ns
    Phase Error              (PE):    0.000ns

    Location             Delay type                Incr(ns)  Path(ns)    Netlist Resource(s)
  -------------------------------------------------------------------    -------------------
                         (clock clk_fpga_0 rise edge)
                                                      0.000     0.000 r  
    PS7_X0Y0             PS7                          0.000     0.000 r  i_system_wrapper/system_i/sys_ps7/inst/PS7_i/FCLKCLK[0]
                         net (fo=1, routed)           1.193     1.193    i_system_wrapper/system_i/sys_ps7/inst/FCLK_CLK_unbuffered[0]
    BUFGCTRL_X0Y16       BUFG (Prop_bufg_I_O)         0.101     1.294 r  i_system_wrapper/system_i/sys_ps7/inst/buffer_fclk_clk_0.FCLK_CLK_0_BUFG/O
                         net (fo=6833, routed)        1.965     3.259    i_system_wrapper/system_i/sys_rstgen/U0/slowest_sync_clk
    SLICE_X97Y131        FDRE                                         r  i_system_wrapper/system_i/sys_rstgen/U0/ACTIVE_LOW_PR_OUT_DFF[0].FDRE_PER_N/C
  -------------------------------------------------------------------    -------------------
    SLICE_X97Y131        FDRE (Prop_fdre_C_Q)         0.456     3.715 r  i_system_wrapper/system_i/sys_rstgen/U0/ACTIVE_LOW_PR_OUT_DFF[0].FDRE_PER_N/Q
                         net (fo=101, routed)         1.283     4.998    i_system_wrapper/system_i/axi_ad9361/inst/i_tx/i_tx_channel_1/i_up_dac_channel/i_xfer_cntrl/s_axi_aresetn
    SLICE_X106Y135       LUT1 (Prop_lut1_I0_O)        0.153     5.151 f  i_system_wrapper/system_i/axi_ad9361/inst/i_tx/i_tx_channel_1/i_up_dac_channel/i_xfer_cntrl/up_axi_awready_int_i_1/O
                         net (fo=3596, routed)        4.451     9.602    i_system_wrapper/system_i/axi_ad9361/inst/i_tx/i_tx_channel_1/i_up_dac_channel/SR[0]
    SLICE_X64Y94         FDCE                                         f  i_system_wrapper/system_i/axi_ad9361/inst/i_tx/i_tx_channel_1/i_up_dac_channel/up_dac_dds_scale_2_reg[4]/CLR
  -------------------------------------------------------------------    -------------------

                         (clock clk_fpga_0 rise edge)
                                                     10.000    10.000 r  
    PS7_X0Y0             PS7                          0.000    10.000 r  i_system_wrapper/system_i/sys_ps7/inst/PS7_i/FCLKCLK[0]
                         net (fo=1, routed)           1.088    11.088    i_system_wrapper/system_i/sys_ps7/inst/FCLK_CLK_unbuffered[0]
    BUFGCTRL_X0Y16       BUFG (Prop_bufg_I_O)         0.091    11.179 r  i_system_wrapper/system_i/sys_ps7/inst/buffer_fclk_clk_0.FCLK_CLK_0_BUFG/O
                         net (fo=6833, routed)        1.541    12.720    i_system_wrapper/system_i/axi_ad9361/inst/i_tx/i_tx_channel_1/i_up_dac_channel/s_axi_aclk
    SLICE_X64Y94         FDCE                                         r  i_system_wrapper/system_i/axi_ad9361/inst/i_tx/i_tx_channel_1/i_up_dac_channel/up_dac_dds_scale_2_reg[4]/C
                         clock pessimism              0.129    12.849    
                         clock uncertainty           -0.154    12.695    
    SLICE_X64Y94         FDCE (Recov_fdce_C_CLR)     -0.608    12.087    i_system_wrapper/system_i/axi_ad9361/inst/i_tx/i_tx_channel_1/i_up_dac_channel/up_dac_dds_scale_2_reg[4]
  -------------------------------------------------------------------
                         required time                         12.087    
                         arrival time                          -9.602    
  -------------------------------------------------------------------
                         slack                                  2.485    





Min Delay Paths
--------------------------------------------------------------------------------------
Slack (MET) :             1.870ns  (arrival time - required time)
  Source:                 i_system_wrapper/system_i/sys_rstgen/U0/ACTIVE_LOW_PR_OUT_DFF[0].FDRE_PER_N/C
                            (rising edge-triggered cell FDRE clocked by clk_fpga_0  {rise@0.000ns fall@5.000ns period=10.000ns})
  Destination:            i_system_wrapper/system_i/axi_ad9361/inst/i_tx/i_up_dac_common/up_dac_datarate_reg[0]/CLR
                            (removal check against rising-edge clock clk_fpga_0  {rise@0.000ns fall@5.000ns period=10.000ns})
  Path Group:             **async_default**
  Path Type:              Removal (Min at Fast Process Corner)
  Requirement:            0.000ns  (clk_fpga_0 rise@0.000ns - clk_fpga_0 rise@0.000ns)
  Data Path Delay:        1.770ns  (logic 0.183ns (10.340%)  route 1.587ns (89.660%))
  Logic Levels:           1  (LUT1=1)
  Clock Path Skew:        0.032ns (DCD - SCD - CPR)
    Destination Clock Delay (DCD):    1.318ns
    Source Clock Delay      (SCD):    1.018ns
    Clock Pessimism Removal (CPR):    0.268ns

    Location             Delay type                Incr(ns)  Path(ns)    Netlist Resource(s)
  -------------------------------------------------------------------    -------------------
                         (clock clk_fpga_0 rise edge)
                                                      0.000     0.000 r  
    PS7_X0Y0             PS7                          0.000     0.000 r  i_system_wrapper/system_i/sys_ps7/inst/PS7_i/FCLKCLK[0]
                         net (fo=1, routed)           0.310     0.310    i_system_wrapper/system_i/sys_ps7/inst/FCLK_CLK_unbuffered[0]
    BUFGCTRL_X0Y16       BUFG (Prop_bufg_I_O)         0.026     0.336 r  i_system_wrapper/system_i/sys_ps7/inst/buffer_fclk_clk_0.FCLK_CLK_0_BUFG/O
                         net (fo=6833, routed)        0.682     1.018    i_system_wrapper/system_i/sys_rstgen/U0/slowest_sync_clk
    SLICE_X97Y131        FDRE                                         r  i_system_wrapper/system_i/sys_rstgen/U0/ACTIVE_LOW_PR_OUT_DFF[0].FDRE_PER_N/C
  -------------------------------------------------------------------    -------------------
    SLICE_X97Y131        FDRE (Prop_fdre_C_Q)         0.141     1.159 r  i_system_wrapper/system_i/sys_rstgen/U0/ACTIVE_LOW_PR_OUT_DFF[0].FDRE_PER_N/Q
                         net (fo=101, routed)         0.546     1.705    i_system_wrapper/system_i/axi_ad9361/inst/i_tx/i_tx_channel_1/i_up_dac_channel/i_xfer_cntrl/s_axi_aresetn
    SLICE_X106Y135       LUT1 (Prop_lut1_I0_O)        0.042     1.747 f  i_system_wrapper/system_i/axi_ad9361/inst/i_tx/i_tx_channel_1/i_up_dac_channel/i_xfer_cntrl/up_axi_awready_int_i_1/O
                         net (fo=3596, routed)        1.040     2.788    i_system_wrapper/system_i/axi_ad9361/inst/i_tx/i_up_dac_common/up_xfer_toggle_m1_reg[0]
    SLICE_X90Y119        FDCE                                         f  i_system_wrapper/system_i/axi_ad9361/inst/i_tx/i_up_dac_common/up_dac_datarate_reg[0]/CLR
  -------------------------------------------------------------------    -------------------

                         (clock clk_fpga_0 rise edge)
                                                      0.000     0.000 r  
    PS7_X0Y0             PS7                          0.000     0.000 r  i_system_wrapper/system_i/sys_ps7/inst/PS7_i/FCLKCLK[0]
                         net (fo=1, routed)           0.337     0.337    i_system_wrapper/system_i/sys_ps7/inst/FCLK_CLK_unbuffered[0]
    BUFGCTRL_X0Y16       BUFG (Prop_bufg_I_O)         0.029     0.366 r  i_system_wrapper/system_i/sys_ps7/inst/buffer_fclk_clk_0.FCLK_CLK_0_BUFG/O
                         net (fo=6833, routed)        0.952     1.318    i_system_wrapper/system_i/axi_ad9361/inst/i_tx/i_up_dac_common/s_axi_aclk
    SLICE_X90Y119        FDCE                                         r  i_system_wrapper/system_i/axi_ad9361/inst/i_tx/i_up_dac_common/up_dac_datarate_reg[0]/C
                         clock pessimism             -0.268     1.050    
    SLICE_X90Y119        FDCE (Remov_fdce_C_CLR)     -0.132     0.918    i_system_wrapper/system_i/axi_ad9361/inst/i_tx/i_up_dac_common/up_dac_datarate_reg[0]
  -------------------------------------------------------------------
                         required time                         -0.918    
                         arrival time                           2.788    
  -------------------------------------------------------------------
                         slack                                  1.870    





---------------------------------------------------------------------------------------------------
Path Group:  **async_default**
From Clock:  rx_clk
  To Clock:  rx_clk

Setup :            0  Failing Endpoints,  Worst Slack        1.813ns,  Total Violation        0.000ns
Hold  :            0  Failing Endpoints,  Worst Slack        0.424ns,  Total Violation        0.000ns
---------------------------------------------------------------------------------------------------


Max Delay Paths
--------------------------------------------------------------------------------------
Slack (MET) :             1.813ns  (required time - arrival time)
  Source:                 i_system_wrapper/system_i/axi_ad9361/inst/i_tx/i_up_dac_common/i_xfer_cntrl/d_data_cntrl_int_reg[0]/C
                            (rising edge-triggered cell FDCE clocked by rx_clk  {rise@0.000ns fall@4.000ns period=8.000ns})
  Destination:            i_system_wrapper/system_i/axi_ad9361/inst/i_tx/i_tx_channel_1/i_up_dac_channel/i_xfer_cntrl/d_data_cntrl_int_reg[197]/CLR
                            (recovery check against rising-edge clock rx_clk  {rise@0.000ns fall@4.000ns period=8.000ns})
  Path Group:             **async_default**
  Path Type:              Recovery (Max at Slow Process Corner)
  Requirement:            8.000ns  (rx_clk rise@8.000ns - rx_clk rise@0.000ns)
  Data Path Delay:        5.331ns  (logic 0.642ns (12.044%)  route 4.689ns (87.956%))
  Logic Levels:           1  (LUT1=1)
  Clock Path Skew:        -0.416ns (DCD - SCD + CPR)
    Destination Clock Delay (DCD):    4.819ns = ( 12.819 - 8.000 ) 
    Source Clock Delay      (SCD):    5.532ns
    Clock Pessimism Removal (CPR):    0.296ns
  Clock Uncertainty:      0.035ns  ((TSJ^2 + TIJ^2)^1/2 + DJ) / 2 + PE
    Total System Jitter     (TSJ):    0.071ns
    Total Input Jitter      (TIJ):    0.000ns
    Discrete Jitter          (DJ):    0.000ns
    Phase Error              (PE):    0.000ns

    Location             Delay type                Incr(ns)  Path(ns)    Netlist Resource(s)
  -------------------------------------------------------------------    -------------------
                         (clock rx_clk rise edge)     0.000     0.000 r  
    K17                                               0.000     0.000 r  rx_clk_in_p (IN)
                         net (fo=0)                   0.000     0.000    i_system_wrapper/system_i/axi_ad9361/inst/i_dev_if/i_clk/rx_clk_in_p
    K17                  IBUFDS (Prop_ibufds_I_O)     0.944     0.944 r  i_system_wrapper/system_i/axi_ad9361/inst/i_dev_if/i_clk/i_rx_clk_ibuf/O
                         net (fo=1, routed)           2.522     3.466    i_system_wrapper/system_i/axi_ad9361/inst/i_dev_if/i_clk/clk_ibuf_s
    BUFGCTRL_X0Y17       BUFG (Prop_bufg_I_O)         0.102     3.568 r  i_system_wrapper/system_i/axi_ad9361/inst/i_dev_if/i_clk/i_clk_gbuf/O
                         net (fo=6152, routed)        1.964     5.532    i_system_wrapper/system_i/axi_ad9361/inst/i_tx/i_up_dac_common/i_xfer_cntrl/clk
    SLICE_X90Y117        FDCE                                         r  i_system_wrapper/system_i/axi_ad9361/inst/i_tx/i_up_dac_common/i_xfer_cntrl/d_data_cntrl_int_reg[0]/C
  -------------------------------------------------------------------    -------------------
    SLICE_X90Y117        FDCE (Prop_fdce_C_Q)         0.518     6.050 r  i_system_wrapper/system_i/axi_ad9361/inst/i_tx/i_up_dac_common/i_xfer_cntrl/d_data_cntrl_int_reg[0]/Q
                         net (fo=1, routed)           0.521     6.571    i_system_wrapper/system_i/axi_ad9361/inst/i_tx/i_up_dac_common/i_xfer_cntrl/d_data_cntrl_int_reg_n_0_[0]
    SLICE_X90Y117        LUT1 (Prop_lut1_I0_O)        0.124     6.695 f  i_system_wrapper/system_i/axi_ad9361/inst/i_tx/i_up_dac_common/i_xfer_cntrl/d_data_cntrl_int[237]_i_2/O
                         net (fo=338, routed)         4.167    10.862    i_system_wrapper/system_i/axi_ad9361/inst/i_tx/i_tx_channel_1/i_up_dac_channel/i_xfer_cntrl/dac_rst
    SLICE_X60Y84         FDCE                                         f  i_system_wrapper/system_i/axi_ad9361/inst/i_tx/i_tx_channel_1/i_up_dac_channel/i_xfer_cntrl/d_data_cntrl_int_reg[197]/CLR
  -------------------------------------------------------------------    -------------------

                         (clock rx_clk rise edge)     8.000     8.000 r  
    K17                                               0.000     8.000 r  rx_clk_in_p (IN)
                         net (fo=0)                   0.000     8.000    i_system_wrapper/system_i/axi_ad9361/inst/i_dev_if/i_clk/rx_clk_in_p
    K17                  IBUFDS (Prop_ibufds_I_O)     0.900     8.900 r  i_system_wrapper/system_i/axi_ad9361/inst/i_dev_if/i_clk/i_rx_clk_ibuf/O
                         net (fo=1, routed)           2.293    11.193    i_system_wrapper/system_i/axi_ad9361/inst/i_dev_if/i_clk/clk_ibuf_s
    BUFGCTRL_X0Y17       BUFG (Prop_bufg_I_O)         0.092    11.285 r  i_system_wrapper/system_i/axi_ad9361/inst/i_dev_if/i_clk/i_clk_gbuf/O
                         net (fo=6152, routed)        1.534    12.819    i_system_wrapper/system_i/axi_ad9361/inst/i_tx/i_tx_channel_1/i_up_dac_channel/i_xfer_cntrl/clk
    SLICE_X60Y84         FDCE                                         r  i_system_wrapper/system_i/axi_ad9361/inst/i_tx/i_tx_channel_1/i_up_dac_channel/i_xfer_cntrl/d_data_cntrl_int_reg[197]/C
                         clock pessimism              0.296    13.116    
                         clock uncertainty           -0.035    13.080    
    SLICE_X60Y84         FDCE (Recov_fdce_C_CLR)     -0.405    12.675    i_system_wrapper/system_i/axi_ad9361/inst/i_tx/i_tx_channel_1/i_up_dac_channel/i_xfer_cntrl/d_data_cntrl_int_reg[197]
  -------------------------------------------------------------------
                         required time                         12.675    
                         arrival time                         -10.862    
  -------------------------------------------------------------------
                         slack                                  1.813    





Min Delay Paths
--------------------------------------------------------------------------------------
Slack (MET) :             0.424ns  (arrival time - required time)
  Source:                 i_system_wrapper/system_i/axi_ad9361/inst/i_tx/i_up_dac_common/i_core_rst_reg/rst_reg/C
                            (rising edge-triggered cell FDRE clocked by rx_clk  {rise@0.000ns fall@4.000ns period=8.000ns})
  Destination:            i_system_wrapper/system_i/axi_ad9361/inst/i_tx/i_up_dac_common/i_clock_mon/d_count_run_m1_reg/CLR
                            (removal check against rising-edge clock rx_clk  {rise@0.000ns fall@4.000ns period=8.000ns})
  Path Group:             **async_default**
  Path Type:              Removal (Min at Fast Process Corner)
  Requirement:            0.000ns  (rx_clk rise@0.000ns - rx_clk rise@0.000ns)
  Data Path Delay:        0.364ns  (logic 0.141ns (38.770%)  route 0.223ns (61.230%))
  Logic Levels:           0  
  Clock Path Skew:        0.032ns (DCD - SCD - CPR)
    Destination Clock Delay (DCD):    2.267ns
    Source Clock Delay      (SCD):    1.893ns
    Clock Pessimism Removal (CPR):    0.341ns

    Location             Delay type                Incr(ns)  Path(ns)    Netlist Resource(s)
  -------------------------------------------------------------------    -------------------
                         (clock rx_clk rise edge)     0.000     0.000 r  
    K17                                               0.000     0.000 r  rx_clk_in_p (IN)
                         net (fo=0)                   0.000     0.000    i_system_wrapper/system_i/axi_ad9361/inst/i_dev_if/i_clk/rx_clk_in_p
    K17                  IBUFDS (Prop_ibufds_I_O)     0.372     0.372 r  i_system_wrapper/system_i/axi_ad9361/inst/i_dev_if/i_clk/i_rx_clk_ibuf/O
                         net (fo=1, routed)           0.842     1.213    i_system_wrapper/system_i/axi_ad9361/inst/i_dev_if/i_clk/clk_ibuf_s
    BUFGCTRL_X0Y17       BUFG (Prop_bufg_I_O)         0.027     1.240 r  i_system_wrapper/system_i/axi_ad9361/inst/i_dev_if/i_clk/i_clk_gbuf/O
                         net (fo=6152, routed)        0.653     1.893    i_system_wrapper/system_i/axi_ad9361/inst/i_tx/i_up_dac_common/i_core_rst_reg/clk
    SLICE_X84Y126        FDRE                                         r  i_system_wrapper/system_i/axi_ad9361/inst/i_tx/i_up_dac_common/i_core_rst_reg/rst_reg/C
  -------------------------------------------------------------------    -------------------
    SLICE_X84Y126        FDRE (Prop_fdre_C_Q)         0.141     2.034 f  i_system_wrapper/system_i/axi_ad9361/inst/i_tx/i_up_dac_common/i_core_rst_reg/rst_reg/Q
                         net (fo=42, routed)          0.223     2.257    i_system_wrapper/system_i/axi_ad9361/inst/i_tx/i_up_dac_common/i_clock_mon/AR[0]
    SLICE_X85Y123        FDCE                                         f  i_system_wrapper/system_i/axi_ad9361/inst/i_tx/i_up_dac_common/i_clock_mon/d_count_run_m1_reg/CLR
  -------------------------------------------------------------------    -------------------

                         (clock rx_clk rise edge)     0.000     0.000 r  
    K17                                               0.000     0.000 r  rx_clk_in_p (IN)
                         net (fo=0)                   0.000     0.000    i_system_wrapper/system_i/axi_ad9361/inst/i_dev_if/i_clk/rx_clk_in_p
    K17                  IBUFDS (Prop_ibufds_I_O)     0.407     0.407 r  i_system_wrapper/system_i/axi_ad9361/inst/i_dev_if/i_clk/i_rx_clk_ibuf/O
                         net (fo=1, routed)           0.907     1.314    i_system_wrapper/system_i/axi_ad9361/inst/i_dev_if/i_clk/clk_ibuf_s
    BUFGCTRL_X0Y17       BUFG (Prop_bufg_I_O)         0.030     1.344 r  i_system_wrapper/system_i/axi_ad9361/inst/i_dev_if/i_clk/i_clk_gbuf/O
                         net (fo=6152, routed)        0.923     2.267    i_system_wrapper/system_i/axi_ad9361/inst/i_tx/i_up_dac_common/i_clock_mon/clk
    SLICE_X85Y123        FDCE                                         r  i_system_wrapper/system_i/axi_ad9361/inst/i_tx/i_up_dac_common/i_clock_mon/d_count_run_m1_reg/C
                         clock pessimism             -0.341     1.925    
    SLICE_X85Y123        FDCE (Remov_fdce_C_CLR)     -0.092     1.833    i_system_wrapper/system_i/axi_ad9361/inst/i_tx/i_up_dac_common/i_clock_mon/d_count_run_m1_reg
  -------------------------------------------------------------------
                         required time                         -1.833    
                         arrival time                           2.257    
  -------------------------------------------------------------------
                         slack                                  0.424    





